question,category,ai_intent,ai_medical_relevance
New OPD appointment SP Verma mande ko,opd,scheduling,medium
Dermitology doctar,general,information_seeking,high
Mock test,general,information_seeking,medium
Hi I am a student..,general,greeting,high
opd of rent,opd,information_seeking,medium
Dr.urmila dhakad,general,information_seeking,high
Apointment lene ke liye kya kre,general,information_seeking,medium
How to download my biopsy report online,general,information_seeking,high
"Kal good friday hai, jo ki calander me gazzetted holiday dikha raha hai",general,scheduling,medium
Bmls course fee,fees,information_seeking,medium
Booking opd,opd,scheduling,high
list dr. of medicine department with experience,departments,information_seeking,high
My admit card provide my mail id surendra Pratap,general,information_seeking,high
Its better than nurshing or not,general,information_seeking,medium
Kya kal opd open rahega,opd,scheduling,high
How to download nursing staff admit card kgmu 2025,faculty,information_seeking,high
MHA exam???,exams,information_seeking,medium
Hi i need to see My husband in cardiology department,departments,navigation,high
result pharmacist,exams,information_seeking,high
Apply bsc nursing kgmu main training kay liye apply,courses,information_seeking,medium
Kgmu hospital me tof heart surgery ka prosses,departments,information_seeking,high
What the ot open tomorrow,general,information_seeking,high
Kya kgmu me contact base par pharmacist ki koi vacancy nikli hai jiski salary 40000 hajar per month hai,departments,information_seeking,medium
Bpt ka addmission kaise karwaye,general,information_seeking,high
After doing OPD registration online can I directly walk in for a checkup or will I have to wait in a queue.,opd,information_seeking,high
mujhe bataye ki bmlt ka last date aur from charge kya hai,fees,information_seeking,medium
Nursing officer recruitment 2026,courses,information_seeking,medium
Msso grade 2 admit card,exams,information_seeking,medium
Hy do they have ba psychology course?,courses,information_seeking,medium
क्या 19 मार्च को हॉस्पिटल बंद रहेगा,general,information_seeking,medium
Result link,exams,information_seeking,medium
E library,campus,information_seeking,medium
Agar lips aur dant me problem hoto kaha dikhaye,general,navigation,high
In hindi,general,information_seeking,medium
BOOK NAHIN HO RAHA HAI,appointment,scheduling,medium
Kya dr nichal ki OPD ki time change ho gayi hai,opd,scheduling,high
Opd opatmant,opd,information_seeking,high
please send lab report link,general,information_seeking,high
Nursing officer vacancy details,courses,information_seeking,medium
Nursing officer exam date kb aaygi,exams,scheduling,medium
opd opintment,opd,information_seeking,medium
Can I know the vacancy for the senior resident,career,information_seeking,medium
Cam you plz send the email id of dean of the faculty of medical science,faculty,information_seeking,medium
8 December 2025 ko lari me appointment chahiye,appointment,information_seeking,high
How many seats of BPT,admissions,information_seeking,medium
Is there any vacancy out for nursing staff,faculty,information_seeking,medium
Teeth dikhana hai kis department me jau,departments,navigation,high
Nursing vaccancy exam date kab hogi jo 733 vacancy,exams,information_seeking,medium
Bsc radiology ka fee kitna h,fees,information_seeking,medium
Mujhe aapke university ka admission cell ka contact number chahiye,admissions,information_seeking,high
Mujhe job ki need hai,career,information_seeking,high
Free structure,general,information_seeking,medium
I want to book early appointment of Dr. Pravesh Vishwakarma,appointment,scheduling,medium
Mai optometry me addmission lena chahta hu,general,information_seeking,medium
Up paramedical course ke liye hostal available h ?,courses,information_seeking,medium
is it set for bsc nursing,courses,information_seeking,medium
Sarjan doctor ko OPD mein dikhana Hai ladiss Ko,opd,information_seeking,high
want appointment of Dr Rajesh Verma,appointment,scheduling,medium
what is the requirements for the MHA program,courses,information_seeking,medium
I want bpt 2026 admission information,admissions,information_seeking,high
I want to apply for assistance lecture I am fresher and done my degree in nursing .....,courses,information_seeking,medium
Hey i want to take admission in kgmu in bmrit cousre,admissions,information_seeking,medium
"Non teaching staff ka form jo 2024 me fill Kiya gya tha ,lab technician ka exam kab tak hone ki sambhawna hai",exams,scheduling,medium
How can i book appointment un rheumatologist,appointment,scheduling,medium
Password nhi h phir kese kare,general,information_seeking,medium
"Nursing officer level 7 examination city ? Registration no ""0096887286"".",appointment,information_seeking,medium
tell me about dr zain ahmad who is a general surgeon,faculty,information_seeking,high
How many seat in kgmu for bpt,admissions,information_seeking,medium
Kgmu bsc nursing total fees,fees,information_seeking,medium
Mai up se hu Lakhimpur kheri se mujhe dmlt course ke admission lena h,admissions,information_seeking,high
I want to do intership in kgmu as a radiographer,general,information_seeking,high
Today opd open or close,opd,scheduling,medium
मरीज को opd में कैसे दिखाई,opd,information_seeking,medium
Addmission kab tak hoga,general,information_seeking,medium
Is there a ot technician course without neet ot entrance exam,admissions,information_seeking,medium
is admission still open for BPT,admissions,information_seeking,medium
Neuro doctor ko dikhana hai,general,information_seeking,high
Aadmiton krvana h diploma course me,courses,information_seeking,medium
How to book appointments by call,appointment,information_seeking,high
I want to take addmission for bsc radiology and imaging technology,departments,information_seeking,medium
Assistant professor social work Kgmu,faculty,information_seeking,high
When is the Nursing Officer recruitment exam?,exams,information_seeking,medium
Paramedical department ke sir se milna hai mere ko,departments,navigation,high
I wants to meet dr. Puneet Kumar Rheumatologist,general,information_seeking,medium
New OPD block me online parchi kaha lagta hai maine to bus offline walo ko he dekha hai,opd,information_seeking,high
How you can help me please tell me 1st then I will ask you,general,information_seeking,medium
Bsc nursing fee,fees,information_seeking,medium
mujhe appointment ke liye phone number chahiye,appointment,scheduling,medium
How to access one nation one subscription,general,information_seeking,medium
Bmlt course fees,fees,information_seeking,medium
admission ke bare me,admissions,information_seeking,medium
what is the contact no mri Shatabdi,contact,information_seeking,high
Access ONOS,general,information_seeking,medium
Kha. Pr dekhe admission form bsc radiology ka,admissions,information_seeking,medium
Mai ek best neurosurgeon ko dhundh rhi hu,general,information_seeking,high
For appointment,appointment,scheduling,medium
Kgmu opd timing,opd,scheduling,high
केजीएमयू जो टेस्ट रेट्स,general,information_seeking,high
How to take admission in diploma in cardiology technician,admissions,information_seeking,high
2026 seats isme kitti aai hai bsc nursing ki website bhejo,admissions,information_seeking,medium
I want to take admission in this college for bpt what's the eligibility and further procedure,admissions,information_seeking,medium
Septic arthritis in children suggest doctor,general,information_seeking,high
I need a appointment for yellow fever vaccination,appointment,scheduling,high
Lab report online mil sakta hai,general,information_seeking,medium
advertisement no. 53/R-2024,general,information_seeking,high
Endocrinology,general,information_seeking,high
send me the advertisement detail of notice no :153/rectt/2025,general,information_seeking,high
Admission kaise ho ga,admissions,information_seeking,medium
I want to know about mbbs admission,admissions,information_seeking,medium
Price list,general,information_seeking,medium
Nursing officer exam kabtak hoga,exams,information_seeking,medium
How to contact dean for admission,admissions,information_seeking,medium
मुझे केजीएमयू में दांतो की सर्जरी और दांतों का औरतों का इलाज करना है तो शनिवार को डॉक्टर मिलेंगे कि नहीं,general,information_seeking,high
Yahan per time bahut jyada lag raha hai koi sunane Ko taiyar nahin to koi bhi chij bolo,general,complaint,medium
First Appointment kaise le orthopedic ke doctor ke liye ?,appointment,navigation,high
मुझे एडमिशन के बारे में बात करनी है,general,information_seeking,medium
Kya mai radiology ke liye admission le sakti hu,admissions,information_seeking,high
Mujhe blood jaanch karana hai,general,scheduling,high
Bsc nursing me admission lene ke liye process kiya hai,admissions,information_seeking,medium
Kya kgmu ke blood test price pta chal skta hai,general,information_seeking,high
Last fees,fees,information_seeking,high
muze surgery main dikhana hai,departments,information_seeking,high
Not by NEET?,admissions,information_seeking,high
Iam not a kgmu student i want to apply for diploma courses at kgmu,courses,information_seeking,medium
phd in nursing is it available,courses,information_seeking,medium
Aaj opd open hai,opd,scheduling,medium
Spinal cord neurosurgeon list,general,information_seeking,high
Sir digestive system sahi nahi to kya kare,general,information_seeking,high
Non teaching exam result,exams,information_seeking,medium
Kgmu mai dmlt course h,courses,information_seeking,medium
Kgmu nursing tutor,courses,information_seeking,high
Sir plese give me information of all forms,general,information_seeking,high
Is msc available in kgmu,courses,information_seeking,medium
Provide link,general,information_seeking,medium
Vacancy nursing tutor,courses,information_seeking,medium
Today is gastro opd is available,opd,scheduling,high
3 April Exam,exams,information_seeking,medium
RCT tretment me kitna time lagega,general,information_seeking,high
BPT admission process,admissions,information_seeking,medium
Recoptnist post ke liye date btao,general,scheduling,high
Kal medicine Department me kis dr ko dekha sakte hai,departments,information_seeking,high
I want to do bsc nursing,courses,information_seeking,medium
Date 1 april,general,scheduling,high
Where is the community of health and medicine department,departments,information_seeking,high
Admission regarding call,admissions,information_seeking,medium
Dermatology OPD Date Day And Time,opd,scheduling,high
Kya BSc MIT form khul chuka hai,courses,information_seeking,high
i need to change my email id,contact,information_seeking,high
I want to book an appointment for my mother...Ho do I book it,appointment,scheduling,high
How to book appointment for patient,appointment,scheduling,medium
Best gynaecologist doctor,departments,information_seeking,high
Sir ap notice dejiye kgmu ko ki bacche paresan hai ab exam krwaye jaldi se jaldi please,exams,complaint,medium
Hii Doctor can I get the information about the charges for postmenopausal hormone replacement therapy,fees,information_seeking,high
Medical lab technician,general,information_seeking,medium
I want appointment in Neurology,appointment,scheduling,high
Abhi entrance ka form nikal gya kya 2026 me,admissions,information_seeking,medium
KGMU non-teaching staff recruitment result,exams,information_seeking,high
I am unable to book opd appointment via ORS portal online because its showing no slots available,opd,complaint,high
Number is saying busy and website isn't working,contact,information_seeking,medium
I am suffering from stone pain of kidney,general,information_seeking,high
For radiographer vacancy post,career,information_seeking,medium
mujhe bsc nursing college KGMU me addmission lena hai kon sa exam dena hoga,exams,information_seeking,medium
How to get addmission bpt course,courses,information_seeking,medium
Batchelor of blood transfusion technician,general,information_seeking,medium
BSC Nursing,courses,information_seeking,medium
how can i apply for a job in optometry deaprtment,career,information_seeking,high
Ji mujhe online appointment booking ke liye kgmu ka private phone number chaiye,appointment,information_seeking,medium
Deepak kumar death date h 25/10/2025,general,scheduling,medium
Kya kal OPD khulega,opd,information_seeking,medium
bachleor of physiotherapy,general,information_seeking,high
how can i take admission into it,admissions,information_seeking,medium
Hume appointment book karni hai,appointment,scheduling,high
generate id card,general,information_seeking,medium
I wanna know about the timing of BSC nursing classes,courses,scheduling,medium
opd lari me appointment lena hai,opd,scheduling,high
FOR YELLOW FEVER APPOINTMENT BOOK,appointment,scheduling,medium
Dr rajiv garg,general,information_seeking,medium
Admissions open for MHA?,admissions,scheduling,medium
Angiography cost?,fees,information_seeking,high
To mere ko step by step bata kya Krna h,general,information_seeking,high
Gastroenterology department ki location,departments,information_seeking,high
Dr akhil sharma opd time on Friday??,opd,scheduling,high
Mbbs admission,admissions,information_seeking,medium
Which bsc courses are in this college,courses,information_seeking,medium
I wana know about bsc optometry,courses,information_seeking,medium
Mere husband ko job krni hain opd mein parcha wale mein,opd,information_seeking,medium
What is the notice regarding compulsory mbbs rural bond service,courses,information_seeking,medium
Want to know msso exam date,exams,scheduling,medium
"Is there is any course , Kgmu provide ( BSc. In biotechnology)?",courses,information_seeking,medium
Any other options for booking appointment,appointment,scheduling,medium
Lab report kaise download kare,general,information_seeking,medium
Diploma course after 12th,courses,information_seeking,medium
Dmlt main admission,admissions,information_seeking,high
Dr sudhir,general,information_seeking,high
Aapke hospital mein dialysis karvane per aayushman se free davan milati hai kya,general,information_seeking,high
Mujhe radiology ke course ke liye admission lena hai,admissions,information_seeking,high
Want to contact councellor related to addmission,contact,navigation,high
Tell me syllabus,exams,information_seeking,medium
Not received joining letter,general,complaint,medium
share me helpline number,emergency,information_seeking,medium
Mujhe medical college me job karni hai ward boy ki vacancy kha se pata kre,career,information_seeking,medium
Result for paramedical,exams,information_seeking,high
How can I take appointment,appointment,scheduling,high
Mujhe dr r a s kushwaha ka aaj ka old schedule chahiye kya wo aaj opd me baithenge,opd,information_seeking,high
अभी कितनी है mess fees monthly ya yearly,fees,information_seeking,medium
Erectile dysfunction kis OPD me dikhay,opd,information_seeking,high
What is the process to access for Course of bsc nursing,courses,information_seeking,high
looking for a Gastroenterologist (specialist in stomach and intestines),general,information_seeking,high
Assistant security officer exam date announced before 30 days because leave sanctioned Krna pdega,exams,scheduling,high
Diploma in Emergency and Trauma Care Technician,courses,information_seeking,high
डॉ नीरज sir opd date,opd,information_seeking,high
DMLT ya DOTT me addmission ke kitne average percentage hone chahiye OBC category ke liye,general,information_seeking,high
क्या 26/032026 OPD गठिया विभाग खुलेगा,opd,scheduling,high
How to apply and when is held any notification,career,scheduling,high
How many day after vacancy coming for ot technician,career,information_seeking,high
Nursing tutor vacancy recruitment form,courses,information_seeking,medium
I want to take admission in bsc nursing at vivekanand,admissions,information_seeking,medium
yellow fever vaccination,general,information_seeking,high
Multiple various post examination,exams,information_seeking,medium
BSc radiology admission start or not,admissions,information_seeking,medium
I want to do bmlt,general,information_seeking,medium
Mere ko opd me neuro wale dr ko dhikna hai,opd,scheduling,high
What will be the admission process,admissions,information_seeking,high
Pre booking,general,scheduling,high
i forgot my registration number of examinion form non teaching lab technician,appointment,information_seeking,medium
online appointment dr.cardiologist se kaise kare,appointment,scheduling,high
can you provide me the url or link,general,information_seeking,medium
Admission bsc rodiology,admissions,information_seeking,medium
How to get appointment in opd,opd,information_seeking,high
What marks I need to get in neet ug 2026 to get kgmu,admissions,information_seeking,high
Mujhe kgmu me admission lena h of diploma in cardiac care technology. To kya process h...?,admissions,information_seeking,high
To day emergency surgery available hi kya,departments,information_seeking,high
Sir paramedical course open hai ?,courses,scheduling,medium
Dr Abhishek Bahadur’s opd days?,opd,information_seeking,high
Senior resident job vaccancy,career,information_seeking,high
BSC nursing me addmission kaise ho Raha hai,courses,information_seeking,medium
B pharma course details 2025-26,departments,information_seeking,medium
When will non teaching post dialysis technician joining?,general,information_seeking,medium
This examination conducted in every year,exams,information_seeking,high
Aaj yellow fever vaccination possible hai kya,general,information_seeking,high
सर मुझे ये जानकारी चाहिए कि yellow fever vaccine ke liye appointment kese lena hoga उसमें slot open nhi dikh rha h koi bhi emergency h please help,appointment,scheduling,high
Online registration for today,appointment,scheduling,high
Give me the information regarding admission on BPT and BMLS courses,admissions,information_seeking,high
yellow fiver vaccination available,general,information_seeking,medium
Cancer विभाग,general,information_seeking,high
Gastro Dr available,general,information_seeking,high
Diploma in opretion theatre technician,courses,information_seeking,high
I want to know about opd registration,opd,information_seeking,high
Nhi ye batao ki nursing ki vacany aayi h ki nhi,courses,information_seeking,medium
1 yr ho gya form fill kiye abhi tk exam nhi krwaya gyaa aise thodi na hota hai hm baccho ke sath aise nhi kr skte,exams,complaint,medium
Kgmu staff nurse nursing officer ka exam kab hoga,exams,information_seeking,high
Urologist OPD,opd,information_seeking,high
How to apply online appointment child,appointment,scheduling,high
Diploma in lab technician me admission kaise le,admissions,information_seeking,medium
Direct admission kase le 12 ke mark pe,admissions,information_seeking,medium
Mujhe anm m admission lena h,admissions,information_seeking,medium
Tell me about nursing recruitment,courses,information_seeking,high
admission kaise kare,admissions,information_seeking,medium
Pediatric mein Mande ko kaun se doctor rahte hain vah PD mein,departments,information_seeking,high
KGMU ki nursing officer ki exam date kb tk aayegi,exams,scheduling,medium
Urology opd on Wednesday,opd,information_seeking,high
How to book an OPD of cardiology for tomorrow,opd,information_seeking,high
Diploma in psychiatry,departments,information_seeking,high
what is admission process of Bpt in kgmu,admissions,information_seeking,medium
Is there any scholarship for bsc nursing students,fees,information_seeking,medium
Masters courses,courses,information_seeking,medium
Appointment Leni hai,appointment,scheduling,medium
2026 online addmission from kb niklega,general,information_seeking,medium
Is psychiatry and psychological opd different in kgmu,opd,information_seeking,high
Can I apply as Ot technician from west bengal,career,information_seeking,high
Iha pr best nephrologist kon kon hai,general,information_seeking,high
When is lab technician paper 2026,exams,scheduling,medium
Mujhe ek Ganje ki Nashe se vyakti ko Mukt Karana Hai Kya Karen,general,information_seeking,high
Pcpndt form fillup,general,information_seeking,high
Give me contact number,contact,information_seeking,high
Is laproscopic surgery or ureter stone done in kgmu???,departments,information_seeking,high
Nursing officer 733 vacancy wala kb hoga,courses,information_seeking,medium
can i get opd registration online,opd,information_seeking,high
the contact person for meeting queries,contact,information_seeking,high
Form ka pata karna ha 2025 bale jo 2025 mein jo vecancy nikali Thi nurse wali uske form mein,general,information_seeking,medium
ADMISSION PROCESS ?,admissions,information_seeking,medium
Kya aapki hospital mae dr.aditya pandey naam ka gastroenterologist specialist dr. H,general,information_seeking,high
Docter schedule in rehmetology department,departments,scheduling,high
Job ke liye apply kaise kare,career,information_seeking,medium
Mujhe bsc nursing 4 th year ka shedule pata krna hai,courses,information_seeking,medium
mujhe pediatric neurology ke doctor ke bare me jankari karni hai,departments,information_seeking,high
b12 test price,general,information_seeking,medium
हमें डर्मेटोलॉजिस्ट को दिखाना है तो हेल्प करे,general,information_seeking,high
When was final year mbbs exam conducted in 2024,exams,information_seeking,high
Any helpful links,general,information_seeking,high
I want appointment for 13 march,appointment,scheduling,medium
उल्टी और चक्कर की दिक्कत हो की विभाग में दिखाएं,general,information_seeking,high
Teeth cap available in kgmu,general,information_seeking,high
UHID online कार्ड बन सकता है,general,information_seeking,medium
अगर यूरोलॉजी विभाग में दिखाना हो तो कैसे दिखाई,general,information_seeking,high
मरीज को दिखानाहै,general,information_seeking,high
Mera bsc nursing scrutiny ka result aaya koi change nhi h mujhe further action lena h kya kru,exams,information_seeking,high
Kgmu nursing salary,courses,information_seeking,medium
dr. p k sharma neurology hai abhi ki nhi,departments,information_seeking,high
Nursing officer level-7 exam date,exams,scheduling,medium
Kgmu nursing officer 2026 ki exam date,exams,information_seeking,medium
Make a appointment for today with cardiologist in lauri,appointment,scheduling,high
Ot assistant ki vacancy hai kya?,career,information_seeking,medium
Lab report vali site open nahi ho rahi hai,general,complaint,high
Schedule of dr vivek Aggrawal,general,information_seeking,high
"And if any topic is broken, please let me know.",general,information_seeking,high
1 month se try kar raha hoon,general,information_seeking,high
How to download non teaching recruitment admit card,career,information_seeking,medium
for gyconolist?,general,information_seeking,high
Trama centre ke senior doctor ka contact number send kardijiye,contact,information_seeking,high
For the bsc Hons courses,courses,information_seeking,medium
Skin warts problem,general,information_seeking,high
Bds admissions,admissions,information_seeking,medium
Kgmu nursing office exam ke date kv h,exams,scheduling,high
nursing tutor recuritmnt,courses,information_seeking,medium
Why trouble connecting,general,information_seeking,high
Kgmu various post receptionist exam date kya hai,exams,scheduling,medium
I want to take apponment,general,scheduling,high
paramedical admission link,admissions,information_seeking,medium
Apply krne k liye kiya kiya dorkar hai,career,information_seeking,high
Phamamcy grade 2,exams,information_seeking,medium
Whar are the opd scheduled of ent department,opd,information_seeking,high
Kon kon se Paramedical Course hai,courses,information_seeking,medium
Kgmu non teaching dental hygienist 2024 ka admit card aa gya hai,general,information_seeking,high
Dermotologist ko no lagana hai,general,information_seeking,high
Kya kal opd khulla rahega,opd,information_seeking,medium
When the form will be submit for diploma in ultrasound,courses,scheduling,medium
How many time after document verification joining,general,scheduling,medium
Can you tell me the duration of prof HS Pawaha urologist in kgmu,general,information_seeking,high
Mujhe nursing related post me fill Krna hai .. mujhe age bta skte ho,courses,information_seeking,medium
Online Gastro Ke Liye Registration Karna Tha,appointment,information_seeking,high
Online registration me online payment karne ke baad sidhe opd me dikhana hota hai?,opd,information_seeking,high
Mujhe Janna h ki DMLT ka from aa gaya h ya nhi,general,information_seeking,medium
Opd me online opponent kaise kare,opd,information_seeking,medium
Medicine tender department,departments,information_seeking,medium
Is there BPT course?,courses,information_seeking,medium
Please share Dr.rajkumar Maurya email ids,contact,information_seeking,high
What's the admission process for bpt course in 2026,admissions,information_seeking,medium
Kgmu me bpt me admission kaise hoga ?,admissions,information_seeking,medium
Kya ap bta skte hai dr rajeev verma opd me kis din bethte hai,opd,information_seeking,medium
I wish to work as SR in cardiology department,departments,information_seeking,high
Tab sir aap kgmu se related kya bata sakte hai,general,information_seeking,high
Paramedical course detail,courses,information_seeking,medium
How can I get bpt course admission?,admissions,information_seeking,medium
Is there the PET CT scan facility available in the hospital,general,information_seeking,high
"Who is the CMS, MS, DMS",faculty,information_seeking,high
Is KGMU a government college,general,information_seeking,medium
mujhe aaj pediatric me appointment chahiye kya krna hoga,appointment,scheduling,high
Dr SK Dwivedi lari mein kis din baithte Hain OPD mein in,opd,scheduling,high
How can I book an appointment on Monday,appointment,information_seeking,high
Bsc in radiology,departments,information_seeking,high
How many anaesthesia technicians in kgmc and associated hospital,general,information_seeking,high
Gynae doctor sankhwar mam date in opd and day,opd,scheduling,high
Where to go to booking appointment offline,appointment,scheduling,medium
Niuro ke doctor,general,information_seeking,high
Bs.c nursing entrance exam,admissions,information_seeking,high
Ctvs department Dr. Vivek Tiwarson,departments,information_seeking,high
Link of admit card non teaching exam,exams,information_seeking,medium
I have search and I came to know ki kgmu me upsmfac se admission hota hai in DMLT and OT technician. To meri 10th and 12th ki combined percentage kitni honi chahiye,admissions,information_seeking,medium
Book an appointment for cancer patient,appointment,scheduling,high
KGMU Doctor names who can do Appendix Surgery,faculty,information_seeking,high
Does they offer bpt and b pharm courses,courses,information_seeking,high
Bpt hai koi form aaya hai,general,information_seeking,medium
Ek baar phir pura address bata de waha ka,campus,navigation,high
Kya dmlt ka course kgmu me nahi hai?,courses,information_seeking,high
Lucknow kgmu,general,information_seeking,high
Neuro,general,information_seeking,high
Kgmu nursing officer ka exam kab hoga,exams,scheduling,high
Humko appointment book karni hai,appointment,scheduling,medium
How registration done,appointment,information_seeking,medium
Mere pass koi referral nhi hai aur mai lucknow se bahar ka hu kya mera ilaj ho jaega,general,information_seeking,high
Main online report medical lab test report kaise nikale,general,information_seeking,high
कृपया सायकेट्री डिपार्मेंट के चाइल्ड वार्ड वाले बिल्डिंग में पीने के ठंडे पानी की व्यवस्था खराब हो गई है जिससे यहां भर्ती मरीजों और उनके अटेंडेंट को पानी की बहुत दिक्कत हो रही है कृपया उसे दुरुस्त कर पीने के ठंडे पानी की व्यवस्था सुनिश्चित करें धन्यवाद,general,complaint,high
I want to treatment of myself in kgmu,general,information_seeking,high
I want counseling for my 40 year elder brother whta I do,admissions,information_seeking,high
How I can apply for appointment,appointment,scheduling,medium
Bal rog vivag 403,general,navigation,high
Online book opd,opd,scheduling,high
Recruitment of assistant professor in dentistry,faculty,information_seeking,high
Kgmu mai dmlt mai admission kise hoga,admissions,information_seeking,medium
Bmlt me dairect admission ho jaega,admissions,information_seeking,medium
Admission kaise lenge BDS me??,admissions,information_seeking,medium
KUGM me Admission karene ke liye kitana paise lagta hai,admissions,information_seeking,medium
Where I can found that,general,navigation,medium
list of medicine dr.,departments,information_seeking,high
Pls chk admit card nursing officee,courses,information_seeking,medium
DEEPAK KUMAR death date 25/10/2025,general,scheduling,medium
Kgmu me blood report kitne din baad ata hai,general,information_seeking,high
Dentist opd pooja panday,opd,information_seeking,high
Yellow fever ka date kb ka milaga ga,general,information_seeking,high
Humko dmlt me admission karwana h,admissions,information_seeking,medium
Report,general,information_seeking,medium
Nursing tutor me experience bhi chahiye kya,courses,information_seeking,medium
How to admit process,general,information_seeking,medium
How to get admission form for bsc radiology,admissions,information_seeking,high
Bsc Nursing,courses,information_seeking,medium
Mphill admission 2025,admissions,information_seeking,medium
Online consultation token kaise milta h,general,scheduling,high
Indocrine deptmarnt me not good stuff meen singh,general,complaint,medium
In pediatrics dental department dr r k panday take opd on Thursday,opd,scheduling,high
Gastro,general,information_seeking,high
Hi how can I apply to study at kgmu,career,information_seeking,medium
Admission elegibility department email id,admissions,information_seeking,medium
Cms ok kgmu,general,information_seeking,high
Dr HARDEEP SINGH malhotra opd schdule,opd,scheduling,high
Eye care,general,information_seeking,high
Mujhe appointment book karana hai,appointment,scheduling,medium
Dmlt course ke admission kabse shuru honge?,admissions,information_seeking,medium
Muja ya jana hai ki eye diploma ki fees kitne hai total,fees,information_seeking,medium
i have query regarding bds admission this year,admissions,information_seeking,medium
Mujhe cpet ka question paper chahiye pyq,exams,information_seeking,medium
Where to fill the form of kgmu to opt in bpt,general,information_seeking,medium
Opretion theatre technician course,courses,information_seeking,medium
KGMU NURSING COLLEGE KA ADDRASE SEND KIJIYE,courses,information_seeking,medium
Are BPT seats still available?,admissions,information_seeking,medium
CNET main nhi pass ho paying hu,general,information_seeking,medium
Requirement details,general,information_seeking,medium
Mujhe online registration lena hai 19 Tarik ke liya OPD,opd,information_seeking,medium
I want to do bpt from kgmu is it is available,general,information_seeking,medium
Agr isse appointment book kre to kya vha prcha banvana pdega ?,appointment,information_seeking,high
I want to know the admission for bsc in radiology,admissions,information_seeking,medium
Dr prefix add or not and fee for this course and job,fees,information_seeking,medium
Want to apply for nursing tutor,courses,information_seeking,high
How much time,general,information_seeking,high
Appointment chahie,appointment,scheduling,high
general surgery,departments,information_seeking,high
Does this university have masters in physiotherapy,general,information_seeking,high
PG admission,admissions,information_seeking,medium
Nursing officer job notification,courses,information_seeking,medium
सर मरीज इमरजेंसी में दिखाना है,general,information_seeking,high
Bladder mera kamjor hai age 18sal sir par 3sal se chot lage thr the sir ki upar nase niche upar hoti hai,general,information_seeking,high
When is nursing officer exam,exams,scheduling,medium
Ct scan report कैसे प्राप्त करे,general,information_seeking,high
what is the date for examination of nursing officer',exams,scheduling,medium
Ministry of health and medical education,general,information_seeking,high
Gynaecologist opd,opd,information_seeking,high
Fee kitne lagte hai,fees,information_seeking,medium
i want kgmu bsc nursing question paper,exams,information_seeking,medium
How can I take appointment for cardiology,appointment,scheduling,high
Kgmu nursing officer ka exam kab tak lagega,exams,scheduling,high
Queen mary mai OPD dikhana hai,opd,information_seeking,medium
Mujhe appointment Lena hai meri madat karo,appointment,scheduling,medium
list of medicine department dr. with degree please tell me,departments,information_seeking,high
Orthopedics me dr. Devershi Rastogi opd day,opd,information_seeking,high
Eska entrance exam ka form kab ata hai,admissions,information_seeking,medium
Hamare father ka discharge pepar kho gaya hai wo dowara kaese milega,general,information_seeking,high
Today orthopedic opd open,opd,scheduling,high
Bsc. Radiotherapy Technology,courses,information_seeking,medium
Nursing officer 2025,courses,information_seeking,medium
Lab technician ki koi vecancy hai,general,information_seeking,high
How to get bsc nursing admission,admissions,information_seeking,medium
Online number,contact,information_seeking,high
Your personal agenda,general,information_seeking,high
Any expected date of nursing officer exam,exams,scheduling,medium
Dental vacancy,career,information_seeking,high
Cystolozey charge,fees,information_seeking,high
Nephrology,general,information_seeking,medium
DMRIT form are out,general,information_seeking,medium
Gallbladder stone ka operation kerala,general,information_seeking,high
mbbs admission,admissions,information_seeking,medium
KGmu me gnm core hai,general,information_seeking,medium
sir registration Option is not open,appointment,scheduling,high
Mujhe ye batao dylsiai tecnition me for kaise apply karo kar kaob hoga,career,information_seeking,high
Tiffa ka best time kya hai pregnancy me,general,information_seeking,high
Plastic surgery cost,fees,information_seeking,high
Sit khali hai,general,information_seeking,medium
Bpt ke liye kaun sa course hai,courses,information_seeking,medium
Mai kgmu me piliya ka upchar kha kara sakta hu,general,information_seeking,high
Anm nurse,general,information_seeking,high
Mha application,general,information_seeking,medium
डीएल टीम में एडमिशन कब से चालू है और मेरे 80% हैं मेरिट में एडमिशन नहीं होगा हिंदी मेंबताइए,general,information_seeking,medium
Technical officers ophthalmology level 6,departments,information_seeking,high
Today opd are opend,opd,information_seeking,medium
Mujhe sanvida pr job pharmacist ki chahiy,departments,information_seeking,medium
Nhii bs mujhe kuchh bhi kr ke us university me admission lena hai please,admissions,information_seeking,medium
Does kgmu offers bpt programme,courses,information_seeking,medium
Form fill hore h nursing tutor k,courses,information_seeking,medium
And dialysis cost? Kitni hogi,fees,information_seeking,high
Sir mujhe paralysis ho gaya hai,general,complaint,high
Kgmu bpt addmission form,general,information_seeking,high
kis exam,exams,information_seeking,medium
Dr arvind from gastro department,departments,information_seeking,high
मानसिक रोग बच्चे को दिखाना है किस डॉक्टर को दिखाये,general,information_seeking,high
Online registration karwana hai,appointment,scheduling,high
To bina registration ke nhi mil skte kya,appointment,information_seeking,high
मै अपनी पत्नी को कल पहली बार opd मे दिखाना चाहता हू,opd,information_seeking,medium
Kya kal demartology department open hai,departments,scheduling,high
OPD ki parchi banvani hai,opd,information_seeking,high
Need.a.yake admission,admissions,information_seeking,medium
Bsc nursing program relate information,courses,information_seeking,high
Kya neurology 2 floor per bhi hai,departments,information_seeking,high
regarding form of exam support number,exams,information_seeking,medium
MSc Medical education,courses,information_seeking,medium
Back year ki cut off kya thi,admissions,information_seeking,medium
app link,general,information_seeking,high
Kgmu dialysis technician result,exams,information_seeking,high
How to take admission in paramedical course,admissions,information_seeking,medium
OPD me marij ko kaise dikhaenge,opd,scheduling,high
Obc ke 100 aaye to selection ho skta hai,general,information_seeking,medium
Is there vacancy for nursing tutor,courses,information_seeking,medium
DMLT ME ADMISSON CHAHTA HU KAB SE FORM BHARE JAYENGE SIR,general,scheduling,medium
Myuje.apna.opd.me.ragifran.karna.hay,opd,information_seeking,medium
i need my admit card,general,information_seeking,high
can i get job of physio,career,information_seeking,medium
Give link to register new patient,general,information_seeking,high
Best oncology Doctor name in kgmu,faculty,information_seeking,high
B pharm available or not,general,information_seeking,medium
Kgmu me DOTT me admission kaise le,admissions,information_seeking,high
Report dekhna hai hame,general,information_seeking,medium
How to get admission in diploma of dialysis technician,admissions,information_seeking,high
Skin ke Dr hai ya nhi kgmu me,general,information_seeking,high
Dr schedule,general,scheduling,high
All information,general,information_seeking,high
Mujhe dental technician ka course karna hai,courses,information_seeking,medium
Any update regarding Kgmu nursing officer exam ... Why this much need the govt,exams,information_seeking,medium
Can I book through what’s app ?,appointment,scheduling,medium
Pr maine suna h kgmu me abhi 2026 tak merit pr admission ho rahe h next year se nhi honge,admissions,information_seeking,medium
Dr Apjit kaur,general,information_seeking,high
Orthopadic doctor,departments,information_seeking,high
I want to get addmision in KGMU,general,information_seeking,medium
Mujhe bsc nursing me admission Lena h,admissions,information_seeking,medium
How many chances I have to get kgmu,general,information_seeking,medium
Kgmu lab report,general,information_seeking,medium
OT assistant results kab aayega,general,scheduling,high
I want to appointment of doctor us pal,appointment,scheduling,high
Can I know the admission process,admissions,information_seeking,medium
Kya aaj lary close rahega,general,information_seeking,medium
केजीएमयू में एमबीबीएस ऐडमिशन कैसे लें स्टेप बाय स्टेप जानकारी दें,general,information_seeking,high
Aaj new OPD open hai ya close hai,opd,scheduling,high
DPHARMA ADMISSION LINK,admissions,information_seeking,medium
Hlo sir My name is khushboo can i help me lab technician job opportunity,career,information_seeking,medium
"Aaj 31st march mahavir jayanti hai, kya ENT OPD open rahegi",opd,scheduling,high
How to download lab reports,general,information_seeking,high
KGMU me bioinformatics ya research assistant ki vacancies kab aati hain?” “Kya KGMU me contractual jobs ya project-based jobs available hoti hain MSc students ke liye?” “Latest recruitment notifications kaise check kar sakte hain?”,courses,information_seeking,medium
Kya waha theek ho jayenge,general,information_seeking,high
what is the cretirea for admission,admissions,information_seeking,medium
उस पर जानकारी नहीं है,general,information_seeking,high
Bpt admission through neet,admissions,information_seeking,medium
"How I admit a emergency patient in lari hospital, lucknow",emergency,information_seeking,high
Pharmacist kgmu result link,exams,information_seeking,medium
online entrance form kb tk bhar skte h last date kya h,admissions,scheduling,medium
If all medical conditions are ok even daily sugar charting is normal but hba1c is 8.1%. Is this 65 year old lady can be taken for surgery.please tell me,departments,information_seeking,high
Hematology department ka appointment chaiye,appointment,scheduling,high
Arthrology department,departments,information_seeking,high
I want to book my appointment in department of neurology,appointment,scheduling,high
Sir technician leave 6 ka exam hua hai uska result kab rha hai,exams,scheduling,medium
Kgmu Lucknow me MSc microbiology me admission kaise hota hai?,admissions,information_seeking,medium
"need icu bed for one patient, he is addmitted in KGMU and in urgent need of icu",emergency,information_seeking,high
I want to do the internship in clinical psychology,general,information_seeking,high
Kgmu mai ot technician ke admission abhi ho nahi rahe h kya,admissions,information_seeking,medium
Lab technician,general,information_seeking,medium
Emergency doctor,emergency,information_seeking,high
Sms bhej diya hai abb iske aage ka kya process hai,general,information_seeking,high
Gap certificate named after kgmu or kgmc for nursing admission,admissions,information_seeking,high
Orthopedic doctor,departments,information_seeking,high
Mujhe aak admission Lena hai diploma in x-ray mai to kay karna hoga aur kab form aayega,admissions,information_seeking,high
Neuro appointment opd,opd,scheduling,high
In this no. Call she said found appointment after one month,appointment,scheduling,high
Fee structure of KGMU,fees,information_seeking,medium
Bds Admission process without Counselling,admissions,information_seeking,medium
I want opd appointment for tomorrow,opd,scheduling,high
Dott karne ke liye admission kaise le,admissions,information_seeking,medium
Diabetes,general,information_seeking,high
Kgmu me b. Sc nursing me admission kab hota hai,admissions,scheduling,medium
When will the admission form started from bachelor of dialysis technology ?,admissions,scheduling,high
Kgmu nursing tutor ki vaccancy ayi hai kya,courses,information_seeking,medium
How to get admission in MHA,admissions,information_seeking,medium
I want to apply in diploma in radiology,departments,information_seeking,medium
Nursing officer post k liye,courses,information_seeking,medium
Kindly tell me Dr seema Mehrotra opd day,opd,information_seeking,high
Kgmu pharmacist score list,departments,information_seeking,high
Specific days of specific doctors,general,scheduling,high
Kya kgmu me ot technician ki requirement h,general,information_seeking,high
Dr sumit rounti new opd,opd,information_seeking,high
radiology diploma,departments,information_seeking,medium
Muje kgmu main nukri ke liya kya krna hoga,general,information_seeking,medium
What is time for booking appointment online.,appointment,scheduling,medium
Kya university m post basic bsc nursing ka course hai,courses,information_seeking,high
Book an appointment for Monday so verma,appointment,scheduling,medium
Opd incharge of cardio thoracic vascular surgery on tuesday,opd,information_seeking,high
I want to take opd appointment for tomorrow in neurology,opd,scheduling,high
Phone number par blood test report kaise mile gi,contact,information_seeking,high
Maine kgmu ka appointment liya hai online kya mujhe opd me Jake line bhi lagana padega ?,opd,information_seeking,high
Respaction wali post exam 3 April 20206 ko huwa,exams,information_seeking,medium
गुर्दा Speclict opd,opd,information_seeking,high
ENT department,departments,information_seeking,high
Ott course ke entrance exam ki registration,appointment,navigation,high
How I meet orthopedic surgery,departments,information_seeking,high
Appointment how can i take via mobile,appointment,scheduling,high
Nursing officer job,courses,information_seeking,medium
When the result will be declared non technical post like pharmacist,exams,scheduling,high
I want to know all info about dmlt course,courses,information_seeking,medium
I am class 12th student I want to pursue bsc radiology from kGMU how I have to register for that exam,exams,information_seeking,high
How can I get addmission in kgmu for BSC nursing,courses,information_seeking,medium
Bina interest exam ke addmission nahi mil skta hai,exams,information_seeking,medium
How many sheets available in this clg,general,information_seeking,high
ENT DOCTORS TODAY available name,departments,information_seeking,high
Form filling for the next pcpndt exam date,exams,scheduling,high
give online appointment help line no.,appointment,scheduling,medium
Admit card dental hygienist,general,information_seeking,medium
process,general,information_seeking,medium
I want examination scheme of msc nursing 2nd year 2026,exams,information_seeking,medium
B Sc nursing fees structure,fees,information_seeking,medium
"Mai King Garg medical University se padhna chahti, diploma OT karna chahte hu, to kya admission abhi open hai main June 2026 mein admission Le sakti hu",admissions,information_seeking,medium
Cutoff kitne hoti hai lagbhag 2025 le hesab se,admissions,information_seeking,high
Kgmu urology vibhag se sampark kaise kare,departments,information_seeking,high
Can I do BPT in kgmu,general,information_seeking,high
I want to addmission in BSC radiology course,departments,information_seeking,high
admission in BDS,admissions,information_seeking,high
Kgmu non teaching post 332 ka result aa gaya h kya,exams,information_seeking,medium
How much vacancy in lab technician,career,information_seeking,medium
CVTS department me operation ho gaya ya nahi kaise pata lagega,departments,information_seeking,high
Is the addmission are open for bsc in radiology and imaging technology,departments,information_seeking,medium
How i get to appointment for opd,opd,scheduling,high
addmision tab kaha per hai aur kaise pata kare pls tell me,general,information_seeking,medium
Clinical Psychology admissions,admissions,information_seeking,high
Abhi trauma centre mai ventilator vacent hai,emergency,information_seeking,high
Sir skin ka doctor kesdin batha hai,general,information_seeking,high
Is there bpt course in kgmu,courses,information_seeking,high
Dr Abhishek saini ji ke appointment ke liye contact number,appointment,information_seeking,high
मुझे अपने 4 सांल के बेटे को दिखाना है उसके चेस्ट में इंफेक्शन है,general,information_seeking,high
Kab expected hai entrance test bpt ke liye,admissions,information_seeking,medium
What is the admission process for superspeciality program after i het seat alloted at kgmu,admissions,information_seeking,high
Is there any form fill up going on for nursing staff vacancy,faculty,information_seeking,high
Cut off?,admissions,information_seeking,high
Nursing tutor Link,courses,information_seeking,medium
USG Whole abdomen,general,information_seeking,high
Blurred vision problems,general,complaint,high
Dr vivek kumar singh ji ka appointment kaise milega,appointment,scheduling,medium
Which fees 250₹,fees,information_seeking,medium
How can I took opd online,opd,information_seeking,medium
Medical lab technician level 5 hall ticket download,general,information_seeking,high
"Baby born in kgmu hospital, how I can apply for her birth certificate?",career,information_seeking,medium
no please tell me about admissions,admissions,information_seeking,medium
Online no kaise lagvaye,general,information_seeking,medium
Oppointment,general,scheduling,high
MRI krya tha maine pr bs film hi mili h hme,general,complaint,high
Death info cahiye 2012 ka,general,information_seeking,high
My father is 1 month operation now paining is very very hard,general,information_seeking,high
At what marks does the student got kgmu in. Year 2025,general,information_seeking,high
MHA exam 2025,exams,information_seeking,medium
How can i know the vacancy,career,information_seeking,medium
Book appointment,appointment,scheduling,medium
Kya is diploma ke liye entrance exam dena padta h,admissions,information_seeking,medium
Apni blood report check karna chahte hain,general,information_seeking,high
Where is career option,campus,information_seeking,medium
My mother is heart patient so we meet dr Akshay pradhan,general,information_seeking,high
Mujhe sms kya bhejna hoga,general,scheduling,high
Cbt exam passed certificate,exams,information_seeking,medium
Mujhe BPT Karna hai,general,information_seeking,high
CME-Workshop on “Obstetrics Critical Care”,departments,information_seeking,high
Nursing vacancy 2025,courses,information_seeking,medium
paramedical courses,courses,information_seeking,high
nursing tutor online form mode,courses,information_seeking,medium
Stool plan ova test price,general,information_seeking,medium
KGMU me tokan katana hai Number ke liye,contact,information_seeking,medium
Opd mai tv vibhag mai subha kiski duty h,opd,information_seeking,medium
"How to contact, any link",contact,information_seeking,high
Vha addmission kis base pe hota hai,general,information_seeking,medium
Mujhe BPT krna hai,general,information_seeking,high
Doctor name today gasto opd,opd,information_seeking,high
radiology course,departments,information_seeking,high
Im searching for research assistant jobs,research,information_seeking,high
Abha ke dwara appointment kaise book hota hai,appointment,information_seeking,high
Neurology OPD kl hogi,opd,information_seeking,high
Nursing officer non teaching exam kab hoga,exams,scheduling,high
website is also not working,contact,complaint,high
I wany admission in bachelor of physiotherapy,admissions,information_seeking,medium
Non pg Jr Mbbs job,courses,information_seeking,high
Kgmu ot assistant ki final shortlist kab ayega,general,information_seeking,medium
Direct admission,admissions,information_seeking,medium
Cardio technician ka form kab tak aayega,general,information_seeking,medium
Admission ke liye baat karna hai koi number send karo please,admissions,information_seeking,medium
Where is my post mataram report,campus,navigation,medium
Kgmu me kon se admit card nikle hai,general,information_seeking,medium
When will kgmu nursing officer exam 2025-26 held,exams,scheduling,medium
Lab technician ki duty krni h,general,information_seeking,medium
May I know the timings.,general,scheduling,medium
recently kgmu nursing tutor vacancy was postponed why???,courses,information_seeking,medium
Mujhe KGMU m nursing staff ke job ke liye apply Krna h,faculty,information_seeking,medium
Information about specific departments or research areas in biotechnology?,research,information_seeking,high
Can you provide me the list of doctors in shatabdi 1,general,information_seeking,medium
How to appointment,appointment,scheduling,medium
गैस्ट्रोलॉजी,general,information_seeking,high
Dear sir I need appointment my child,appointment,scheduling,medium
i want to know about the form regarding mbbs or bsc nursing,courses,information_seeking,medium
Mujhe radiology ka course Krna h kya isme entrance exam hota h iska,admissions,information_seeking,high
Bpt addmission karna tha,general,information_seeking,medium
Nursing office exam date,exams,information_seeking,high
P R O contact??,contact,information_seeking,high
Online registration date,appointment,information_seeking,high
Kgmu mein post basic bsc nursing mein admission nhi ho payega,admissions,information_seeking,medium
sir mujhe online appointment lena hai,appointment,information_seeking,high
what is the process of get admission on bsc radialogy,admissions,information_seeking,medium
Cardiac technician,general,information_seeking,high
Mujhe lari cardiology Lucknow mein appointment Lena hai,appointment,scheduling,high
Opd of nerology in kgmu hospital lucknow,opd,information_seeking,high
orthopedics department how much bedded hospital,departments,information_seeking,high
Need More information about Second Documents Verification,general,information_seeking,medium
When liver doctor is available on kgmu,general,scheduling,high
I want to book appointment for tomorrow of dermatologist,appointment,scheduling,high
While clicking on B.Sc. in Radiotherapy Technology it's opening nothing,general,information_seeking,medium
KGMU bsc Hons nursing exam details,exams,information_seeking,medium
Do doctor see patients of lip pigmentation toes pigmentation skin around fi gers pigmentation ...hairfall and on face the the scar which lool like put that's are increasinh,general,information_seeking,high
Is there any post dnb urology sr ship programs,departments,information_seeking,high
Kgmu nursing officer exam date 2025,exams,scheduling,high
Eye Department Me Dikhana Hai,departments,information_seeking,high
kgmu nursing officer exam 02/R-2025( genmeral recruitment ) ka exam ho gaya hai,exams,information_seeking,medium
Paramedical DMLT me merit based admission ho raha hai,admissions,information_seeking,medium
Is this exam conduct online or ofline,exams,information_seeking,high
Appointment for OPD,opd,scheduling,medium
opd ka time kiya hai,opd,scheduling,medium
What is qualification required this course,courses,information_seeking,medium
Kgmu exam date assistant security officer 🙏,exams,scheduling,medium
online opd appointment,opd,scheduling,medium
Bpt previous year paper dikhao,exams,information_seeking,medium
OPD BOOKING ONLINE KAISE KARE,opd,scheduling,medium
Mam appointment lena tha,appointment,scheduling,medium
Opd rajisteresan,opd,scheduling,high
Kgmu b pharma ke form kab niklenge merit ke hisaab se,departments,information_seeking,medium
Fee kya hoti h,fees,information_seeking,medium
Dermatologist doctor,departments,information_seeking,high
DMLT ME addmission ho rhe hai kya,general,information_seeking,medium
How can I take admission in bmrit,admissions,information_seeking,medium
Admit card kaise,general,information_seeking,medium
Mujhe online token lena hai,general,scheduling,high
Ji main neurology mein Bharti hun meri NAS dabbi hai aur yahan koi uski sunvaee nahin ho rahi vah operation ke liye kah rahi bahar karva Lo jakar yahan nahin hota hai aisa kah rahi hai yahan operation nahin hota hai kya NAS dabbi hai ped ki haddi mein,departments,information_seeking,high
Emergency,emergency,information_seeking,high
I want to apply for the part time nursing tutor job,courses,scheduling,medium
Is this vacany for staff nurse,faculty,information_seeking,medium
Neurology doctor time,departments,scheduling,high
Who is Dr twinkle in kgmu lari,faculty,information_seeking,high
Just wanted to know when will be MPhil 2025 merit list will be published. Thanks,general,feedback,high
Ayushman card for neurology,departments,information_seeking,high
Can I set a notification when new vacancy notification comes,career,information_seeking,medium
After online appointment where I get token,appointment,scheduling,medium
Result ot,exams,information_seeking,medium
Booking token,general,information_seeking,high
Kgmu mein addmission keise milega,general,information_seeking,medium
contact Orthopedics department,departments,information_seeking,high
Kya kgmu me bsc in dialysis therapy course ha,courses,information_seeking,medium
Addmission kaise le,general,information_seeking,high
How many patients treated in rct in one day,general,information_seeking,high
What is the timing of OPD,opd,information_seeking,medium
I am having severe skin allergy and i have to visit doctor in dermatology department but the opd is not open today for dermatology that is on Thursday but the allergy is unbearable so where could i meet the doctor for cure,opd,information_seeking,high
Nurshing officer level 07 ka admit card kab jari hoga,general,information_seeking,medium
hlo kya aap bata sakte ho ki BSc biotechnology course ke liye addmision ho raha hai kya mltb es collage ke liye from bare ja rahe hai kya,courses,information_seeking,medium
पेनिस में सही से तनाव नहीं आता है कहां पे दिखाएं,general,information_seeking,high
How can I contact authority to ask about admition,contact,information_seeking,medium
Want appointment,appointment,scheduling,medium
Kya kgmu nursing officer ke do exam karayegi,exams,information_seeking,medium
Dr Akhilesh Yadav,general,information_seeking,high
Bpt course fees,fees,information_seeking,medium
Bihar ka student kgmu me addmission le sakta hai,general,information_seeking,medium
need a pthology report,general,information_seeking,high
Kgmu nursing officer ka exam kab tak hone ka idea h,exams,information_seeking,medium
Can u give me deyails of pathology pg batch of 2016,departments,information_seeking,high
Perfusionist technical officer hall ticket,general,information_seeking,medium
Ski problem,general,information_seeking,high
next notice for pcpndt exam when,exams,scheduling,high
Opd bookin,opd,scheduling,high
एमबीबीएस केजीएमयू में करने पर पर ईयर फीस कितनी आती है,general,information_seeking,high
Mujhe haddi ke doctor ko dikhana hai,general,information_seeking,high
Mujhe appointment Lena Hai kaise Main,appointment,scheduling,high
KGMU ki jo vacancy aayi hai uski eligibility criteria kya hai,admissions,information_seeking,medium
Konsa entrance exam hota bpt ke liye or cut off,admissions,information_seeking,medium
Appointment ke baad kya karee,appointment,scheduling,high
how can i book m opd for neurology,opd,scheduling,high
Admitted process,general,information_seeking,medium
When will the application form release,general,scheduling,medium
I wanna do internship in laboratory department,departments,information_seeking,medium
Aaj hospital me opd h ya nhi,opd,information_seeking,medium
may i get the contact number of dr. ambrish,contact,information_seeking,medium
Download death certificate,general,information_seeking,medium
Mujhe ent specialist se consult karna ha,departments,information_seeking,high
Rheumatologist,general,information_seeking,high
Ham doctor ko ek bar dikha chuke hain jismein maine pahle apartment Li thi ki aap fir se mujhe appointment leni padegi uski fees Deni padegi,appointment,information_seeking,high
optometry,general,information_seeking,medium
I need to know about pcpndt exam 2026,exams,information_seeking,medium
Gynecologist dr timeing,general,information_seeking,high
I am gnm passed student can I apply in this post,career,information_seeking,medium
I want to know about orthopedic,departments,information_seeking,high
How to opd booking,opd,information_seeking,high
This phone number is not available give me one that is available,contact,information_seeking,medium
How to book an appointment for this hospital doctor via online?,appointment,scheduling,high
Urology ka addes,departments,information_seeking,high
Kgmu me BASLP NHI HOTA H,general,information_seeking,medium
WHOM CAN I CONTACT FOR DIETETICS INTERNSHIP,contact,information_seeking,medium
Agar online appointment rhegi to wahan jakar token nhi lena pdega ya line to nhi lgana pdega,appointment,scheduling,medium
How to book an appointment,appointment,scheduling,medium
Even ek student abhi 2nd year mai hai toh woh abhi college mai hi hoga as a hospital mai duty kar rha hoga,general,information_seeking,high
Mujhe ek percent admit kr na hai,general,information_seeking,high
private are available for BDS?,general,information_seeking,high
I want to download,general,information_seeking,medium
is there any vacancy for Clinical Psychologist?,career,information_seeking,medium
application form for cbt for pcpndt test,general,information_seeking,medium
12 saal ke bacche ko piliya hone par pediatric doctor ko dikha sakte hai,departments,information_seeking,high
Hematology srship 2026,general,information_seeking,high
want to apply for post of senior resident in dental department,departments,information_seeking,high
KGMU nursing tutor or assistant professor vacancy details,faculty,information_seeking,medium
I want to download the report,general,information_seeking,medium
Endrolozy doctor,general,information_seeking,high
is there any CTVS surgeon available,general,information_seeking,high
पेट दर्द की कोई दवा,general,information_seeking,high
Gynecologist doctor list,general,information_seeking,high
How much time does it take,general,information_seeking,high
Multiple post exam,exams,information_seeking,medium
Thursday ko demetology ke doctor opd me nhai milte,opd,information_seeking,high
where do we find doctor we consulted in emergency dept.,emergency,navigation,high
Ot technician form is available?,general,information_seeking,high
Thik hain kuch approx date bata sakte hain kya form ki,general,scheduling,medium
Paramedical exam for admission in BSc Radiotherapy,admissions,information_seeking,high
How to book appointment for opd,opd,scheduling,medium
Urologist vibhag opd ya doctor ko kab dikha sakte hai,opd,scheduling,high
I want to get braces on my teeth,general,information_seeking,high
Lab technician admit card,general,information_seeking,medium
Had experience of residency in dermatology.,departments,information_seeking,medium
Need admission in bpt,admissions,information_seeking,high
I want to know how to take a appointment or either online registeration for OPD,opd,information_seeking,high
How to register for opd in orthopedic,opd,information_seeking,high
Kgmu nursing tutor ka notification do,courses,information_seeking,medium
Bds classes kab se start hai,general,scheduling,high
Pharmacist exam answer key,exams,information_seeking,high
Number mistype hua hai sahi karwana hai,contact,complaint,medium
Is any dermatologist dr. Available on Monday,departments,information_seeking,high
Mai is college me bsc nursing karna chahta hu admission kaise le sakta hu,admissions,information_seeking,high
X ray teachnician ka result kaise dekhe,exams,information_seeking,medium
Mujhe bachlor of physiotherapist ke bare me janna hai,general,information_seeking,high
I want to go to surgery opd where to go,opd,navigation,high
Query for surgery,departments,information_seeking,high
mri technician fees,fees,information_seeking,high
Emergency admit fee,fees,information_seeking,high
Online Ragistration kaise kare,general,information_seeking,medium
Dr Sumit Rungta OPD Day,opd,information_seeking,high
Entrance par hoga admission ki marite pe,admissions,information_seeking,high
Online appointment link for patient is not working,appointment,complaint,medium
Dentist,general,information_seeking,medium
Respiratory department,departments,information_seeking,high
Kgmu 2025 exam date,exams,information_seeking,medium
But I want to Know so many Mental person Walking on rod side and in market why can department do some thing for them,departments,information_seeking,high
Thairoid ke liye kab dikhana hoga,general,information_seeking,high
I want a number in opd cardiology,opd,information_seeking,high
Kya medicine bahar se Leni hoti hi,departments,information_seeking,high
I wants to book appointment to cardiology department how to proceed,appointment,scheduling,high
Any vaccines i n physiotherapy department,departments,information_seeking,high
How to book appointment here,appointment,scheduling,high
"I WANT TO DO MHA , HOW TO DO IT?",general,information_seeking,medium
when will the admission begin for 2026,admissions,scheduling,medium
Good afternoon s sir I want to know about the nursing officer recruitment,courses,information_seeking,high
Dermology opd me Monday ko Kon se doctor dekhte hai,opd,information_seeking,high
Percentile kaise pta chlegii,general,information_seeking,medium
What's MSc medical pathology department here,departments,information_seeking,high
Admission in pg,admissions,information_seeking,medium
Today gasto opd,opd,information_seeking,high
OT tecnition,general,information_seeking,medium
How to book an appoimnent hemotplogy,appointment,scheduling,high
Is mpt course available,courses,information_seeking,high
Can I give cpet to join kgmu,general,information_seeking,high
Nursing tutor vacancy,courses,information_seeking,medium
Physiotherapy ke bare me batao,general,information_seeking,high
Queen marys OPD kaise online kare,opd,scheduling,high
Bsc radiology addmission form,departments,information_seeking,high
Mri job vacancy hai kya,career,information_seeking,medium
DDH diploma me admission kaise le sakte hai apke yaha,admissions,information_seeking,high
743 nursing officer vacancy ka exam kb tk hoga,exams,information_seeking,medium
Hey can i have lasik,general,information_seeking,high
Admission process for bsc radiology and imaging technology,admissions,information_seeking,high
DMLT course k liye entrance exam form kb tkk bhare jyenge 2026,admissions,information_seeking,medium
i want to know about reporting of mbbs,courses,information_seeking,medium
Nursing tutar ki total post,courses,information_seeking,high
admission for paramedical course,admissions,information_seeking,medium
Advt no 38/R 2024 post technician radiology level 6 ka result kab tak aayega,exams,information_seeking,medium
Fees structure of B.sc radiology,fees,information_seeking,high
mphil clinical psychology entrance application form,admissions,navigation,high
Kgmu non teaching jinka papaer hua h.... Unka result to aa gya h,exams,information_seeking,high
Ach result kb aayega waise upcnet ka,exams,information_seeking,medium
डेंटल हाईनेस डिप्लोमा के बारे में एडमिशन के बारे में जानना चाहता हूं,general,information_seeking,high
How can i apply for my mbbs provisional degree certificate,courses,information_seeking,medium
Lari Hospital ki report online dikhegi??,general,information_seeking,high
Give me contact no of examination cell,exams,information_seeking,medium
I need to know about opd days of urologist dr. Vishwajeet,opd,information_seeking,high
which entrance exam is their to get admission in kgmu for bachelor of physiotherapy,admissions,information_seeking,high
Mere ko BMLT karna hai kya hoga is college me agr ha to kaise hoga pura details me batao kya cuet se is collage me addmission hota hai,general,information_seeking,high
Who is the best pulmonologist in KGMU,faculty,information_seeking,high
New vacancy nursing tutor,courses,information_seeking,medium
How to download admit card exam date 03 april 2026,exams,scheduling,medium
Dr. Sharad Chandra,general,information_seeking,high
अपने बताया की org.in मे follow up पर जाकर ओपिटमेंट ले सकते हैं,general,scheduling,high
I want to rejister a form for paramedical course,courses,information_seeking,medium
mujhe achanak se ghabrahat hone lagti h isi sambandh me mujhe doctor ko dikhana h,general,information_seeking,high
Pharmacist final result Kb ayega,exams,scheduling,medium
Nursing officer requirement2025 exam date,exams,information_seeking,medium
"Hello, when can i do my bds admission",admissions,scheduling,medium
Aso medical update,general,information_seeking,high
Bsc optometry admition,courses,information_seeking,medium
26 jun 2026 ko OPD open rahe gi,opd,information_seeking,high
Job for nursing,courses,information_seeking,medium
Mujhe Cardio technician mein admission lena hai uska admition process kya hai?,admissions,information_seeking,medium
Admission merit basis pr ho raha ya other entrance process,admissions,information_seeking,medium
Mai kgmu me admission lena chahti kya iske liye koi entrance exam dena hoga,admissions,information_seeking,medium
Is cardiovascular and thoracic surgery department open as usual and on which day ?,departments,scheduling,high
Mujhe vanacy bharni h kgmu me job krne ke liye,career,information_seeking,medium
Opd band rahega,opd,information_seeking,medium
How to register for OPD for follow-up after discharge,opd,information_seeking,medium
Can I took addmission on merit basis in allied health care program,courses,information_seeking,medium
Private ward ki feese kitni h,general,information_seeking,high
Liver transplant hota hai,general,information_seeking,high
No BCBR. Form,general,information_seeking,medium
What about oncology clinic in opd,opd,information_seeking,high
Msc nursing fees structure,fees,information_seeking,medium
Doctor ji se milna hai,general,information_seeking,high
How to check kgmu pharmacist result,exams,information_seeking,medium
"I want to show my patient to physician, is this available on Saturday?",general,information_seeking,medium
Humko janna hai ki pgdmlt ki application form ka last date kab tak ka hai,general,information_seeking,medium
Mahavir jayanti ko kgmu open rahega,general,scheduling,medium
Kgmu admission process,admissions,information_seeking,medium
डॉक्टर पीके शर्मा आज बैठेंगे,general,information_seeking,high
where can i find the result for non teaching post,exams,navigation,medium
How will I get admission? Will there be an entrance exam or will it be based on 10+2 merit?,admissions,information_seeking,high
appointment book kerni hai,appointment,scheduling,high
How to download admit card nursing officer 2026,courses,information_seeking,medium
Anm nurse admission and fee,admissions,information_seeking,medium
Kgmu staff nurse ka exam kab hoga,exams,scheduling,medium
Currunt pharmacist vacancy,departments,information_seeking,high
मैं मैसेज और हेल्पलाइन नंबर पर कॉल करके देख चुका हूं कोई भी तरीका काम नहीं कर रहा है,general,complaint,high
to mujhe bataiye ki OT Technician ka form kab ayega,general,information_seeking,medium
All about eligibility criteria for medical laboratory technologist post 2026,admissions,information_seeking,medium
Nursing sttafe 2025 exasme datekyta,courses,information_seeking,medium
"Hi, way to opd",opd,navigation,high
Government institute mai ott ka course krne ke liye entrance exam Dena pdtha hai ki nhi,admissions,navigation,high
Admission to apply,admissions,information_seeking,medium
Is there bsc in biotechnology in this college,courses,information_seeking,medium
I want to yellow fever vaccination,general,information_seeking,medium
interventional radiology,departments,information_seeking,high
Spine doctor,general,information_seeking,high
Today appointment already sent SMS,appointment,information_seeking,high
Assistant professor for public health community medicine,faculty,information_seeking,high
Prices are fixed or variable,general,information_seeking,medium
Any job available here 12 pass out,career,information_seeking,high
How to download death certificate,general,information_seeking,high
Kgmu computer programmer ka result kab aayega,exams,scheduling,medium
How to check fee structure for bsc nursing of 2024,fees,information_seeking,medium
Which date entrance form release for ot,admissions,information_seeking,medium
B.P.T me admission lena hh,admissions,information_seeking,medium
Abhi exam diya h haali me,exams,information_seeking,high
Opd apotment,opd,information_seeking,high
Online registration Karwa kar opd me dikha sakte hai?,opd,information_seeking,high
Nursing related koi vaccancy ayi h,courses,information_seeking,medium
Hello sir can you tell me the price CBC test?,general,information_seeking,medium
Bsc rediolgy ki fees kitni hai,fees,information_seeking,medium
I wanted to know if there is a bond in KGMU for BDS UG course,courses,information_seeking,high
Calling timing kya hai,general,scheduling,medium
OPD appointment booking,opd,scheduling,high
Hi there...any vacancies available for nursing tutor,courses,information_seeking,medium
I want Appointment eye department,appointment,scheduling,medium
Instatine Tb ke leye kis vibag ke doctor se milna padega,general,information_seeking,high
But Monday ko sholt open nahi dikha raha hain ors portal par,general,scheduling,high
Today ambedkar jayanti so 14 April opd open,opd,information_seeking,high
Are the dermatologist are well qualified and experienced,departments,information_seeking,high
Dr Rajkumar Maurya,general,information_seeking,high
how to apply 2026 pharmacist vacancy in kgmu,departments,information_seeking,medium
I am unavailable to find how to take admission in bsc nursing,admissions,navigation,medium
This clg is only for mbbs?,courses,information_seeking,high
Muje appointment cheye,appointment,scheduling,medium
Kgmu seat leaving penanlty,admissions,information_seeking,medium
How I can get staff nurse exam admit card 2026,exams,information_seeking,medium
How to download admit card for nursing exam,exams,information_seeking,medium
highly exprence dr. name of medicine,departments,information_seeking,high
Need a admissiom in bpt,general,information_seeking,medium
"Hello, I'm here to enquire about obg department in KGMU since neetpg counselling are going on and I might get this college...so need contact number of any OBG resident from kgmu",admissions,information_seeking,high
Need appointment of Dr. Swastika,appointment,scheduling,high
Dermatologist ke bare me jaanna hai,departments,information_seeking,high
What is the eligibility for assistant professor,admissions,information_seeking,high
Skin ke doctor kaun sa din baithate hai,general,scheduling,high
Holiday,general,scheduling,high
Application form for paramedical course,courses,information_seeking,medium
IS THE ADMISSIONS OVER?,admissions,information_seeking,medium
Dental assistant course,courses,information_seeking,high
Kgmu me gazzeted chhuti ka list kya hai,general,information_seeking,medium
hepatomegaly department,departments,information_seeking,high
KGMU non teaching recruitment result,exams,information_seeking,high
I want to know that tomorrow kgmu is open or not on 27/03/2026,general,information_seeking,medium
Heart ka operation admit karne ke kitne din baad hota hai,general,information_seeking,high
Dylsis bed,general,information_seeking,high
Where is the entrance exam form?,admissions,information_seeking,medium
Diploma in Optometry how to proceed for admission process,admissions,information_seeking,medium
Cardiac department me appointment kaise book kare,appointment,information_seeking,high
internship apply krna h 6 month 8 december se 15 may 2026 tk,career,information_seeking,high
How can I apply for bsc ot for 2026 session,courses,information_seeking,medium
Nephrologist ki opd kb kb hoti hai,opd,information_seeking,high
throat doctor,general,information_seeking,high
hi how to download various post examination admit card,exams,information_seeking,medium
How to apply for MHA 2026 admission,admissions,information_seeking,medium
Kgmu me dcct ke liye admission kaise le,admissions,information_seeking,medium
Admission process for diploma courses,admissions,information_seeking,high
Helpline no for admission,admissions,information_seeking,medium
Bsc nursing admission process,admissions,information_seeking,medium
"document download section is blank for November 28 ,2025 advertisement for contractual faculty post. kindly enable .",faculty,information_seeking,high
I want to take admission for bpt course and I want to apply for entrance exam,admissions,navigation,medium
Appoiment with dr sumit rungta,general,scheduling,high
DDH course,courses,information_seeking,high
How do I know about dermatologist opd,opd,information_seeking,high
Kgmu me kya merit base pe course uplabhdh hai arts students ke liye 12th passout,courses,information_seeking,medium
How to opd,opd,information_seeking,high
Admissions process for b optometry,admissions,information_seeking,medium
how to get death certificate of the patient,general,information_seeking,high
Mujhe apke university se bmlt karna hai iska Kya process hai,general,information_seeking,high
Mujhko BSc nursing se related jankari chahiye,courses,information_seeking,high
How to enroll in bpt course,courses,information_seeking,medium
Ot technician course form application date,courses,information_seeking,high
online admission nhi hota,admissions,information_seeking,medium
Mere dant bahar nikal rahe hi,general,information_seeking,high
Me waha Jake kya kahu,general,information_seeking,high
"Good afternoon I'm from Tamilnadu alloted a MD seat in KGMU Lucknow, I'm traveling tomorrow and will report to the hospital on Dec 24th. Kindly let me know the working hours. Thank you",admissions,feedback,medium
Nursing officer ka exam kb tak ho sakta hai,exams,information_seeking,high
Who is opd incharge of ctvs dept on Tuesday,opd,information_seeking,medium
Admission lena hai diploma radiology me uski link,admissions,information_seeking,high
I want to know about sisters tutor vacancy,career,information_seeking,high
eye doctor kis din aur kaun bhaithte hai,general,information_seeking,high
Kya direct admission ho skata hai bsc nursing me,admissions,information_seeking,medium
Mbbs admission process?,admissions,information_seeking,medium
182047906,general,information_seeking,high
Opd card,opd,information_seeking,medium
Kgmu staff nurse 2025 ka exam kab hai,exams,information_seeking,medium
please send the number where i can send the message,contact,navigation,medium
दिल के डाक्टर को,general,information_seeking,high
They all are not responding,general,information_seeking,medium
Kal OPD hai,opd,scheduling,medium
Is B opto available in kgmu,general,information_seeking,medium
how can i get admission in this university in bsc nursing,admissions,information_seeking,medium
What is the fees of sti clinic,fees,information_seeking,high
Can I take admission in paramedical course directly,admissions,information_seeking,medium
Nursing officer ka exam kab hai,exams,information_seeking,medium
Nursing Officer exam 2025 ka kab hoga,exams,scheduling,high
I have forgotten my application number and password for lab technician post,contact,information_seeking,medium
appointment book QR,appointment,scheduling,high
21 march 2026 ko opd khulla hai,opd,information_seeking,medium
Kgmu nursing officer 2025 ka exam kab tak hoga in 2026,exams,information_seeking,medium
Exact price,general,information_seeking,high
Medical Lab technician recruitment result aaya ya nahi,exams,information_seeking,high
librarian ka result link need,exams,information_seeking,high
Sir physiotherapy vacancy hai,career,information_seeking,medium
I want to know about paramedical course and how to take admission,admissions,information_seeking,medium
Where is pediatric surgury,departments,navigation,high
Dr.Rajat Jain sir ki ops kab hoti hai?,general,scheduling,high
Diploma in cardiology technician,departments,information_seeking,high
OPD timing ?,opd,scheduling,medium
Admit card for the post of receptionist...3rd april,general,information_seeking,medium
IS OPG DONE AT YOUR DENTAL FACILITY,general,information_seeking,high
Or massage kar sakte hai,general,information_seeking,medium
Mujhe fees ke bare me janana g,fees,information_seeking,medium
I want to talk to admission portal,admissions,information_seeking,medium
Dermatology opd schedule tomorrow and how to register,opd,information_seeking,high
Rules regarding health beneficiary and dependent in health card for kgmu employees,general,information_seeking,medium
Dialysis ki exact cost kya hai kgmu me,fees,information_seeking,high
Kgmu hospital ki kis di april me opd band rahega,opd,scheduling,medium
Tomorrow ops timing?,general,scheduling,medium
Online Appointment,appointment,information_seeking,high
Schedule appointment,appointment,scheduling,high
addmission,general,information_seeking,medium
Kindly provide email of cms,contact,information_seeking,high
Inquiry for bsc nursing course,courses,information_seeking,medium
Kgmu nursing recuitment paper kab tak hoga,exams,scheduling,medium
OPD appointment,opd,scheduling,medium
I want to know about BsC in radiology,departments,information_seeking,medium
Application date for dmlt course,courses,information_seeking,medium
Bsc nursing Krna chahta hu,courses,information_seeking,medium
Sir mujhe eye doctor ko dikhana hai,general,scheduling,high
ऑनलाइन ओपीडी,general,information_seeking,high
Mujhe nerologist dr rijwan rijvi ko dikhana h,general,information_seeking,high
I need mobile no to connect with a doctor or someone to check whether the doctor is available today or not,general,information_seeking,high
Book kaise kare poora process kya hai,appointment,information_seeking,high
CARDIYOLOGY ME KAISE DIKHAAYE,general,navigation,high
Is there MSC in medical microbiology is available,departments,information_seeking,high
Cmlt form,general,information_seeking,high
I want to do my mother's mammography,general,information_seeking,medium
Intership ke liye kese apply kre,career,information_seeking,medium
Orthopedic doctor Tommorow,departments,scheduling,high
"As a intern, when will i reach at the kgmu on the 1st day because I don't know about the timing",general,scheduling,medium
how to book opd schedule,opd,scheduling,medium
"Maine jis mobile number se pahle appointment liya tha usi number se new appointment le sakte hain ,",appointment,information_seeking,high
PDCC ADMISSION,admissions,information_seeking,medium
Medicine hod nd staff,faculty,information_seeking,high
ऑनलाइन बुकिंग कैसेकरें,general,information_seeking,medium
Mph course,courses,information_seeking,high
Hii me Anushka .. kya aap bta skte hai aapke collage KGMU me bott course hai,courses,information_seeking,medium
Koi barti nahi le Raha tab kya kare,general,emergency,high
Not showing exam schedule,exams,scheduling,high
यूरोलॉजिस्ट है सर,general,information_seeking,high
Total marks entrance exam abvmu cpet,admissions,information_seeking,medium
Abhi jo nursing tutor ki kitni vacancy nikli hai,courses,information_seeking,medium
Fellowship in implant,general,information_seeking,high
Kgmu me nursing tender kon sa h,courses,information_seeking,medium
Which number to contact for MD admission process among the numbers given above,admissions,information_seeking,medium
How to apply form for bpt,career,information_seeking,medium
admission process for BMLT course,admissions,information_seeking,medium
Aap mujhe kya jaankari de sakte hai,general,information_seeking,medium
Is course ki fees kitni hai kgmu mein,fees,information_seeking,medium
Nurshing officer recruitment exam date,exams,scheduling,medium
Mujhe dhls course karna hai,courses,information_seeking,medium
Namaste main GNM me addmission lana chaheti hu ap meri help kijiye please,general,information_seeking,medium
IS ENTRANCE EXAM STARTED,admissions,information_seeking,medium
When entrance is conducted for bsc radio,admissions,information_seeking,high
Hello how to apply for non pg jr ship,career,information_seeking,medium
Urology,departments,information_seeking,high
admission last date,admissions,scheduling,medium
Main OPD ke liye online appointment kaise le sakta hu,opd,information_seeking,high
I have done my diploma in anaesthesia and critical care tech last year there has no job vacancy regarding this course please help me out for further vacancy ...,courses,information_seeking,high
it says page doesnt exist,general,information_seeking,medium
कोडिलोजी,general,information_seeking,high
Kjmu medical college mein OT technician need hai kya,general,information_seeking,medium
What is the last date to apply for MHA,career,scheduling,high
Give me the details how to take appointment for the opd,opd,scheduling,high
I want to book an appointment for yellow fever vaccination,appointment,scheduling,high
diploma in dental hygienist admission,admissions,information_seeking,medium
HOW TO TAKE APPOINTMENT ONLINE,appointment,scheduling,medium
Heart doctor opd time and name kya ha,opd,scheduling,high
How to get admission for bds,admissions,information_seeking,high
Spine opd,opd,information_seeking,high
Post basic bsc nursing admission,admissions,information_seeking,high
Exam centre for non teaching posts,exams,information_seeking,medium
"Hi..this is Shivani Sharma, RCI registered ASLP. I wanted to enquire if there is a vacancy for the post of audiologist and speech therapist.",career,information_seeking,medium
How can I know that?,general,information_seeking,high
How will I get addmission in bpt,general,information_seeking,medium
Is there any vacancy for gnm,career,information_seeking,high
Opd appointment number,opd,scheduling,medium
Bsc main admissions lena hai,admissions,information_seeking,high
When will the entrance exam from for mphil clinical psychology 2025 to 2027 session be released..?????,admissions,scheduling,high
And abvmu cpet,general,information_seeking,high
Para medical me addmission lene ke liye form fill Krna hai,general,information_seeking,medium
Kya mujhe official website mil skti h,contact,information_seeking,medium
"My boy age of 4 year is suffering from one month, who can help me",general,information_seeking,medium
If I do registeration by myself can I meet the doctor same day,general,scheduling,high
Saturday ko opd rhti hai neurology main ya nahi?,opd,information_seeking,high
Which gate nom ent department,departments,navigation,high
Dr chandrakanta,general,information_seeking,high
Kya koi vacancy staff ki h,faculty,information_seeking,medium
Bsc nursing form,courses,information_seeking,medium
KGMU Lucknow government medical University me B pharma entrance exam 2026 ke form kb niklenge,admissions,navigation,medium
Kya paramedical course ke liye 12 ke marks relevant h,courses,information_seeking,high
Bsc form filling date,courses,scheduling,medium
Bsc in radiology and imaging technology,departments,information_seeking,high
Diploma course me aadmiton krvana h,courses,information_seeking,medium
Mphil clinical psychology entrance exam 2025 apply from Kab tak aayga..????,admissions,scheduling,high
Pcpndt competancy based exam,exams,information_seeking,high
Kab se paramedical,courses,scheduling,medium
Mbbs fees,fees,information_seeking,medium
Kal opd open rahega,opd,scheduling,medium
Kaise karbanye 29/62026 ka appointment,appointment,scheduling,high
When classes will start of bds batch 2025 stray vacancy round,courses,scheduling,medium
How i take icu bed,emergency,information_seeking,high
I want appointment for psychiatric,appointment,scheduling,high
How to Opd hematology appointment,opd,information_seeking,high
Aapke yahan City scan ka number kaise lagta hai,contact,information_seeking,high
12 th paas PCB,general,information_seeking,high
Bpt course enquiry,courses,information_seeking,medium
offline appointment ?,appointment,scheduling,medium
Kya kgmu mein ivf ka kharcha ayushman say ho skta h,general,information_seeking,high
What to do for appointment,appointment,information_seeking,high
Eswl price,general,information_seeking,high
Total opd count,opd,information_seeking,medium
Diploma in physiotherapy is available,courses,information_seeking,high
I'll try website to open last 3 daya but website is not open,contact,scheduling,high
Can I get a medical record of patient,general,information_seeking,high
Report time of hiv elisa method,general,information_seeking,high
Appointment ke liye kab call krna hai,appointment,scheduling,medium
is the college providing m.phil in clinical psychology,general,information_seeking,medium
Kgmu nursing officer kab hoga,courses,scheduling,medium
Can I get admission in BMRIT on merit bases,admissions,information_seeking,high
I don't know,general,information_seeking,high
ओपीडी में बच्चे को दिखाना है सोमवार को,general,information_seeking,high
Kal vivek Agrawal sir kal milege ya nhi,general,information_seeking,high
Bacha hua seat pe admission kase le,admissions,information_seeking,medium
Where i can complaint,general,complaint,medium
क्या आप मुझे केजीएमयू में प्रवेश के बारे में बता सकते हैं?,general,information_seeking,high
When will be nursing officer exam 2025 held,exams,scheduling,medium
How to apply admission form,admissions,information_seeking,medium
On 30 march,general,information_seeking,medium
KYA AP BTA SAKATE HAI KI MERIT BESS SE ADMISSTION LENE KE LIYE KON SA DATE KONFORMHA,general,information_seeking,medium
Appointment for Surgery,appointment,scheduling,high
No one is picking the call,contact,information_seeking,high
Mujhe admission karane me help chahiye,admissions,information_seeking,medium
नेफ्रोलॉजी,general,information_seeking,high
Mujhe kgmu me maujud course list btaye,courses,information_seeking,medium
Kgmu nursing tuter vacancy link,courses,information_seeking,medium
verkikosell ke liye kon kon se test hote hi,general,information_seeking,high
I want to do acls bcls course in KGMU how can I do,courses,information_seeking,high
Dr. Akshay Anand se contact kaise kare. Date 11-july ko operation date batai thi. Or kaha tha call aaega lekin koi call nahi aai hai.,contact,scheduling,high
Patient khud apana report online dekh skte hai,general,information_seeking,high
how meany types of ward,general,information_seeking,medium
Gastro ki opd kis kis din rahti h,opd,information_seeking,high
I am very keep on getting this vaccine could you please provide information on the current status of this vaccine the process of how get vaccinated ?,general,information_seeking,high
Dermatologist dr. Kis din ayenge,departments,information_seeking,high
11 april 2026 ko opd me orthopedic ke kon se dr milenge,opd,scheduling,high
Skin doctors,general,information_seeking,high
Jo admission leta h uska number chahiye,admissions,information_seeking,medium
fistula in right kidney pipe,general,information_seeking,high
Is the gnm course offered in kgmu,courses,information_seeking,high
Kgmu ki bharti kab tak final hogi,career,scheduling,medium
main bhi peti course ke liye ismein kaise aavedan karun,courses,information_seeking,medium
Form for pdcc,general,information_seeking,high
IS YELLOW FEVER VACCINE AVAILABLE IN HOSPITAL,general,information_seeking,high
पूछने पर बताया जाता है कि सर्वर डाउन है,general,complaint,medium
Hii I want to about all ug courses offered by kgmu with their entrance exam and fees,admissions,navigation,high
plastic surgery department,departments,information_seeking,high
Aap PTA karke btao,general,information_seeking,medium
ANA test price,general,information_seeking,high
pcpndt mbbs cbd exam,exams,information_seeking,high
Main chahti hu dekhna kya course fee wagerah entrence kaise hote hai kha se dekhu?,fees,information_seeking,medium
Cadiology me dkhane ke liye kaise onlin book karu,appointment,scheduling,high
Who is dr Ram Avadh Kushwaha,faculty,information_seeking,high
Can I get previous year cut off marks for bsc nursing through cnet entrance exam,admissions,navigation,medium
Kya Mai apne aap date choose kr sakta hun,general,scheduling,high
Bachelor in healthcare management available??,general,information_seeking,medium
Pharmacy grade 2 ka result kab aayega,exams,scheduling,high
Cordiology me appointment kaise kre,appointment,scheduling,high
I'm from basti,general,information_seeking,medium
Kay Bsc radiology me merit list per hota Hai,departments,information_seeking,medium
Which department is suitable for gall blader stone,departments,information_seeking,high
Kgmu opd me doctor ko dikhana hai,opd,information_seeking,high
Onlin appoint,general,information_seeking,medium
Staff nurse admit Card 2025,faculty,information_seeking,medium
बच्चे को दिखाना था,general,scheduling,high
Multiple post ki admit card kab realese hoga,general,scheduling,medium
Wanna take admission,admissions,information_seeking,medium
Is it available at kgmu hrf counter,general,information_seeking,high
I want to do admission in paramedical,admissions,information_seeking,medium
Do have kgmu CTVS contact No,contact,information_seeking,high
Bsc nursing entrance exam form kab niklega,admissions,scheduling,medium
How many marks do I need in NEET to get admission in MBBS course in KGMU,admissions,information_seeking,medium
Online Ragistration,general,information_seeking,high
I’m not able to book opd appointment,opd,scheduling,medium
Fees for hesitation marks treatment,fees,information_seeking,high
Kya bsc ott ka form pad raha hai,courses,information_seeking,medium
hemotology department opd,opd,information_seeking,medium
documets required for mch admission,admissions,information_seeking,medium
Are the entrance application form open for etct course,admissions,information_seeking,medium
Do you have BPT,general,information_seeking,medium
I want appointment for medicine department,appointment,scheduling,high
I want a heart specialist in Lucknow.,general,information_seeking,high
Kya Pharmacist vaccancy ka result out ho gya hai,exams,information_seeking,medium
Bpt addmission Process,general,information_seeking,medium
Mpt exam form,exams,information_seeking,medium
Is there mpt course in kgmu?,courses,information_seeking,high
What if this website is not working then how to check the report,contact,complaint,high
Hematology,general,information_seeking,high
arun sharma,general,information_seeking,high
I have completed my registration for kgmu but when selecting the program option it's showing no result,appointment,complaint,medium
Radiology entrance k liye kya syllabus hai or kitne marks ka hota h or kitne marks mee pass ho kar addmission mil jata h,admissions,information_seeking,medium
Mri lumber spine test cost,fees,information_seeking,high
I took admission in fods kgmu on 19 nov 2025 I even don't know when exactly classes will be start,admissions,scheduling,high
Mai opd appointment lena chahta hun,opd,scheduling,medium
Dmlt course ka application form link,courses,information_seeking,medium
Kgmu exam kab hoga,exams,information_seeking,medium
May I know that Hematology OPD in which days get happens,opd,information_seeking,medium
Job vaccancy in blood bank,career,information_seeking,high
Need phone number to contact,contact,information_seeking,medium
how to download kgmu nursing officer admit card,courses,information_seeking,high
Mai kgmu me admission Lena chahta hu,admissions,information_seeking,medium
Staff nurse ki vacancy nikali hai,faculty,information_seeking,high
How can I apply for paramedical courses in kgmu,courses,information_seeking,medium
Recruitment notification,career,information_seeking,high
I want to work in OPD ophthalmology,opd,information_seeking,high
Hindi me,general,information_seeking,medium
क्या डॉक्टर श्रीकांत श्रीवास्तव आपके यहां मनोचिकित्सा विभाग में प्रोफेसर हैं,general,information_seeking,high
Paramedical admission from 2026,admissions,information_seeking,high
Vinay kumar,general,information_seeking,high
Nefrologist opd ke lie kaise jae,opd,information_seeking,high
want to get appointment,appointment,scheduling,medium
KGMU nursing ka exams kab Tak Ho ga,exams,scheduling,high
Kgmu pharmacist ki vacancy kab aarhi 2026,departments,information_seeking,medium
Any update regarding pharmacist joining expected date,departments,information_seeking,medium
Ha mujhe job chahiye lab technician ki,career,information_seeking,medium
Appointment to 8887019134,appointment,scheduling,high
Sharad chandra opd day,opd,scheduling,high
Neurology OPD appointment kaise le,opd,scheduling,high
Hepatitis B Ki Report positive aayi thi Elaz ke liye Kisko Dikhau,general,information_seeking,high
Paramedical addmission affidavit,courses,information_seeking,medium
Msw ka admit card aa gya hai kya,general,information_seeking,medium
Mujhe ye janana hai ki gestrology ke doctor kon kon se din dekhte hai,general,information_seeking,high
My mother's age is 70 years.Her leg has a severe pain.,general,information_seeking,high
Dr shah waliullah sir oppitment,general,information_seeking,medium
Steps to check ratelist on the website,contact,information_seeking,medium
Mujhe ent mein dr veerendra verma ki opd day and timing bataiye kya wo june mein available hain kis day aur date ko wo opd mein available honge,opd,scheduling,high
Please share me the link of admission portal,admissions,information_seeking,medium
Ent opd dr rajat jain kis kis din ki opd dekhte hai,opd,information_seeking,high
Aaj 14 apil ki vajah se band to nahi hai,general,scheduling,medium
Faculty ke liye jo recruitment ki date ayi hai 28 nov ko jiski last date 20 dec h uska link upload ni hua apki official site pr,faculty,scheduling,high
Kya kgmc me Allied health sciences pe teaching ki vacancy aayi hai ?,career,information_seeking,medium
OPD kitne timee open hoti h stiff kitne baithege,opd,scheduling,high
Bsc nursing main 64 marks hain obc se...,courses,information_seeking,medium
Msso faculty and salary,faculty,information_seeking,medium
"X-ray technician course at KGMU, specifically about its duration and fees.",fees,information_seeking,high
Op Singh ka photo,general,information_seeking,high
Controller of examinations se mile the professor Anup Kumar Verma sir se to bole jb dgme Sahi nhi Karega to hm bhi nhi karenge........,exams,information_seeking,medium
दवा निशुल्क हैं या खरीदना पड़ता हैं,general,information_seeking,high
When will the KGMU OT entrance exam be held in 2026?,admissions,scheduling,high
Abhi 3 april m jo exam h usme nursing officer level 7 ka exam hai ya nhi,exams,information_seeking,medium
Need counselling pdf of 2025,admissions,information_seeking,medium
yes maam please,general,information_seeking,medium
autism care department,departments,information_seeking,high
Kya KGMU me online counselling session ki suvidha h,admissions,information_seeking,high
OPD gastroenterologist,opd,information_seeking,high
dental department,departments,information_seeking,high
I want appointment in opd of dr shweta pandey,opd,scheduling,medium
dr rohit,general,information_seeking,high
Jmlt admit card,general,information_seeking,medium
Soo is the addmission still open for B.Sc. in Radiotherapy Technology,general,information_seeking,medium
Exam kab h nursing office ka,exams,scheduling,high
Mujhe kgmu nursing officer me exam date ki पूछनी hai,exams,information_seeking,medium
Nursing officer ka result ka link do,exams,information_seeking,medium
Mujhe chakker aate hai aur mera bp lwo rahta hai kis dipartment ki OPD ragister karu,opd,information_seeking,high
How can I apply for the course diploma in optometry,courses,information_seeking,medium
Mujhe bmls BPT Jaise courses mein admission lena hai,admissions,information_seeking,medium
General medicine,departments,information_seeking,high
आपके स्टॉक में कौन कौन सा इंजेक्शन है,general,information_seeking,high
Lucknow nursing tutor and assistant professor notification,faculty,information_seeking,medium
Kya aapke college me bsc nursing course hota hai,courses,information_seeking,high
Agar vo nhi bolenge to mtlb agr unhone kaha kii mri karane ki jarurat nhi h ye normal h to firr?,general,information_seeking,high
Appointment Booking,appointment,scheduling,high
Bmlt ka admission form,admissions,information_seeking,medium
Nursing vecancy ke liye bata dijiye,courses,information_seeking,medium
Is opd open tomorrow or holiday?,opd,scheduling,medium
And dialysis vo kitne ki hogi,general,information_seeking,high
can you give the phone number,contact,information_seeking,high
Dr Ayush yadav,general,greeting,medium
on line appointment is available,appointment,scheduling,medium
Mai ek aam nagarik hu mujhe apni aankho ko dikhana hai,general,information_seeking,high
Hello can i get the contact no. Of mr. Anit parihar,contact,information_seeking,high
Mera no. Update krwa na tha..Jis no. Se appointment leta hu wo dushre ka h,appointment,complaint,high
Admission Lena h,admissions,information_seeking,medium
Timing schedule for Dr. Rizvi,general,scheduling,high
Kya waha patient emergency me ho to ilaj ke kya karn padega,emergency,information_seeking,high
I need to nursing from,courses,information_seeking,medium
Admission portal is open or not,admissions,information_seeking,medium
Leb report kaise mile gi,general,information_seeking,medium
how to take admission in dmlt,admissions,information_seeking,medium
how to the fill up the entrace exam and get addmision,exams,information_seeking,medium
Rehmutolgy m online appointment lena hai,appointment,scheduling,medium
When Msc radiology forms get released,departments,information_seeking,medium
14 November ko,general,information_seeking,medium
Vecancy,general,information_seeking,high
Is there any entrance exam for admission to BPT,admissions,information_seeking,medium
nursing oficer ka exam kab tak h,exams,scheduling,medium
Kgmu ot assistant 2024 ki final list kb aayegi,general,information_seeking,medium
Haematology,general,information_seeking,medium
Aaj ppd bamd to nahi hai kyuki àaj bakreed hai,general,information_seeking,high
B farma ke bare me jana chate h,general,information_seeking,medium
Kya ye acha option hai jo me soch rhi hu mri technician ka,general,information_seeking,high
kya mujhe dr aayush sir ka nomber mil sakta hai,general,information_seeking,medium
Answer me,general,information_seeking,high
Is opd open today,opd,information_seeking,high
How to get online appointment,appointment,information_seeking,high
How many seats are available can you tell me cut off and other deatils,admissions,information_seeking,medium
How to book appointment online,appointment,scheduling,medium
Gum me bleeding or sujan halka sa dard,general,information_seeking,medium
Is there is any entrance exam for admission in bpt,admissions,information_seeking,medium
2025 me kitne average walo ko seats mili thi,admissions,information_seeking,medium
Bsc dialisis technology ka entrence exam kab tak hog,exams,information_seeking,medium
What's the eligibility criteria for bsc radiotherapy,admissions,information_seeking,high
Help for me,general,information_seeking,medium
Can I book appointment,appointment,information_seeking,high
Subject code kya hai,general,information_seeking,high
Kgmu nursing dept contact no,courses,information_seeking,high
Which department,departments,information_seeking,high
I wanted to ask about recruitment vacancy for senior resident posts,career,information_seeking,medium
SMS krne ke baad kya krna hoga,general,information_seeking,high
Bsc in nutrition and dietetics course are available,courses,information_seeking,medium
need appointment in lari,appointment,scheduling,high
Tiutor post,general,information_seeking,medium
Dr name mane,general,information_seeking,high
Bsc nursing ki kitni phiss hai,courses,information_seeking,medium
Non teaching pharmacy Wala grade 2 ka result,exams,information_seeking,high
Obstetrician and Gynaecologist,departments,information_seeking,high
Bpt admission process kya hai,admissions,information_seeking,medium
Mai radiology krna cahti hu addmission kaise lu entrance dena pdega date ha??,admissions,information_seeking,high
मुझे आपॉइंटमेंट मेडिकल इंडोक्रोनॉलॉजी 8 12 2025 का ओपीडी में चाहिए,general,information_seeking,high
i need the contact person for call centre,contact,information_seeking,high
name 14 diploma coarse,courses,information_seeking,high
Kya koi admission form out huye hn,admissions,information_seeking,medium
Where can I download my admit card for nursing officer test,courses,navigation,medium
Direct Recruitment of Group - B & Group - C Posts(38/R-2024) Technician (Radiology) Lavel -6 ka result kab ayega please sir,exams,scheduling,high
When will admission process start for M. Phil clinical psychology,admissions,scheduling,high
i want to take bpt admission,admissions,information_seeking,medium
"Main non medical posts jaise accountant, cashier, helper etc jaise posts ke liye applicable hu. Madad karein",general,information_seeking,medium
admission form for bpt,admissions,information_seeking,medium
But ai ham logo ki financial problem hai kaise dialysis karayenge ayushman card ke liye eligible nahi,admissions,information_seeking,high
Opd book apointment,opd,scheduling,medium
Cardiology me opd me dikhana h dr. Abhishek singh ko,opd,scheduling,high
I want to know the price of blood tests,general,information_seeking,high
which all documents are required during admission in mbbs,admissions,information_seeking,medium
What is the score required for ms in trauma surgery,departments,information_seeking,high
i want to book an appointment for the ent surgery,appointment,scheduling,high
B. s. c Nursing exam detail,exams,information_seeking,high
My patient death certificate,general,information_seeking,medium
I want knownabout the course of bsc in biomedical sciences,courses,information_seeking,high
Appointment booking,appointment,scheduling,medium
I want to name of neurologist Doctor best,departments,information_seeking,high
I want to apply for designation,career,information_seeking,high
How much NEET marks does kgmu takes for MBBS,admissions,information_seeking,medium
Then how to take admission in bpt in kgmu for 2026,admissions,information_seeking,high
How to give entrance exam to kgmu na BSc nursing,admissions,information_seeking,medium
Nursing office walla exam kab hai,exams,scheduling,medium
Direct admission available or not available?,admissions,information_seeking,medium
Hepatitis b ke liye kon se doctor se sampark kare,contact,information_seeking,high
Cordio vascular ke doc ka. Bathte hai,general,information_seeking,high
I am going to Kenya so I need to get vaccinated,general,information_seeking,high
Nursing ka online karna h,courses,information_seeking,medium
lab technicain admit card,general,information_seeking,medium
Mujhe pediatrics ko dikhana h,departments,scheduling,high
I want book one apointment for cardiology department,appointment,scheduling,high
Isme admission kaise hota hai,admissions,information_seeking,medium
Aaj kgmu hospital lucknow close hai kya,general,information_seeking,medium
Kgmu paramedical entrance test kb hoga,admissions,scheduling,medium
How to book cardiology appointment,appointment,scheduling,high
How to register for online opd?,opd,information_seeking,medium
Whether any medicines can be called upon from open market,general,scheduling,high
Mujhe admission Lena hai kaise lu b.sc nursing me,admissions,information_seeking,medium
Where is new opd,opd,navigation,high
Mujhe admission and course wla option nhi mil rha,admissions,information_seeking,medium
"क्या शराब छूट जाती है, कितना % ट्रैक रिकॉर्ड है, kgmu का",general,information_seeking,high
OCD is ilaaz hota hai ?,general,information_seeking,high
Kya mujhe paramedical ke not admitted student ki list with contact number mil sakti hai,courses,information_seeking,high
Assistant professor physiotherapy,faculty,information_seeking,medium
After taking admission SS 2025 in first round when i have to report again for hostel allotment and duties,admissions,scheduling,medium
New registration in urology,appointment,navigation,high
Urologist kis din opd karaye,opd,scheduling,high
Dr Amit Arya,general,information_seeking,medium
Meri wife swaleen pregnant hai uska tifa karana hai,general,information_seeking,high
Ot technician ka vacancy aaya hai kya job ke liye,career,information_seeking,medium
Off line job hai kgmu mai uske bare me bataye,career,information_seeking,medium
OPD chahiya,opd,information_seeking,high
MHA admission fee structure,admissions,information_seeking,medium
To phir bhi kgmu me separate dialysis machine use hogi ? Ye to bhed bhav hua nah ? Kyuki maine check Kiya rates me usme hiv hcv and hepatitis walo ke liye alag machine hain?,general,information_seeking,high
Book apoyment for old pesent,appointment,scheduling,high
Procedure for Document Verification for M Phil Clinical Psychology,general,information_seeking,high
Msc in optometry available in your university,courses,information_seeking,high
Operation theatre technician posts,general,information_seeking,medium
Cleft lip and plate surgery information,departments,information_seeking,high
i am interested in bachelor in physiotherapy,general,information_seeking,medium
Kgmu me tiffa ka koi charge hai ya nhi,fees,information_seeking,high
I want to book an appointment for opd,opd,information_seeking,high
Please explain me in hindi,general,information_seeking,medium
Neck pain,general,information_seeking,high
Kya admission ke baare me pta chal skta h ki nhi genetic and molecular microbiology pg course ka chal raha hai ki nhi,admissions,information_seeking,medium
Suresh chandra किस दिन देखते हैं,general,scheduling,high
Online appointment booking system,appointment,scheduling,medium
mujhe isme admiission kaise milega,general,information_seeking,medium
KGMU pharmacist ka 14/11/25 me jo hua hai,departments,information_seeking,medium
3 april exam msso,exams,scheduling,medium
Nursing officer ki vacancy ayi thi uska exam kab hai,exams,scheduling,medium
How to apply in KGMU nursing tutor?,courses,information_seeking,medium
Whose professor OPD tomorrow in dept of neurology,opd,information_seeking,high
City slip,general,information_seeking,medium
Bachelor's in ot,general,information_seeking,high
I want an appointment,appointment,scheduling,medium
BMLT KARNA HAI paramedical department se milna hai,departments,information_seeking,high
Dmlt admission,admissions,information_seeking,medium
Recently I find vacancy of medical office in kgmu,career,information_seeking,medium
Mai kgmu me upchar karana chahta hu uski kya prakriya hai,general,information_seeking,high
Mujhe dmlt karna hai kese hoga admission aur fess kitna hai,admissions,information_seeking,medium
admition in MHA,general,information_seeking,medium
MDS cutt off ?,general,information_seeking,medium
Slot booking for yellow fever,appointment,scheduling,medium
Opd appoinment,opd,information_seeking,medium
Bsc nursing ki total fess kitni padti hai,courses,information_seeking,high
Best surgeon kaun h,general,information_seeking,high
Scarless gynecomastia surgery,departments,information_seeking,high
Know about admission in bsc radiology,admissions,information_seeking,medium
I am a Uttar Pradesh police constable I want to treatment my mother,general,information_seeking,high
Kindly provide email of CMS,contact,information_seeking,high
Mujay bsc nursing ka course Krna ha,courses,information_seeking,high
Form ka link,general,information_seeking,medium
AGOI 2025,general,information_seeking,high
Online opmente book krwna hai,appointment,scheduling,high
Give steps generate online report altrasound,general,information_seeking,high
मरीज को दिखना है,general,information_seeking,medium
Where can I get mbbs student list,courses,navigation,medium
Want to take admission in Khemu,admissions,information_seeking,medium
pharmacist exam result,exams,information_seeking,medium
Exam date for nursing officer 2025,exams,scheduling,high
I want to take admission in KGMU,admissions,information_seeking,medium
Are applications for session 2025-2026 live for MPhil clinical psychology?,general,information_seeking,high
Anm vacancy of samvida,career,information_seeking,medium
dr. ml Patel sir opd shedule,opd,information_seeking,high
Surgery opd time table,opd,scheduling,high
Aap mujhe kitne saal ke log ye kr skte h bus ye bata diye age bata diye,general,information_seeking,high
Application form realise date???,general,information_seeking,medium
Kya college me admission ke liye intrence exam dena hoga,admissions,information_seeking,high
Tell me for the DOTT,general,information_seeking,high
Tommorow is ram navmi I think,general,information_seeking,medium
Nursing post,courses,information_seeking,medium
14 nov ko jo opthalmic assistant kaexam hua tha uska result aa gya???,exams,information_seeking,medium
What's the fees structure of bsc nursing,fees,information_seeking,medium
Dermatology department kis new OPD bullding me lagta hai 3rd floor per,opd,information_seeking,high
What r the timings to call /contact the registrar office?,contact,information_seeking,medium
How to book private room before operarion,appointment,scheduling,high
I want to ask about neet pg document verification round 1 counselling,admissions,information_seeking,high
I want to know the date toh non tech Radiotherapy exam date,exams,information_seeking,medium
Is there a cancer patient treatment,general,information_seeking,high
admission process of bachelor-of-physiotherapy,admissions,information_seeking,medium
Total course fee for course BPT,fees,information_seeking,medium
"Hi,I need to know admission details of BPT course",admissions,information_seeking,medium
Kgmu nursing officer level 7 exam date,exams,scheduling,medium
Doctor Suresh Kumar shchedule,general,information_seeking,high
Opd me book karne ke baad message nahi aaya,opd,scheduling,medium
I want to know about h.n.m. vacancies,general,information_seeking,medium
मानसिक रोगी बच्चे का इलाज करवाना हैं,general,information_seeking,high
Mai 12 passout PCM streem se ki hu ...but mujhe Radiology wala diploma krna hai tooh aap bta sakti hai PCM wale student eligible hai ya nhi,admissions,information_seeking,medium
give me admission counsellor number,admissions,information_seeking,medium
Hii mai is sall bsc nursing me admission chahta hu maine up cnet diya hai,admissions,information_seeking,medium
हेपेटाइटिस बी का इलाज,general,information_seeking,high
LTVS appointment,appointment,scheduling,medium
Appointment for Doctor,appointment,scheduling,high
college of nursing,courses,information_seeking,medium
where to search for bsc admission link,admissions,navigation,medium
Aap bta skte h bmlt or dmlb k form ya addmission kb hoga,general,information_seeking,high
Entrance ho gya hai bsc rodiology ka nhi hua to kab ho ga,admissions,information_seeking,medium
Cardiology tenchian,departments,information_seeking,high
How to get admission I allied Healthcare course,admissions,information_seeking,medium
bpt course ke liye college,courses,information_seeking,medium
Sir kya main kal aa sakta hu,general,information_seeking,medium
Kya kgmu dental department me buck teeth ka illaj axa hota hai,departments,information_seeking,high
10th 12th mila ke 74% h dmlt m admission ho jayega ya nhi please reply me,admissions,information_seeking,medium
Waiting list for Nursing officer 2024,courses,information_seeking,medium
I want follow up appointment for Dr. Ayush Shukla . On which day he is available,appointment,scheduling,high
202606170340050494 appointment number,appointment,information_seeking,medium
Kaun se din ko dekhte hai,general,information_seeking,medium
Admit card for nursing officers,courses,information_seeking,medium
How can I get admission for b bharma course,admissions,information_seeking,medium
Paramedical course me addmission kese milega,courses,information_seeking,medium
Technician result,exams,information_seeking,medium
Bsc radiology ka form,departments,information_seeking,medium
Fee structure for BMLS paramedical course,fees,information_seeking,high
After send the message what is pocess,general,information_seeking,high
Online apartment karna hai,general,scheduling,high
Sir gynaecologist opd,opd,information_seeking,high
helpline no for admission,admissions,information_seeking,medium
Mere bachche ko pet dard bhokha nahi lagti hai,general,information_seeking,high
Kgmu mein ward boy ki vecancy nikali hai kya,general,information_seeking,medium
Sir mera bhai ka post mardam report abhi nhi mili h kafi time ho gya,general,scheduling,medium
क टीचिंग भर्तियों का एडमिट कार्ड कबतक आएगा,general,information_seeking,medium
Ot addmission prosess,general,information_seeking,high
I want diploma in cardiology,departments,information_seeking,high
Best endocrine md doctor in kgmu,courses,information_seeking,high
Vaccancy for lab technician,general,information_seeking,medium
How can I book appointment online in Cardiology for Tommorow,appointment,scheduling,high
Cnet me 43 number h kya is number per admission hoga,admissions,information_seeking,medium
Is there vacancies for nurse,general,information_seeking,medium
Cardiology me appointment kaise le,appointment,information_seeking,high
Mera 12 me 57 persent h ho jayega,general,information_seeking,medium
Dr. Swastika Suvirya किस रूम में मिलेंगी,general,information_seeking,high
The link is not working,general,complaint,medium
they are asking for roll no and registration number,appointment,information_seeking,medium
Can I apply for internship through email,career,information_seeking,medium
Date of exam staff nurse 2026?,exams,information_seeking,medium
Kaise pta kre ke kgmu ke liye kitna cut off ja rha h counselling me,admissions,information_seeking,medium
Kgmu library staff name,faculty,information_seeking,high
Staff nurse exam ho gya hai ya nhi,exams,information_seeking,medium
Check kar ke batao,general,information_seeking,medium
mujhe bpt ke lit\ye detailschaiye,general,information_seeking,medium
Staff nurse exam kab hoga,exams,information_seeking,medium
Can I get some information about bpt internship recruitment procedure?,career,information_seeking,high
Today opd DR name,opd,information_seeking,high
Nurshing officer exam date,exams,scheduling,high
Muche bsc nursing me addmission karwana hai sir,courses,information_seeking,medium
Is there holiday on 31 march,general,information_seeking,medium
Kgmu orthopaedic department me private room charges kya hai,fees,information_seeking,high
Aapke college mein bmlt course hota Hai,courses,information_seeking,high
How I will apply for OT diploma by passed uttarakhand board,courses,information_seeking,medium
provide me any notice that may work,general,information_seeking,medium
After the graduation with ott can we apply msc with several subject in this clg,courses,information_seeking,high
Kgmu me bsc nursing ki fees 1 year,fees,information_seeking,medium
Dean academics,faculty,information_seeking,high
Dr. Virendra atam hai kya,general,information_seeking,high
I need help to find previous question paper,exams,navigation,medium
Ward boy ki apply kaise kare,career,information_seeking,medium
Can I get to know about the course details??,courses,information_seeking,medium
Diploma in physiotherapy mai admission kaise le,admissions,information_seeking,medium
Process to book online appointment,appointment,scheduling,medium
2023 के नर्सिंग ऑफिसर एग्जाम का एडमिट कार्ड स्कोर कार्ड खो गया है तो कहां से देख सकते हैं,general,information_seeking,medium
Any nursing vacancies,courses,information_seeking,medium
No one has picking the phone,contact,complaint,medium
Ye kha available hai,general,information_seeking,medium
When will be nursing officer exam conducted,exams,scheduling,medium
Application process,general,information_seeking,medium
Department of Orthodontics & Dentofacial Orthopaedics heads contact information,departments,information_seeking,high
Is cvts opd is closed on 14th April,opd,scheduling,high
How can I get admission in paramedical course,admissions,information_seeking,medium
Diploma Lena hai,courses,information_seeking,high
Is it possible to get vaccine in 2026,general,information_seeking,medium
HOW CAN I GET ADDMISSION IN BPT IN THE KGMU,general,information_seeking,medium
Muje medical college me bsc radiology ka admision lena hai kaise le 2026,departments,information_seeking,high
Mujhe apni report dikhakar patient ko admit karvana hai please help me,general,information_seeking,medium
Where to register,general,navigation,medium
i want know how much salary of new pharmacist joiing in kgmu by direct recruitment,departments,information_seeking,high
2025 me upsmfac me kitne rank tak seat mile thi obc category ke lie dmlt course me,admissions,information_seeking,medium
online apply link,career,information_seeking,medium
new vacancy in kgmu,career,information_seeking,medium
Afferent vs efferent,general,information_seeking,high
Sir mere 14 sall me Baby hua apke yaha Queen Marry me,general,information_seeking,high
Is there entrance exam to be attended for BPT,admissions,navigation,medium
How can I get admission In bsc nursing,admissions,information_seeking,medium
Masters in clinical psychology,general,information_seeking,medium
Wanted to know OPD section in KGMU,opd,information_seeking,high
Sir apna contact number de de,contact,information_seeking,medium
Kgmu Nursing officer ka exam kab hai mene form 2025 m3 bhra tha,exams,information_seeking,medium
Appointment book kerni hai,appointment,scheduling,high
Doctor sharcula,general,information_seeking,high
🫀🫀🫀 pasent hu name nanhi,general,information_seeking,medium
Ha mujko nhi mil ra hai,general,information_seeking,high
Kgmu cnet exam qualify krne pr admission hota hai kya,admissions,information_seeking,medium
I want fee structure for first year,fees,information_seeking,medium
M Phil Clinical Psychology 2025 admission,admissions,information_seeking,medium
Mam mai college me kaise addmission le sakta,general,information_seeking,medium
apointment book website,appointment,scheduling,medium
Kgmu se OT kaise kar sakte hain,general,information_seeking,high
Bmrit full details,general,information_seeking,high
admission lena h,admissions,information_seeking,medium
is it conducted on november 14?,general,information_seeking,high
What is postal address for paediatric department,departments,navigation,high
Psychiatry department token,departments,information_seeking,high
Kya mai बात kar सकता hu,general,information_seeking,high
पेशेंट कॉर्नर में लब रिपोर्ट्स कहीं पर नहीं दिख रहा है,general,complaint,high
sujjest me for opd appointment in cardiology,opd,scheduling,high
I want to information about my friend she was help me and give me money I forgot her name but I know she's father was dead and she was doing b.sc nursing in first year student can provide valid information and also she was from Siwan Bihar,courses,information_seeking,medium
Admission related provlem,admissions,complaint,medium
Gastroenterology department,departments,information_seeking,high
Sir mujhe heart problem hai,general,complaint,high
Who is chief medical superintendent,faculty,information_seeking,high
Diploma in physiotherapy still available.?,courses,information_seeking,medium
ill go through already but it cant help me,general,information_seeking,medium
Kya paramedical form bhara Raha Hai Ki nahin,courses,information_seeking,medium
Non teaching staff selection which will going to held on 3/04/2026 it's admit card how to download,faculty,information_seeking,medium
I am bcb,general,information_seeking,medium
how to download admit card,general,information_seeking,medium
KGMU ka form kb aayega Dental hygienist course ke liye,courses,information_seeking,medium
How to book in opd,opd,scheduling,high
Kitne seat hai,admissions,information_seeking,high
I want to take admission in dental hygiene course,admissions,information_seeking,medium
Stoma revarsal karna hai,general,information_seeking,high
Nursing tutor form link,courses,information_seeking,medium
Kgmu msso 2026 ka result kb tk aayega,exams,information_seeking,medium
How to take admission,admissions,information_seeking,medium
How can I get CNET form on kgmu official website,contact,information_seeking,medium
Mai up get 2026 ki tayyari kar rahi hu mujhe kgmu college chahiye iske liye mujhe kitna number chaiye hoga entrance exam mai,admissions,information_seeking,high
Kgmu msso documents verification,general,information_seeking,medium
Kaise mujhe pata chalega ki aab bsc radiology ka entrance exam kab hogaya or mujhe kya karna hoga,admissions,scheduling,high
Neurology ka OPD schedule chahie,opd,scheduling,high
No any questions,general,information_seeking,medium
Dr. IMRAAN KAB MILENGE,general,information_seeking,high
Nursing officer level 7 ka exam kb hai,exams,information_seeking,high
https://cdn3.digialm.com/EForms/configuredHtml/33061/96386/Instructions.html,general,information_seeking,medium
What's is the charge of dtpa test,fees,information_seeking,medium
Fee structure and admission process for the same,admissions,information_seeking,medium
labour and delivery,general,information_seeking,high
Nursing tutor ki vacancy kitne post ke liye aayi hai or kya eligibility criteria hai,admissions,information_seeking,medium
"Tell me the topic and syllabus, short notes with which I can clear the exam, it is important.",exams,information_seeking,high
Tum dekhke btao hai ya nhi koi vacancy,career,information_seeking,medium
Kya kgmu me d pharm ke admition ho rahe hai,general,information_seeking,high
5 may 2026 ko ent doctor a b singh hospital me rahenge ya nahi.,departments,information_seeking,high
I want to take admission how to take ?,admissions,information_seeking,medium
Dr Ayush Yadav,general,information_seeking,high
CT Angiography,general,information_seeking,high
BPT admission 2,admissions,information_seeking,medium
Nursing Job hai kya,courses,information_seeking,medium
"I want to enquire about admission in m.phil clinical psychology program, I have completed my M.A in clinical psychology am I eligible to apply for your m.phil clinical psychology? Can you guide me about the admission process and dates?",admissions,information_seeking,high
Oppintment kaise book kre,appointment,scheduling,high
What can I do if all slots has been booked is displaying in cardiology for Monday?,departments,scheduling,high
about mphil 2024,general,information_seeking,medium
डॉ नीरज Nuro opd,opd,information_seeking,high
How to get admission in diploma in optometry courses in kgmu,admissions,information_seeking,high
Msc nursing 2026 admission,admissions,information_seeking,medium
Exam department ka contact number send me,exams,information_seeking,high
Appointment in urology,appointment,scheduling,high
12th ke bad radiologist ke liye kgmu me kya karen,departments,information_seeking,high
Bal rog doctor kaun hai or kis din bathte hai,general,information_seeking,high
kya kgmu me BPT course hota h,courses,information_seeking,high
Pre operative instruction kya hota hai,general,information_seeking,high
Tomorrow opd open are close,opd,information_seeking,high
Want to know about bsc nursing course,courses,information_seeking,medium
Is bpt course available,courses,information_seeking,medium
Radiology course ke baare me,departments,information_seeking,medium
If i book my appointment online and have a hardcopy of that ...then its mandatory to get a new prescription paper from reception....??,appointment,scheduling,high
KGMU test All rate,general,information_seeking,medium
Hyy Hum bsc paramedical kgmu me admission kaise le skte h,admissions,information_seeking,medium
OT assistant 2025 examination result?,exams,information_seeking,medium
Paramedical courses ki fee kitni hai,fees,information_seeking,medium
Physiology fellowship,departments,information_seeking,high
I want to do bmlt from your college,general,information_seeking,medium
I need help regarding nursing Tutor vaccancy in KGMU,courses,information_seeking,medium
Plz tell me how to apply mphil clinical psychology?,career,information_seeking,high
Gayni,general,information_seeking,high
Hemetogy me 8 December ko opd khulegi,opd,information_seeking,high
How to get tomorrow appointment,appointment,information_seeking,high
For bsc optometry entrance what is syllabus,admissions,navigation,high
the link which u provide only take us to the web where allthe coures are open but when i click to bpt it does not show any response,general,complaint,medium
Non clinical faculty,faculty,information_seeking,medium
Nursing officer ki exam date ?,exams,scheduling,high
How to get addmission in bpt course and what is the fee,fees,information_seeking,high
Pls help me for psychiatric opd,opd,information_seeking,high
How to book my opintment,appointment,scheduling,medium
Is hospital me kitney ke dr hai,general,information_seeking,high
Orthopedic department kgmu ka kya new opd building me hai,opd,navigation,high
Bpt me admission lena h,admissions,information_seeking,high
Md pathology stipend,fees,information_seeking,high
Bpt mei addmission lene ke liye ky criteria h kiss basis pr selection hoga,general,information_seeking,medium
I want know who visit the on the Friday in orthopedic department,departments,information_seeking,high
When Kgmu nursing officer level 7 exam conducted,exams,scheduling,medium
DISAPPOINTED THIS WEBSITE CANT WORK,contact,information_seeking,medium
Vaccancy details,general,information_seeking,medium
Cardiology kyaa hota hai,departments,information_seeking,high
Admission for BMRIT,admissions,information_seeking,medium
Opd me fibroscau kis kis din hota hao,opd,scheduling,high
DMLT addmission process 2026,general,information_seeking,medium
Mai apna OPD m appointment book krwana chta hu,opd,scheduling,high
Radiology technician 2025,departments,information_seeking,high
Which courses can be done from KGMU?,courses,information_seeking,medium
Notification for admission paramedical course 2026,admissions,information_seeking,medium
I want appointment with doctor for medical purpose,appointment,scheduling,high
I want to urology OPD,opd,navigation,high
Admission elegibility department mbbs contact details,admissions,information_seeking,high
Mujhe Oppointment chahiye,general,information_seeking,medium
Kgmu me gynologist dr list,general,information_seeking,high
link is not opening,general,information_seeking,high
My previous doctor s in KGMU always SAID GO TO DALIGANJ OPD...WHY,opd,information_seeking,high
Paramedical admission,admissions,information_seeking,high
Admission procedure for BPT,admissions,information_seeking,medium
Want to apply for nursing tutor and tell me the qualification,courses,information_seeking,medium
Piles जैसी सर्जरी के लिए कितना खर्च आएगा,general,information_seeking,high
Dawa ne mujhe effect kiya hai ab kya kro mai,general,information_seeking,high
"i have the photo copy of birth certificate, but i need the original",general,information_seeking,medium
Child best ortho doctor,general,information_seeking,high
"need appointment dr Shailendra , Dr Ravindra.",appointment,scheduling,high
Nursing officer recruitment exam date?,exams,scheduling,medium
मुझे अपने पिता को मनोचिकित्सक को दिखाना है,general,information_seeking,medium
Online nahi hota hai,general,information_seeking,high
College me admission kon se students le sakte h,admissions,information_seeking,medium
Kgmu mei kon si vacancy aayi h kse chk kru,career,information_seeking,high
Do you have MSC course on Clinical Embriology?,courses,information_seeking,medium
Hi I have to visit dental clinic. How will I get registered,general,information_seeking,medium
Mujhe appointment chahie tha 12 tarikh,appointment,scheduling,high
Dr Ajay Kumar patva ka photo,general,information_seeking,medium
Any other number.?,contact,information_seeking,high
Is there new admission in PhD?,admissions,information_seeking,medium
Kya bina 12 ka result aaye bhi form fill kr skte bsc nursing ke liye?,exams,information_seeking,high
202603100340050120,general,information_seeking,high
BSC paramedical,courses,information_seeking,medium
i want to take admission in KGMU for OT Technician course,admissions,information_seeking,high
Suggest me the steps,general,information_seeking,high
मुझे बेंडिलेटर की जरूरत है क्या में वहां एडमिट हो सकता हूं आज,general,information_seeking,high
Ot Assistant post,general,information_seeking,medium
Gandhi ward,general,information_seeking,high
What are coming latest kgmc ott recruitment 2025,career,information_seeking,high
Surgery ke liye in Dr. Me kis Dr. Ke pass jyada patient flow he,departments,information_seeking,high
Non ac,general,information_seeking,high
Appointment please,appointment,scheduling,medium
I want appotimemt,general,scheduling,high
Course about Master in radiology imaging technology,departments,information_seeking,medium
Lab technician ka admit card nikalwana,general,information_seeking,medium
Is neet mandatory for bpt admission in kgmu,admissions,information_seeking,high
Dear sir kindly reconduct Librarian grade 3 exam,exams,information_seeking,medium
I need to generate e opd card for dermatology department,opd,information_seeking,high
3 april ko lab test ho jayega kya,general,scheduling,high
Kaise apply kary,career,information_seeking,medium
Sir job ke liye apply Kiya hun,career,information_seeking,medium
"Hello, I would like to know about the admission details for the Diploma in Cardiology Technician for the 2026–2027 new academic session. Kindly inform me: From which date will the admission process start? What is the expected admission schedule/date? What will be the admission process (online/offline)? What are the eligibility criteria and required documents? Please provide the official information. Thank you.",admissions,scheduling,high
When we get result of kgmu non teaching various post?,exams,scheduling,medium
Neet me kitna marks hona chahiye kgmu bsc nursing ke liye,admissions,information_seeking,high
Ot assistant ki vaccancy kab tak final merit aa jayegi,general,scheduling,high
Death summary kaise milegi,general,information_seeking,medium
Result of walkin interview on 8 june,exams,information_seeking,medium
Dr Monica bhandai time in opd,opd,information_seeking,high
Vacancy,career,information_seeking,high
While booking appointment through ors portal there is something error displayed,appointment,scheduling,medium
apllication form for pcpndt,general,information_seeking,medium
Where is the Orthopedic surgery opd room,opd,navigation,high
Weblink is not working,general,complaint,medium
मैं अपने पिता जी के मानसिक चिकित्सा के लिए एप्वाइंटमेंट चाहता हूं।,general,information_seeking,high
Addmission kab tak chalu hoga,general,information_seeking,medium
list of medicine department dr.,departments,information_seeking,high
I want to take admission in this university,admissions,information_seeking,medium
Lari kgmu appointment,appointment,scheduling,high
Ot corse details,general,information_seeking,high
kya bsc nursing me admission ban ho gya hai,admissions,information_seeking,medium
Form kab aayega,general,scheduling,medium
Please help me how to apply for study bsc nursing,courses,information_seeking,medium
Opd dr timing,opd,information_seeking,high
I didn't find anything about BPT,general,information_seeking,medium
Looking for a doctor to perform a circumcision of a newborn,general,information_seeking,high
Paramedical department ka phone number dijiye,departments,information_seeking,high
Which is best for job,career,information_seeking,high
Please help me to fill the form for faculty,faculty,information_seeking,high
Opd apointment helpline number,opd,information_seeking,high
And kgmu conduct there own entrance exam or through cahet,admissions,information_seeking,medium
Kgmu Ma bpt aur mpt course hai,courses,information_seeking,high
More about cardiology tecnician,departments,information_seeking,high
Multi post recruitment hold posts exam sate,exams,information_seeking,high
how do i enroll in it?,general,scheduling,medium
Mujhe kidny donet krna h,general,information_seeking,high
I want an appointment with dentist,appointment,scheduling,high
Uss. Location ka. History baton,campus,navigation,high
Fees for BPT,fees,information_seeking,medium
Pharmacist exam sheet no,exams,information_seeking,medium
Dmlt examination admission form,admissions,information_seeking,medium
Emergency contact,emergency,information_seeking,high
i want to enquire about joining of pharmacist after document verification,departments,information_seeking,medium
Isme nursing staff ki job kb aayengi,faculty,information_seeking,medium
BMLT hota hai isme,general,information_seeking,medium
25 ko opd khula hai,opd,information_seeking,high
Vacancy ka form fill karna hai,career,information_seeking,medium
पहली बार न्यूरो विभाग में दिखाना है,general,information_seeking,medium
I see dental doctor,general,navigation,high
Fee structure of each year,fees,information_seeking,high
Mai kise verification kre,general,information_seeking,high
I WANT TO TAKE APPOINTMENT FOR YELLOW FEVER VACCINATION.,appointment,scheduling,medium
Mujhe Dr Sharad chandra sir ka ko dikhana hai,general,navigation,high
Bsc ott,courses,information_seeking,medium
Information regarding Appendix Surgery,departments,information_seeking,high
when admit card will be available to download for 3 April Examination for post of Receptionist Level-5,exams,scheduling,medium
nursing officer recruitment details,courses,information_seeking,medium
Dr Rishi sir appointment kaine le,appointment,information_seeking,high
Can we do PETCT test in KGMU,general,information_seeking,medium
is paediatric neurology department is available il,departments,information_seeking,high
Information about Nursing tutor,courses,information_seeking,medium
D pharma course,departments,information_seeking,medium
Name Atul chaudhari,general,information_seeking,high
Opd today band rahega,opd,scheduling,medium
Pharma d pb mai addmssion lene ke liye exam addmssion form aayenge,exams,information_seeking,medium
ADHD ka ilaj hota hai waha,general,information_seeking,high
Lari me opd registration kaise kare,opd,scheduling,high
Phycatrist department dr Lokesh Kumar opd dates,opd,information_seeking,high
KGMU medical college which is located in lucknow Have the children got summer vacation?,general,information_seeking,high
Vacancy for optometrist,career,information_seeking,high
Want to book an appointment.,appointment,scheduling,medium
"This is for information to all applicants that the Non-Teaching Recruitment Examination for the following posts: Technical Officer: Medical Perfusion Technician: Radiotherapy, Nuclear Medicine, Dental Grade II Medical Lab Technologist Junior Medical Technologist Medical Social Officer Receptionist Assistant Security Officer The examinations are scheduled to be held on April 3, 2026 at various centres. The examination centres will be notified separately in due course.",exams,information_seeking,high
i am looking for Diploma in Physiotherapy,courses,information_seeking,medium
Opintment,general,scheduling,high
Seat kitne hai yesmai aur general category ke fees kitne hai,admissions,information_seeking,high
Bpt mein admission ke liye kya kya hona chahiye,admissions,information_seeking,medium
Mai paramedical course ke form fill karna chahti hu website open open karke Kispe click kru ki link form fill karne wala mile,courses,information_seeking,medium
Nursing tutor on contractual basis update,courses,information_seeking,medium
Mere bhai ki death certificate report kab milegi kafi time ho gya,general,scheduling,medium
Opd day of Dr Neeraj Singh Neurologist,opd,information_seeking,high
Radiology department complain,departments,complaint,high
Is there any Prof. Shailendra Saxena in your department,departments,information_seeking,high
Nursing tutor exam link ??,exams,information_seeking,medium
I WANT TO APPOINTMENT,appointment,scheduling,medium
When will kgmu nursing officer exam will occur,exams,scheduling,high
Gastroenterology me kitne patient allowed hai,general,information_seeking,medium
I want Kgmu appointment supervisor contact number,appointment,information_seeking,medium
Cardiology department me dr aush Shukla ka opd schedule,opd,information_seeking,high
Ji ye kaun se डॉ देखेंगे,general,information_seeking,high
Kgmu dmlt me admission kb hoga,admissions,information_seeking,medium
I wanna appointment,appointment,information_seeking,high
online opd registration kaise kare,opd,information_seeking,medium
I wanna take admission in Bsc nursing,admissions,information_seeking,medium
Kya yaha breast cancer ka treatment hota hai,general,information_seeking,high
Directly admission ho skta hy ky,admissions,information_seeking,medium
Ot technician of fees,fees,information_seeking,high
What is the addmission criteria for OTT course,courses,information_seeking,medium
Admission process for paramedical,admissions,information_seeking,medium
What are Fees structure for bpt,fees,information_seeking,medium
Cvts me friday ko konsa doctor baithe hai,general,information_seeking,high
Patient Bharti prakriya kya hoti hai,career,information_seeking,medium
Nursing requirements,courses,information_seeking,high
I want form B for medical reimbursement treatment taken from outside of campus,general,information_seeking,high
Nursing ki vacany kab aayi hai,courses,information_seeking,medium
Hlo i should request to change my number for follow up routine,contact,scheduling,high
Oral maxillary facial surgery course fee,fees,information_seeking,high
I want to book online appointment,appointment,scheduling,high
I want to take admission,admissions,information_seeking,medium
Kgmu me sine me pani ke marij ko kha dekha jat hai,general,information_seeking,high
Kgmu main nursing officer or staff nurse ke liye koi vacancy chal rahi hai,faculty,information_seeking,medium
Course of pcpndt,courses,information_seeking,high
In cardiology dr monika bhandari opd shdauel,opd,information_seeking,high
How to have admission for bpt,admissions,information_seeking,high
Ha theek h .. Jab Main Apni degree complete kar Lungi Jab Main register pharmacist Ban jaaungi to mujhe Bus Itna Bata Do Ki Iske exams kab se hote hain matlab kab Hote Hain aur Mujhe kahan per Aana Padega iska center jata hai kya ya college ya kgmu Mein hi hota hai,exams,information_seeking,medium
Can you provide information regarding nursing officer examination,exams,information_seeking,high
Hello i need a admission in bpt in kgmu,admissions,information_seeking,medium
अपॉइंटमेंट लेना है,general,scheduling,high
Hlo muje emergency trauma m admission chahiye,admissions,scheduling,high
Neet 2025 rou d 3 cut-off ??,admissions,information_seeking,medium
Skin doctor,general,information_seeking,high
"Hi, I want to know that Tommorow is good Friday.",general,information_seeking,medium
Please share details of hematologist faculties,general,information_seeking,high
Hume ot tecnician diploma ka course Krna hai,courses,information_seeking,medium
"Koi bhi phd student, jiska admission 2024 me hua aur uski funding available thi, 2026 me vo funding nhi hai, kya ethical clearance mil sakta hai",admissions,information_seeking,high
What is the hostel for dm sr cardiology,departments,information_seeking,high
MPHIL CLINICAL PSYCHOLOGY,general,information_seeking,medium
I want to know is there Pet/CT test available here?,general,information_seeking,high
i need appointment dr shard chandra,appointment,scheduling,medium
Eyelid margin repair cost,fees,information_seeking,high
Dr anany Gupta opd,opd,information_seeking,medium
Kgmu nursing officer exam date kab h,exams,scheduling,high
NHM JOB LAB TECHNICIAN,career,information_seeking,medium
When will be the admissions for MPhil in clinical psychology for 2025- 26 notified,admissions,scheduling,high
Non teaching dialysis technician 36 vacancy pr 2nd list ayegi ya nhi agar agegi to kb ayegi,career,information_seeking,high
KGMU me diploma course me addmission ke liye 10+2 me kitna % hone par addmission hoga,courses,information_seeking,medium
मरीज की जांच रिपोर्ट बेवसाइट पर उपलब्ध है,general,information_seeking,high
I have Neck Pain Which department is Good For this,departments,information_seeking,high
Kya merit base m d farma m admission ho skta h,admissions,information_seeking,medium
I want to book a appointment for my grandmother,appointment,scheduling,medium
Mujhe स्केलिंग करवानी है,general,information_seeking,high
what type of medical help you provide me inortho,general,information_seeking,high
Ot technician ke liye online form kab nikalti h,general,information_seeking,medium
April me sarkari chutii 2026,general,information_seeking,medium
Mai ot technician 2nd year student hu kanpur se mujhe ot ki job k liye forms k regarding jaankari chahiye,career,information_seeking,high
BSc radiology mein admission kaise hoga kaun si date per hoga,admissions,information_seeking,high
Certificate for MBBS degree,courses,information_seeking,medium
Nursing officer ki vaccancy kb tak aayengi,courses,information_seeking,medium
Admit Card,general,information_seeking,high
Is RCT available there,general,information_seeking,high
Badi pathology me trening/ job par lag sakti h,departments,information_seeking,high
Non teaching post admit card,general,information_seeking,medium
Does KGMU offer internship for Psychology students?,general,information_seeking,high
Matlab kya aap hindi me,general,information_seeking,medium
0522-2258880,general,information_seeking,high
Latest faculty recruitment in the Department of Physiology,faculty,information_seeking,medium
How to take admission in bsc nursing,admissions,information_seeking,medium
Appointment no. Wrong,appointment,scheduling,medium
I need dr Shri Kant Sriwastav appointment,appointment,scheduling,medium
Change mobile no,general,information_seeking,medium
Admit card,general,information_seeking,medium
jo exam 14 november ko hone the aur unhe hold kar diya gaya hai wo kab tak hone ke chances hai,exams,scheduling,medium
There is no bsc radiology it is bsc radiotherapy are the both same,departments,information_seeking,high
Where is the neurosurgeon department,departments,navigation,high
Addmission process kya hai bsc nursing ki,courses,information_seeking,medium
i want to book an appointment,appointment,scheduling,medium
How to do a complaint about kgmc's worker,general,complaint,high
More information about nuring coure,general,information_seeking,medium
Ventilator pe rakhne k charges kya hain?,fees,information_seeking,high
Mene abhi 12 ka exam diya h,exams,information_seeking,medium
i need the contact number of admission cell,admissions,information_seeking,medium
Bums medical officer job in kgmu,career,information_seeking,medium
Ent opd time,opd,scheduling,high
Kgmu non technical exam held 14 November,exams,information_seeking,medium
Bmlt course hota hai kya yaha,courses,information_seeking,high
3week se jayda ke kandhe ka dard ka MRI charge kitna pad sakta hai,fees,information_seeking,high
ANY VACANCY FOR NURSING,courses,information_seeking,medium
Please share department list of hematologist,departments,information_seeking,high
Hospital recruitment for gnm fresher nurses,career,information_seeking,high
Diploma in dialysis ka course me admission kaise milega,admissions,information_seeking,medium
मुझे डिपार्मेंट प्लास्टिक सर्जरी में अपॉइंटमेंट लेना है कैसे लें,general,information_seeking,high
Hi when is the nursing officer exam,exams,scheduling,medium
dr naseem akther opd time,opd,scheduling,high
Merit se form fill karna hai,general,information_seeking,medium
Ot me admission kaise lu,admissions,information_seeking,medium
I want addmission in paramedical couse,courses,information_seeking,medium
Radiographar teachnician results 14november 2025 exam results kab Aya ga,exams,scheduling,high
38post pharmacy kgmu ke lest kab tak ayge ji,departments,scheduling,medium
can i take admission directly?,admissions,information_seeking,medium
Kgmu nursing officer exam kb tk ho skta hai,exams,information_seeking,high
Kaise addmission le,general,information_seeking,high
Bpt course hota hai,courses,information_seeking,medium
Cardiology opd,opd,navigation,high
Kgmu nursing exam kb tk hoga,exams,information_seeking,medium
Mujhe Job chahiye Lucknow me ap ke hospital me,career,information_seeking,medium
Online appointment Kaise le,appointment,scheduling,high
Pharmacist answer key kaab taak aayegi,departments,information_seeking,high
Nursing officer exam kab hoga,exams,scheduling,high
Yes I resides away from Lucknow so how can I contact him,contact,information_seeking,high
Multiple Post recruitment,career,information_seeking,high
I want to book a appointment dr. Shah wali Ullah MBBS ms,appointment,scheduling,high
Kon se psychiatrist best hai,departments,information_seeking,high
Internship,general,information_seeking,medium
Course name opration theater tecnician,courses,information_seeking,high
Is msc nursing for boys?,courses,information_seeking,medium
I have to take appointment for psychologist,appointment,scheduling,high
I hope Doctor don't behave rude just because I have some minor issue,general,feedback,high
Yaha BMLS Course available Hai,courses,information_seeking,medium
Inki speciality kya h,general,information_seeking,high
BSc medical radiological imagining sciences internship,departments,information_seeking,high
Phsyctris doctor se milna h,general,navigation,high
Nursing tutor vacancies,courses,information_seeking,medium
How to apply for bpt course,courses,information_seeking,medium
PARAMEDICAL 2025-26,courses,information_seeking,medium
Call nhi receive ho raha hai,contact,information_seeking,medium
Mujhe liver check karna Hai liver wale docter kon se din badhthe Hai kya aap mujhe bata sakte hai,general,information_seeking,high
Dr.Rajesh Verma,general,information_seeking,high
Staff nurse k liy apply krn h,faculty,information_seeking,high
When Dr. Chandrakanta available in OPD,opd,scheduling,medium
Mai up se Lakhimpur kheri se huApke yha dmlt course ke admission kaise hoga,admissions,information_seeking,high
Cal ramnavami ki chhutti Di gai hai 26 aur 27 tarikh ko isiliye confirm kar raha tha,general,information_seeking,medium
Lab technician job,career,information_seeking,medium
nursing officer exam date ?,exams,scheduling,medium
Mujhe online form dmlt course krna h,courses,information_seeking,high
It is show data will updated soon,general,information_seeking,medium
Old patient hai clinical hematology mai dikhana hai,general,scheduling,high
Jo 14 november ko exam hua tha uska result a gya kya,exams,information_seeking,medium
Does kgmu lucknow offers bpt courses for ug students 2026,courses,information_seeking,medium
The list is so so long i can't fi d the exact tests I want to check price of,general,complaint,medium
Pait se sambandhit jankari,general,information_seeking,high
I want to get appointment,appointment,scheduling,medium
Dr. Shiuli email address,campus,information_seeking,high
How can I get online no,general,information_seeking,medium
Aaj HOSPITAL OPEN HOGA YA NHI,general,scheduling,medium
Mera Squint Eye Surgery Ka Date 11 /03/26 Fix Kiya Gya Tha Lekin Abhi Tak Koi Call Ya Massege NhiAaya Hai,departments,scheduling,high
Opd fees kya h,opd,information_seeking,high
Helo ham kaise pata kare ki admission hone laga hai entrance exam ke liye mere ko BMLT karna hai aur mere sabhi social media link dedo jise mai lagatar apdate pata raho aur mere addmission na jhote aur ye bhi bata do Kitna mark laga hoga BMLT me addmission lene ke liye,admissions,navigation,medium
Kgmu staff nurse ka exam kb tk hoga koi date,exams,scheduling,medium
whome to contact,contact,information_seeking,high
Subha me bheed hoti hai to kitne baje Jana chahiye parcha lagwane ke liye,general,scheduling,high
I want to take opd appointment,opd,information_seeking,high
Medical college help line no,general,information_seeking,medium
Kya kgmu me paramedical ya diploma course ke liye abhi apply kr skte h agar ha to kaise,courses,information_seeking,medium
मेरे पास o4 साल का मेडिकल सोशल वर्कर का भी एक्सप्रेस है प्राइवेट मेडिकल कॉलेज में,general,information_seeking,medium
I want to meet heart specialist doctor,general,scheduling,high
Opd report download,opd,information_seeking,medium
I want to take admission in BPT from DPT,admissions,information_seeking,medium
sabhi paramedical courses ki list jo kgmu mein hota hain,courses,information_seeking,high
When is the admission opening for Mphil Clinical Psychology,admissions,scheduling,medium
Nursing officer recruitment 2026 date,courses,scheduling,medium
Job vaccancy for paramedical,courses,information_seeking,medium
Lari m apioment chahiye,general,scheduling,high
I want to book appointment with dermatologist today,appointment,scheduling,medium
How can do MHA course in kgmu college,courses,information_seeking,medium
No I'm not a KGMU patient. I have anxiety issue I guess,general,information_seeking,high
I want to get admission fir bsc radiology,admissions,information_seeking,high
And its feee,general,information_seeking,medium
Tell me about BMLT course,courses,information_seeking,medium
Mai hospital in work kgmu in hospital in job.,career,information_seeking,high
General surgery mein treatment barabar nahin kiya ja Raha,departments,complaint,high
Mujhe registration number yaad ni to kaise nikale admit card,appointment,information_seeking,medium
I want know which doctor visit the on the Friday in orthopedic department,departments,information_seeking,high
Today Lario OPD,opd,information_seeking,high
Today opd open hogi ya nahi,opd,scheduling,medium
I would like to know about the timing of classes of bsc nursing 1st semester,courses,scheduling,medium
ENT doctor list,departments,information_seeking,high
please tell me publice relation officer exam date,exams,scheduling,high
I want cardiology appointment,appointment,scheduling,high
Bds professor number,faculty,information_seeking,high
Hi need your support on emergency,emergency,emergency,high
Admission to MDS,admissions,information_seeking,medium
Eligibility for nursing officer,admissions,information_seeking,medium
What is day of ravi seth's opd in lari cardiology,opd,scheduling,high
Mujhe anm ke bare me knowledge chahiye kese hogi is college se or kitan.pesa lgega,general,information_seeking,medium
Bsc radiology ka admission kyese ken,admissions,information_seeking,medium
Kya ot assistant ka result nhi ayega,exams,information_seeking,high
kya kal Radiotherapy opd h,opd,information_seeking,high
Nursing officer exam date is revealed or not,exams,scheduling,medium
best dr. of medicine department,departments,information_seeking,high
Mitak prmad path kyese milega,general,information_seeking,high
चेस्ट एक्स-रे (PA व्यू ka kitna rupya lagega new opd me,opd,information_seeking,high
How to apply for mha,career,information_seeking,medium
सर हमारे बच्चे बहुत बीमारहै 1 महीने से अब हमारे पास पैसे नहीं बचे हैं सर गरीब मेरी सहायता कीजिए डॉक्टर बता रहे हैं गुर्दा की जांच होगी दवा चलेगी पैसे का इंतजाम कर लो और हमारे पास पैसे नहीं है पैसे की मदद कीजिए बाल रोग विभाग में भर्ती हूं,general,complaint,high
Mujhe batayen ki kgmu mein paramedical mein admission jaise milta hai,admissions,information_seeking,medium
Vacancies for mbbs graduated student in kgmu,courses,information_seeking,medium
Skin problem hai docter kab milenge,general,scheduling,high
Is registration for bpt course open?,appointment,information_seeking,medium
Hindi m btao,general,information_seeking,medium
Cardiology mil gaya per form fill up,departments,information_seeking,high
"OPD Main appointment, chahiye dr.Monika Bhandari ka 14/07/2025",opd,scheduling,high
How to take admission in bpt kgmu 2026,admissions,information_seeking,medium
"Kgmu nursing officer level 7 exam date 2025 ,?",exams,scheduling,medium
Appointment by sms is not working,appointment,complaint,high
Where's the ortho opd located,opd,navigation,high
Heart pendant hai,general,information_seeking,high
Can you please me that ot application form fill date,general,information_seeking,medium
Want to book an appointment in psoriasis clinic,appointment,scheduling,high
Online data btat sakte hy,general,information_seeking,medium
How to register for opd,opd,information_seeking,medium
Kgmu admission date on merit basr,admissions,information_seeking,high
"Mai apne bacche ko eye squint disease k liye dikhana chahta hu ,kya process hai please tell me",general,information_seeking,high
Mujhe Thursday ko paediatric doctor Chandrakanta ji ko dikhana hai wo kis building mai opd dekhti hai,opd,navigation,high
वैकेन्सी से सम्बंधित जानकारी कहाँ से प्राप्त होगी,general,information_seeking,high
Bpt course ke details and form ka last date,courses,information_seeking,medium
"Am a 12th CBSE student from Bangalore, seeking admission for BPT course",admissions,information_seeking,high
KGMU paramedical exam date When uploaded,exams,scheduling,high
Abhi form nhi aya h kya,general,information_seeking,high
KGMU nursing officer exam kb tk honge,exams,information_seeking,medium
Is MDS course available,courses,information_seeking,high
Cam you tell appr0x how many patoets visit dermatology department in aday,departments,information_seeking,high
gandhi ward kidhar hai,general,navigation,medium
Phone number nhi lagraha hai,contact,complaint,medium
none of the links are working,general,information_seeking,high
MRI timing,general,scheduling,high
Clinical psychology,general,information_seeking,high
Tomorrow will be holiday or opd,opd,scheduling,high
"Hello, I need to come for addmission in mbbs course in kgmu.",courses,information_seeking,medium
Mujhe dava leni h sabse pahle kya karna hoga,general,information_seeking,high
HLAB27,general,information_seeking,medium
Doctor Arpita kaun se din baithati hai kgmu mein,general,information_seeking,high
abvmu can help to admission in kgmu,admissions,information_seeking,medium
Admission regarding number,admissions,information_seeking,medium
Hume diploma me admission ke baare me baat krni thi,admissions,information_seeking,medium
kgmu me mbbs ki per year fees,fees,information_seeking,high
Is there any new building opd,opd,information_seeking,medium
how to registration n oncology department,appointment,information_seeking,high
Nursing officers exam kab tak honge jo 22 November 2025 ko nhi hua,exams,scheduling,medium
Best doctor gyconology?,general,information_seeking,high
Assistant security officer ka exam kab hai,exams,scheduling,high
What is the addmission process of bsc radiology at kgmu,departments,information_seeking,high
Hi kgdu opd registration timing,opd,greeting,high
Ji main Lakhimpur ka Rahane wala hun mere pitaji ki neuro ki dikkat hai unki surgery nahin ho rahi na tabhi hai neurology vibhag mein Bharti hain aur vah surgery nahin kar rahe hain,departments,information_seeking,high
Admit card Download,general,information_seeking,medium
konsa doctor kis din dekhty hai,general,information_seeking,high
I need to take admission,admissions,information_seeking,medium
Sir mujhe opd me dekhana tha,opd,information_seeking,medium
Lab technician ka admit card kaise nikalw,general,information_seeking,medium
Sir mera overall rank 78 h ot assistant me kya mai DV ke liye aa sakta hu,general,information_seeking,high
Looking for registration,appointment,information_seeking,medium
Guard bolte hai ki online parchi lgane wale nhi aaye hai wo hamesa he absent rhte hai ya late se aate hai,general,complaint,high
What if the student has a diploma in nursing and what's to study medicine what is the process,departments,information_seeking,high
Oppointment kaise le,general,scheduling,high
Eye Care,general,information_seeking,high
It’s not opening,general,information_seeking,medium
How to fill form for dental hygiene cource,general,information_seeking,high
is there any internship program for counselling psychology,admissions,information_seeking,high
Me Abhi kya karu mujhe smjh nhi aarha I'm tensed,general,information_seeking,high
Bachelor of optometry admission inquiry,admissions,information_seeking,medium
mera ilaj Respiratory me chal raha hai,general,information_seeking,high
Mujhe piles dikhana hai,general,information_seeking,high
Nursing officer application 2026,courses,information_seeking,medium
Mujhe smjh nhi aaya ke mujhe kgmu lucknow me kaha exect aana hoga ?,general,navigation,high
What is the schedule time for shantanu sir,general,scheduling,high
how to take private ward in queen marry,general,information_seeking,medium
How to get admission in kgmu,admissions,information_seeking,medium
Given me result,exams,information_seeking,medium
How much fee they will charge for private BAMS,fees,information_seeking,medium
I want to know a patient history,general,information_seeking,medium
Is ug course of 4 yrs in bmrit offered in kgmu?,courses,information_seeking,medium
Bsc nursing ke liy sc pwd candidate ke liy kgmu mein kitni seat available hain,admissions,information_seeking,high
Kgmu staff nurse exam date,exams,scheduling,high
Kgmu pharmacist vaccancy list me koi change hoga ki nagi,departments,information_seeking,medium
When is pdcc 2026 entrance exam expected,admissions,information_seeking,high
3 april ko opd band rahega kya,opd,scheduling,medium
Education links bds,general,information_seeking,medium
In which floor orthopedic opd in kgmu,opd,information_seeking,high
Neurology opd schdule,opd,scheduling,high
Which referral letter,general,information_seeking,high
Kya KGMU direct admission provide krta h bsc nursing ke liye,admissions,information_seeking,medium
Not opening,general,information_seeking,medium
bsc nursing exam,exams,information_seeking,medium
i want syllabus for the post of pharmacist,exams,information_seeking,high
How to take admission in kgmu for bpt course as a native of bihar,admissions,information_seeking,medium
Kya aap bata sakte h ki admission ke liye update kab aaega website pe,admissions,information_seeking,medium
Dental department,departments,information_seeking,high
NHI MAI OPD CHALA JAUGA MAI SATABDI FASE 2 ME HI HU KAL MORNING ME JATA HU,opd,information_seeking,high
Lab technician grade 6,exams,information_seeking,high
can you tell me which doctor was assigned in XLari cardiology Emergency dept. on 19.12.2025,departments,information_seeking,high
B.Sc. Nursing,courses,information_seeking,medium
क्या प्रक्रिया है इसकी,general,information_seeking,medium
I want to enroll for masters in medical physiology,departments,information_seeking,high
Available OPD shedule,opd,information_seeking,high
Kal kya Dr baethenge gastrologist,general,information_seeking,high
Can I book an OPD appointment from your website?,opd,scheduling,high
Do M phil clinical psychology students need to carry a migration ceritifcate from their previos university,general,information_seeking,high
ortho opd,opd,information_seeking,high
Kya DMLT ka from aa gaya h,general,information_seeking,medium
I want to do MPhil in clinical psychology from kgmu in 2026 what's the process,general,information_seeking,medium
I want to enroll myself in this university,general,information_seeking,medium
When will pdcc recruitment come,career,scheduling,high
sir meesege ho nhi rha hai,general,information_seeking,medium
Please my help I toking the doctor neurologist,departments,information_seeking,high
Kgmu me bachelor digri me admission lene ke liye kaun sa exam De,admissions,information_seeking,high
Nursing exams city.,exams,information_seeking,medium
Nursing officer ki exam,exams,information_seeking,medium
I am unable to find my scrutiny result of bsc nursing from sahara college,exams,navigation,high
Sent me application link,general,information_seeking,medium
I have visited today at general surgery department and but still not get any details regarding operation date,departments,scheduling,high
Computer programmer ka result?,exams,information_seeking,medium
Is there any vancy for ent surgeon,departments,information_seeking,high
Appointment urology,appointment,information_seeking,high
Is dr promila Verma opd today,opd,scheduling,high
Nephrology ki opd Wednesday ko hoti hai ya nahi..?,opd,information_seeking,medium
Dermatology me refferal nahi hai,departments,information_seeking,high
Gnm 2023 me complete hai,general,information_seeking,medium
yes i want to apply for mbbs seat in kgmu,admissions,information_seeking,medium
Send me doctors mobile number,contact,information_seeking,medium
डेट लेना है,general,scheduling,high
Lab technician exam date,exams,information_seeking,medium
Examination result,exams,information_seeking,medium
Kgmu ke Bharti anubhagon ke contact number,career,information_seeking,high
Kaise kare yaar,general,information_seeking,medium
How can I book cardio opd appointment,opd,scheduling,high
leprology opd,opd,information_seeking,high
Doctor Mahek Lamba jo medicine baithe hai o kab baithe ge,departments,information_seeking,high
Booking for opd,opd,scheduling,high
Mai addmission kaise le skti dmlt me,general,information_seeking,medium
Can I take direct admission in bsc nursing without entrance exam,admissions,navigation,medium
My book apointment monday,appointment,information_seeking,high
OT technician diploma,courses,information_seeking,high
Mujhe doctor ka pata krna hai neurologist ka,departments,information_seeking,high
Appointment to neorology department,appointment,scheduling,high
Nursing officer job vacancy website,courses,information_seeking,medium
But today not ramnavmi,general,scheduling,medium
Plastic surgery opd,opd,information_seeking,high
Ka pharmacist ka result dekhna hai,exams,information_seeking,medium
Inki opd kha hai,opd,navigation,medium
registeration in bpt is when ?,general,information_seeking,medium
When will be kgmu nursing officer exam,exams,scheduling,medium
Nursing kgmu ka form link,courses,information_seeking,medium
Form for dmlt in kgmu,general,information_seeking,medium
Entrance exam 2026 ki date aaye to kaise janege,admissions,scheduling,medium
assessment,general,information_seeking,medium
14 november 2025 ko radiology ka exam hua tha uska answer key kb aayega,exams,information_seeking,high
gynecologist opd,opd,information_seeking,high
EXAM CITY WILL LUCKHNOW OR,exams,information_seeking,medium
Contact number of department of anatomy,departments,information_seeking,high
need to Book Appointment Dr Sharad Chandra,appointment,scheduling,high
Kgmu ki jankari do,general,information_seeking,high
Addmission,general,information_seeking,medium
"To fir mujhe Google per galat information Mili Hai ki admission 10th or 12th ke percentage per hota , upsmfac ki website se form ko Bhar Ghar ke jis per Ham king gargo medical University ko Chus karke Ham Apne percentage per admission Le sakte hain",admissions,information_seeking,medium
Phone call karke book krne pr apne mn ki date mile sakti hai,appointment,scheduling,high
Gnm addmission kab se hoga,general,scheduling,medium
How could i download Death certificate,general,information_seeking,high
Pinonidal sinus ke liye opd mein parcha banwana hai,opd,information_seeking,high
Paramedical entrance form availability?,admissions,information_seeking,medium
Lab technician vecancy requirement hai sewayojan pr dekh tha,general,information_seeking,medium
I want to do registration for internship,appointment,information_seeking,medium
D pharm hota hai kgmu me,general,information_seeking,medium
Bpt mai addmission kab start honge,general,scheduling,high
Can you give me contact number,contact,information_seeking,medium
Department of Cardiology (LARI Cardiology) or the Department of Medicine. Hindi me batao,departments,information_seeking,high
I want to know about BPT,general,information_seeking,medium
Admission in MHA,admissions,information_seeking,medium
Hi sir mai Dr PRAVESH VISWAKARMA SIR ka appointment Lena chahata hu,appointment,scheduling,medium
What ks cost of mri,fees,information_seeking,high
how registration in opd,opd,information_seeking,medium
What is price of endoscopy?,general,information_seeking,high
Who are Diabetic doctor.,general,information_seeking,high
Diploma in optometry full details please,courses,information_seeking,high
diploma in dental hygienist course code,courses,information_seeking,medium
i want access of lab reports of opd kgmu,opd,information_seeking,high
Kl opd open rhega,opd,scheduling,medium
I want information about admission to master of physiotherapy,admissions,information_seeking,medium
ent doctor,departments,information_seeking,high
B.sc nursing me kya kya lagta hai admission,admissions,information_seeking,high
admission portal,admissions,information_seeking,medium
Appointment book karna hai,appointment,information_seeking,high
Is there cosmetic denistry department in kgmu,departments,information_seeking,high
Medicine department me cardiology followup h then schedule,departments,scheduling,high
Sir mujhe dermatologist doctor ka appointment lena h,appointment,scheduling,high
Nursing officer Bharti 2025 Pariksha kab hogi,exams,scheduling,high
"Hello, it's manisha karna. I am from Nepal and I have completed my bachelor of science in nursing from Rajiv Gandhi university of health and science, can I apply for the post of nursing tutor in this university?",courses,information_seeking,medium
g.n.m. vacancy,career,information_seeking,medium
DMLT ME ADIMISSTION ENA HAI,general,information_seeking,medium
Plastic surgery department,departments,information_seeking,high
Teacher and faculty member,faculty,information_seeking,high
Kya kal OPD band rahegi,opd,information_seeking,medium
Can i book opd,opd,scheduling,medium
Kgmu new vaccancy submission date badh gye hai kya,general,information_seeking,medium
आज अपॉइंटमेंट के लिए क्या करें,general,information_seeking,medium
Online number pe call karne se kaise mai fees de sakta hu,fees,information_seeking,medium
hello sir . hamko dental hy,general,information_seeking,high
Hame yellow fever vaccination leni ha please book may appointment in thersday..,appointment,scheduling,medium
Pharmacist requirement,departments,information_seeking,high
need dietician,general,information_seeking,medium
WE have deposited an amount of 65000/- as the advance amount in hospital for our patient's treatment. We are facing getting difficulty in getting the invoice for same amount. How to get the invoice for same amount? Kindly guide.,general,information_seeking,high
Fees receipt,fees,information_seeking,medium
Diploma in physiotherapy,courses,information_seeking,medium
Admission karana hai,admissions,information_seeking,medium
"Meaning, I need details for admission.",admissions,information_seeking,high
Today 26 march 2026 lari opd khulegi ya nahi,opd,scheduling,high
2023 batch 3 rd prof part 1 when exam date regular,exams,information_seeking,medium
Dr Rajkumar Maurya is working in lakhnow,general,information_seeking,high
Ot assistant ki joining kab tak ayegi 24 dec documents verification Hui hai,general,scheduling,high
Paramedical annual,courses,information_seeking,high
Kgmu staff nurse related vacancy 2026,faculty,information_seeking,medium
Form kb tk aayega optometrist ke,general,information_seeking,medium
how to get an admission in your hosptital?,admissions,information_seeking,medium
Sunday neurosergeon opd,opd,information_seeking,medium
Direct admission ho sakta hai kya,admissions,information_seeking,medium
Hamne discharge Card aply kiya tha aj 20.din ho gaye nhi mila,general,complaint,medium
Aaj opd chalu hai ya band hai,opd,information_seeking,medium
When OT technician answers key will release?,general,scheduling,medium
Bta do,general,information_seeking,high
I want to admission mbs 20026 How much money to admission and NETT marks298,admissions,information_seeking,high
Opd appointment price,opd,information_seeking,medium
Muje ek apoment book Krna hai,appointment,scheduling,medium
Faculty,faculty,information_seeking,medium
Bds admission,admissions,information_seeking,medium
Nursing college vacancy,courses,information_seeking,medium
ओटी टेक्निशियन कोर्स,general,information_seeking,medium
Is diploma in MRI or radiology is same,departments,information_seeking,high
I want addmission in this collage what is the process,general,information_seeking,medium
kgmu opd aur pathology kal band hai kya,opd,scheduling,medium
Plz send link of patient reprt,general,information_seeking,medium
Dr Neeraj Singh Neurologist,departments,information_seeking,high
Samvida staff nurse vacancy site how to apply,faculty,information_seeking,medium
kya mujhe aap ye bata sakte hay ki KGMU me Medical lab Technician ki vacancy kab tke aayengi Ya Aayi hain,career,scheduling,medium
OPD Reg,opd,information_seeking,high
site is not accessible,general,information_seeking,medium
Kgmu nursing officer ki vacancy h kya,courses,information_seeking,medium
I want to take an appointment,appointment,scheduling,high
"मैं पिछले 20 साल से शराब का addict हूँ, मेरी उम्र 40 साल है, किस डॉक्टर से कब, किस डिपार्टमेंट में मिलूंगा, क्या फीस है?",general,information_seeking,high
"सर्जिकल असिस्टेंट में एडमिशन के लिए नीट UG dena hoga ,obc student ko",general,information_seeking,high
Require consult from Psychiatry,departments,information_seeking,high
Thursday ko opd h,opd,information_seeking,high
Aj band hai,general,information_seeking,medium
Hha par hmari halat kharab ho Rahi hai our tum bta bhi nhi rhe ho,general,information_seeking,high
Hyperbaric oxygen therapy,general,information_seeking,high
Wanted to know regarding Nursing tutor interview..is it confirm on 25th July 2025,courses,information_seeking,medium
KGMU nursing officer exam date keb aayegi sir,exams,scheduling,medium
Pediatrics OPD,opd,information_seeking,high
Room no. 116 wale test kab tak kara sakte hai,general,scheduling,high
how to found emergency appointment cardiologist doctor,appointment,scheduling,high
Cardiology doctor ko dikhana hai jo sabse achcha,departments,information_seeking,high
Without exam direct addmission??,exams,information_seeking,medium
I want to know ki aapke institute me kon se kitne courses program available hai,courses,information_seeking,high
Pathology me trening karne ko mil sakti h,departments,information_seeking,high
How to book an appointment for orthopaedic dr ravindra kumar sir,appointment,scheduling,high
lab tech,general,information_seeking,medium
How to download admit card for recruitment of medical social welfare officer,career,information_seeking,medium
hlo mein bpt mein addmision kaise le sakta hun ?,general,information_seeking,medium
Book now,appointment,scheduling,medium
Doctor abhishek saini knee arthroscopy,general,information_seeking,high
Ok actually mujhe waha kuch smjh nhi aa rha,general,information_seeking,high
For some queries to opd,opd,information_seeking,medium
I want to know about doctors timings in Gynaecology department,departments,scheduling,high
How to get my reports online,general,information_seeking,medium
stipend for mds,fees,information_seeking,medium
Eid ki chutti kab hai 2026,general,scheduling,high
Bsc nursing addmition process kya h,courses,information_seeking,medium
Name seema tripathi,general,information_seeking,medium
KGMU nursing officer exam which was held on 14 november was postponed due to some reason at this time what is the date of the exam in 2025,exams,scheduling,medium
Ye sab follow up ke liye hai,general,information_seeking,high
Faculty post,faculty,information_seeking,medium
Day and time,general,scheduling,high
Kisi student ka result kaise check kare.bsc nursing ka,exams,information_seeking,medium
Is bsc nursing seat available,admissions,information_seeking,medium
Nursing officer ki exam kab hogi,exams,scheduling,high
List of selected candidates non teaching recruitment,career,scheduling,high
Today 26 march 2026 lari opd open or not please confirm thi,opd,scheduling,high
Does kgmu provide BPT and MPT,general,information_seeking,medium
BMLT ki jankari,general,information_seeking,medium
Nursing officer ka exam kab hoga,exams,scheduling,high
Opd mei skin bibhag kab khulega,opd,scheduling,high
is there radiology course is available,departments,information_seeking,high
Respiratory department me home apne pationt ko bharti karvana hai,departments,information_seeking,high
How can I check my reslut,general,information_seeking,medium
D pharma,departments,information_seeking,high
What to do next,general,information_seeking,medium
Can I get yellow fever vaccination today?,general,information_seeking,high
KGMU non teaching exam hone wala hai na 3 April ko uska city details kb aayega,exams,information_seeking,high
How to apply online appointment,appointment,scheduling,high
Kgmu pharmacist form filling?,departments,information_seeking,medium
Gastro department tomorrow open and doctor name,faculty,scheduling,high
How many years and when usually vacancy comes,career,information_seeking,high
I card,general,information_seeking,medium
Kgmu ke ott me addmission ke liye kya kre,general,information_seeking,medium
Is Bpt course is available in kgmu,courses,information_seeking,medium
When will be documents verification for pharmacist expected date,departments,scheduling,high
dr का नाम क्या है,general,information_seeking,high
pairo mai ghukharoo ke liye doctor,general,information_seeking,high
dexa 40mg,general,information_seeking,high
Mujhe nursing officer ki exam date pta krni h,exams,information_seeking,medium
केजीएमयू भर्ती कब निकलती है,general,information_seeking,medium
How we can appointment of hematologist of opd,opd,scheduling,medium
Skin issue,general,information_seeking,high
jr.medical lab technician exam,exams,information_seeking,medium
How many staff in security department,faculty,information_seeking,medium
Kgmu ki neuro surgery ki appointment kaise le,appointment,scheduling,high
Bihar students credit card acceptable hai,general,information_seeking,medium
Please give me the syllabus for pharmacist grade 2 examination,exams,information_seeking,high
Hii I want to can a bsc nursing pass out candidate can apply for lastest walk in interview for nursing tutor,courses,information_seeking,medium
"My brother is admitted in Gandhi ward, please help me. My brother is admitted for 2 days but till now he has not been treated properly. Forms are being filled only for formality.",general,information_seeking,high
Death certificate,general,information_seeking,high
Plz tell me when the assistant security officer exam date,exams,scheduling,high
8887019134 yeh no. Aapne hii diya hai,general,information_seeking,medium
when is the nursing exam date,exams,scheduling,medium
Kgmu mien admission lene ke liye online form kaise bhare,admissions,information_seeking,medium
I want know about diploma in lab technician,courses,information_seeking,medium
Cal shukrawar ko kya eurology ki OPD chalu rahegi ya band,opd,scheduling,high
Cardiologist kis din dekhte hain kya aap bata sakte hain,general,information_seeking,high
mphil in clinicall psychology,general,information_seeking,medium
Mera name vandana rajpoot hai mai obc se hoon gnm krna hai,general,information_seeking,medium
Kgmu hospital gazatted holudays 2026,general,information_seeking,medium
Bpt ke liye ksise application form bhru,general,information_seeking,medium
I want to know Location,campus,navigation,medium
Private room charge for pediatric surgery,fees,information_seeking,high
Nursing officer admit card,courses,information_seeking,high
I have appointment id a want my slip,appointment,information_seeking,medium
How to apply for non pg jr,career,information_seeking,medium
3 July 2026 opne rahe ga,general,information_seeking,high
as a nursing tutor vacancy interview when announced,courses,scheduling,medium
Kya kg Mu mein piles ki surgery hoti hai,departments,information_seeking,high
how to do online registration,appointment,information_seeking,medium
स्त्री एवं प्रसूति विभाग,general,information_seeking,high
How can admission in bpt course,admissions,information_seeking,high
Kgmu nursing officer exam date when updated,exams,scheduling,medium
Kya pyar Tera aayushman se free dialysis per dava milati hai Hai,general,information_seeking,high
opd appointment kaise le,opd,scheduling,medium
Please send me the link,general,information_seeking,medium
Mujhe enterance ka form bharna hai,general,information_seeking,medium
Usne only MBBS or BDS ki fees aa rahi hai,fees,information_seeking,medium
How can book appointment,appointment,scheduling,high
Kya koi vacancy hai staff nurse ki gnm ke liye ek sal ka experience ke sath,faculty,information_seeking,high
Addmission lena hai,general,information_seeking,medium
i need some details for medicine tender,departments,information_seeking,high
I want the form,general,information_seeking,medium
Ksa multi entry visa gor hcc residents,general,information_seeking,high
What is the admission process for BPT,admissions,information_seeking,high
क्या खतना कराने के बाद लगे हुए टांकों को डॉक्टर से निकलवाना पड़ता है,general,information_seeking,high
Merit list KGMU computer programmer,courses,information_seeking,high
What is the fees of BPT course,fees,information_seeking,high
Given site is not working properly,general,complaint,medium
I want to admission in DMLT course what is the admission process,admissions,information_seeking,high
Breast checkup,general,navigation,high
Darmalogist number,contact,information_seeking,high
OPD online booking karna tha,opd,scheduling,medium
KGMU offer b.optometry course,courses,information_seeking,medium
Ug admission?,admissions,information_seeking,medium
how can I book online appointment,appointment,scheduling,medium
Exam helpline number,exams,information_seeking,medium
"M aapko kuchh btau ,phir aap kisi mujhe bta skte ho ki ye kis chez k symptoms h",general,information_seeking,high
what about remaining 32 candidate of pcpndt exam,exams,scheduling,medium
Mujhe medical college me dikhana hai,general,navigation,high
Want opd appointment,opd,scheduling,medium
Unse milne ke liye kya Krna padega,general,information_seeking,high
I want to now about any bsc course for after class 12 students without giving neet,admissions,information_seeking,medium
Hospital registration number,appointment,information_seeking,medium
Endocrinology department,departments,information_seeking,high
Vacancy Result,exams,information_seeking,high
For hiv pateint is seperate dialysis machine used in kgmu ? Or same like normal pateint? And cost of dialysis,fees,information_seeking,high
i want to take admission in bsc nursing,admissions,information_seeking,medium
Admission takes place through 12th percentage or any exams are conducted?,admissions,information_seeking,medium
any other way,general,information_seeking,medium
Mphil entrance exam results,admissions,information_seeking,high
So no radiology department available,departments,information_seeking,high
For radiology admission,admissions,information_seeking,medium
Ke mujhe kya Krna h kis se jakr baat kahu,general,information_seeking,high
How i can complain if nursing staff misbehave with any patient,faculty,complaint,high
Heart speciallist,general,information_seeking,high
Orthopedic ke doctor kis din kis ki opd hoti hai,opd,information_seeking,high
Dr. Gaurav Chaudhary,general,information_seeking,high
Brain hamraige operation cost,fees,information_seeking,high
Non technical posts,general,information_seeking,high
डॉक्टर नाक कान गले के नाम,general,information_seeking,high
Nursing tutuor post,courses,information_seeking,medium
Bmls mein kini seats hai,admissions,information_seeking,medium
But uska exam kab tak hoga,exams,information_seeking,medium
Breast Screening,general,information_seeking,high
"Ward 4. 5,9ft black man, there is problem in his eye, deviating inward.",general,information_seeking,medium
Kgmu nursing officer 2025,courses,information_seeking,high
E-opd,opd,information_seeking,medium
B pharma fee,fees,information_seeking,medium
I want to know about merit list of Mphil clinical psychology entrance 2025,admissions,information_seeking,high
Kgmu ka nursing exam kb hona h date kya h,exams,scheduling,medium
Fob for freshers bsc nursing,courses,information_seeking,medium
Kgmu se bds krne pr kitan paisa lgega,general,information_seeking,high
How to get admission in bsc in medical laboratory technician,admissions,information_seeking,high
NURSING TUTOR SALARY,courses,information_seeking,medium
Sir subah11 baje se 2D ECCO hua abhi tak report nahi mili,general,information_seeking,medium
I want to book an appointment with Dr SN Shankhawar in urology OPD today,opd,scheduling,high
Orthopedic surgery opd room,opd,information_seeking,high
Refferal na ho to,general,information_seeking,high
Can I get admission in physiotherapy in kgmu,admissions,information_seeking,medium
But fee deposited in kgmu,fees,information_seeking,medium
Sport medicine ke Dr Abhishek Agrawal kis din baithte h,departments,information_seeking,high
Nursing,courses,information_seeking,medium
KGMU Bed charges,fees,information_seeking,medium
सिक्योरिटी गार्ड बिहेवियर बहुत ही गंदा है अगर मरीज का एक सदस्य लाइन में है तो दूसरा साथ में भी तो होना चाहिए क्योंकि हार्ट अटैक होता कब क्या हो जाए सिक्योरिटी गार्ड को तो पता नहीं होता तो इस बिहेव से मै बहुत नाराज हूं,general,information_seeking,medium
Mujhe bsc nursing ki fees ka scture,fees,information_seeking,medium
Neet me 300 makx h,admissions,information_seeking,high
sir mera apoiment 31.07.2025 ka tha pr messeege delete ho gya hai paicenst ka name bhagwati devi hai,general,information_seeking,medium
What today open opd,opd,scheduling,high
Addmission link,general,information_seeking,medium
I need apoyment,general,scheduling,high
BPT ka addmission,general,information_seeking,medium
Non teaching examination date,exams,scheduling,high
Jii maine cuet UG entrance exam apply Kiya haiii,admissions,information_seeking,medium
Surgery estimation enquiry contact,departments,information_seeking,high
I want my uncle death certificate,general,information_seeking,high
Iam looking the new admission of my Daughter (She studying now +2) Pharm D course from Next year Please share the details,admissions,information_seeking,medium
I want to take my mother to an orthopedist.,departments,information_seeking,high
"Aur diploma OT paramedical course mein mujhe admission 10th or 12th ke percentage per mil sakta hai, ya FIR iske liye koi entrance terest exam Dena padta hai",admissions,information_seeking,high
When will b.sc nursing form come out?,courses,scheduling,medium
Neurology department,departments,information_seeking,high
I want to get admission in bsc radiology in your college what do i have to do,admissions,information_seeking,high
Admission details for MSc in Medical Education in distance mode,admissions,information_seeking,medium
Direct link,general,information_seeking,high
Mai ek ot technician fresher hu aur mhuje KGMU ki ot technician ki post chahiye kaise kya Krna hoga please Full details btaye,general,information_seeking,medium
Fee structure kya hai 2026 ka bsc nursing ke liye,fees,information_seeking,medium
Dr Sumit Rungta Sir kab dekhte h,general,scheduling,medium
My mri not done that why my fess refund process,general,complaint,high
Resistration ki last date btao,general,information_seeking,medium
Is there any chance for me to get admission in paramedical course because I not given the exam of commen paramedical entrance test,admissions,navigation,medium
I have passed my 12 I want to do BSc nursing,courses,information_seeking,high
5 saal pahle nero mein patient ko dikhaya tha abhi uske problem thek nhai hui,general,complaint,high
Nursing officer exam date update plz,exams,scheduling,high
what are the course i can get in this college,courses,information_seeking,medium
apoyment,general,information_seeking,medium
What is the nirf ranking of kgmu for mbbs,courses,information_seeking,medium
How to apply B optometry course,courses,information_seeking,medium
How can I get my admit card,general,information_seeking,high
Mera ek baar pila parcha ban gya hai ab koi online appointment ki koi jarurat nahi hai na,appointment,information_seeking,high
United hospital,general,information_seeking,medium
jaise agar hum entrance exam na diye hoto nhi hoga admisson,admissions,information_seeking,high
Retinal detachment ka case hai,general,information_seeking,high
Nursing officer exam date kab hi,exams,scheduling,medium
When will marks of non teaching staff exam will be announcing,exams,scheduling,high
Mai KGMU se dialysis technology seekhna chaheta hu,general,information_seeking,high
क्या के जी एम यू मे जॉब रिक्यार्मेंट आया है,general,information_seeking,medium
Kgmu me bsc nursing ki fees,fees,information_seeking,medium
Shard chandra schedule,general,scheduling,high
Is there any job in pharmacy?,departments,information_seeking,high
Nursing officer post 2025 admit card,courses,information_seeking,medium
How I can apply for a BMLT seat,admissions,information_seeking,medium
Entrances exam wala form kaha milega file karne ke liye,admissions,information_seeking,medium
i am neet aspirant 2025 i want to take admission in bsc nursing in kgmu whats the procedure. is i am late???,admissions,information_seeking,medium
Non tech ka result kab aayega,exams,scheduling,high
Is any waiting on the opd date after booking online appointment?,opd,scheduling,medium
eye ki chach karni hai,general,information_seeking,high
Mujhko skin ke dr ko dikhana hai,general,scheduling,high
Addmission form of b. Bs nursing,courses,information_seeking,medium
How much fees of bsc nursing course in kgmu collage after clear cnet exam,exams,information_seeking,medium
"I want a appointment for my son, vaibhav",appointment,scheduling,high
kgmu m tuberclousis ka treatment kaise karaye,general,information_seeking,high
How do i get admission in bpt,admissions,information_seeking,high
I want to know gynaecomastia surgery cost at kgmu,fees,information_seeking,high
Dr Rajkumar Maurya email id,contact,information_seeking,high
Form for BMLT course,courses,information_seeking,medium
Kgmu me msc mlt me addmission lena hai,courses,information_seeking,medium
Darmalogistic opd me kis kis din dekha jata hai,opd,scheduling,high
i want appointment for tomorrow,appointment,scheduling,medium
Dr. Akhil Sharma ka appointment Lena tha,appointment,scheduling,high
Mujhe lari me papa ko dikhana hai,general,information_seeking,high
How do i register myself for an appointment,appointment,scheduling,medium
Admission for BMRIT COURSE,admissions,information_seeking,high
Number,contact,information_seeking,medium
Kgmu mae Lab technician ki koii post khali hae,general,information_seeking,medium
for drug de addiction in patient services contact number for infromation,contact,information_seeking,high
Any post for ward boy assistant staff OPD helpful,opd,information_seeking,medium
Tomorrow is opd close or not,opd,scheduling,high
What ate tou saying evennif I have online appointment I need ti go to counter to tell tgat I have online appointment and dthen take token. And then I need to show my online slip,appointment,information_seeking,high
Urology opd open on 14th april,opd,scheduling,high
M. Sc in Cardiology course h..??,departments,information_seeking,high
What is need to take admission in bachelor of physiotherapy,admissions,information_seeking,medium
Are post ka exam kab tak hoga,exams,scheduling,high
At 14 april opd open or closed,opd,scheduling,medium
Dear Sir Please reset my account or send my application password Registration No. 0018113766,appointment,information_seeking,high
OPD me kiss counter no me re yellow parcha kattatta h,opd,information_seeking,high
What is procedure of online registration,appointment,information_seeking,medium
Dialysis technician non teaching technical post,general,information_seeking,medium
Baal rog vivag me 12 saal ke piliya ke doctor roj daily baithe hai,general,scheduling,high
appointment kaise book kre,appointment,scheduling,medium
How to get admission in b pharma,admissions,information_seeking,medium
Dental hygiene ki date kab ati hai intresnce ke liye or kya bachey ne agar ek bar math se 12th kiya hua or dobara 12th Bio se single subject kr liya hai to wo course kr sakta hai,courses,information_seeking,high
जब तक की ऑफिशल अपडेट आएगा तब तक यह तो मरीज की हालत खराब हो जाएगी,general,complaint,high
Emergency mey hamesha doctor rahte hai,emergency,information_seeking,high
Kya tum mujhe bta skte ho ki kgmu new opd building plastic surgery department kon se gate no se h,opd,navigation,high
Mujhe site nahi mil Rahi Jo aap ne batati Admission aur bsc nursing mein jaaao yaa no milegaa nahi mil raha,admissions,complaint,medium
Vitilogia ka ilaaj ho jayega,general,information_seeking,high
Merit list for bsc cardiac care technology CAHET GENERAL CATEGORY,courses,information_seeking,medium
Want to know about ot technician admission process,admissions,information_seeking,high
how can i get admission in bpt,admissions,information_seeking,medium
"I am looking for undergraduate/paramedical radiology course after 12th, like B.Sc Radiology or Radiological Imaging Technology.",departments,information_seeking,high
Upcahet me participate nahi kiye h to admission nahi mil shakta h cardiotechnician me,admissions,information_seeking,medium
IDCCM july ke admission ki jaankari,admissions,information_seeking,high
Bpt me addmissen kese le,general,information_seeking,medium
Mujhe online appointment Lena h lari department ka,appointment,scheduling,medium
Kgmu nursing officer ka exam kab hai,exams,scheduling,medium
Kgmu 2025 staff nurse exam ka pattern batao kesa rhega kitne marks ka questions honge,exams,information_seeking,medium
how to apply for bpt course?,courses,information_seeking,medium
Pharmacist ka result Kab aye GA,exams,scheduling,medium
When does this entrance exam take place,admissions,information_seeking,high
महिलाओं के स्तन संबंधी समस्याओं का निदान किस डॉक्टर से,general,information_seeking,high
without 0n call booking vacannication done,contact,information_seeking,high
Kgmu new opd me parche kitne baje tak bante hain?,opd,information_seeking,medium
Where should I go for yellow fever vaccination,general,navigation,high
Bpt course admission,admissions,information_seeking,high
Will OPD be open tomorrow that is 26 march 2026,opd,scheduling,medium
Kgmu non teaching recruitment selected candidates ke documents varification date kab aayegi,career,scheduling,high
Mujhe sunday ko medicine department me.appointment mili hai to kya mujhe jana chahiye,appointment,information_seeking,high
Plz tell me nursing officers exam date,exams,scheduling,high
"Direct Recruitment of Nursing Officer Notice No : 01/Recruitment Cell/2025 , Dated : 01/04/2025.. Exam date announced?",exams,information_seeking,medium
Dr. Gaurav Chaudhari कौन-कौन se din baithte Hain,general,information_seeking,high
Any contact number,contact,information_seeking,high
Can u send no. For admission enquiry,admissions,information_seeking,medium
Neurosurgeon OPD list,opd,information_seeking,high
Ward boy ki vacancy kab niklengi,career,scheduling,medium
Para medical course fees,fees,information_seeking,medium
How get admission in laboratory technician,admissions,information_seeking,medium
Kgmu bmls application,general,information_seeking,medium
31 march 2026 ko opd open h ya nhi,opd,scheduling,high
I'm typing again and again,general,information_seeking,high
can i get admission bpt with neet marks,admissions,information_seeking,medium
Grade 2 level 5 pharmacist result,exams,information_seeking,medium
How do i apply,career,information_seeking,medium
Bsc nursing ke admission ke liye,admissions,information_seeking,high
What about Wednesday,general,scheduling,high
Bsc optometry me admission ke liye kya karna hoga Hindi medium,admissions,information_seeking,medium
Bachelor of medical laboratory technical ( BMLT),general,information_seeking,medium
bone marrow test,general,information_seeking,high
I have 243 marks in neet 2025,admissions,information_seeking,medium
How can I check fee structure,fees,information_seeking,medium
Bsc nursing aur Msc nursing ka entrance ka form kab tak ayega,admissions,scheduling,medium
Heart ke operation me kya kya hota hai,general,information_seeking,high
Jo Dialysis ka exam hua hai 14 November 2025 ko uska result kb tk aayega,exams,information_seeking,high
Want to take opd appointment,opd,information_seeking,high
I want to BO.th last year cuttoff,admissions,information_seeking,medium
online opd kaise prapt karen,opd,information_seeking,high
Blood mein creatinine 3.89 ho gaya hai,general,information_seeking,high
Laari opd,opd,information_seeking,high
how can i applt for bpt,general,information_seeking,medium
Can you provide me result of non teaching post ....exam held in November 14 2025,exams,information_seeking,high
"Price for pathology, opd and 1 day bed charge in kgmu",opd,information_seeking,high
i reached the contact they say there is no contact to radiotherapy department,departments,information_seeking,medium
Neurologist doctor list,departments,information_seeking,high
online appointment book kr skte hai,appointment,scheduling,high
how to download non teaching examination admit card,exams,information_seeking,medium
Admission form 2026,admissions,information_seeking,medium
OPD OPOINTMENT KAISE LE 2MARCH KA,opd,information_seeking,medium
I want to know about pulmonologist doctor,general,information_seeking,high
Mai gastroenterologist se appointment book karna chata hu,appointment,scheduling,high
Tell me the fee of bsc nursing student,fees,information_seeking,medium
"ok btaye ot, pharmacist ki vacancy hai any supporting staff",faculty,information_seeking,medium
Merit base addmission kaise le kgmu mai oprestion थिएटर मै,general,information_seeking,medium
Kgmu se bsc nursing kaise kare in hindi,courses,information_seeking,medium
Yes where is this department,departments,navigation,high
new opd plastic surgry department senior resident dr. rishi singh which day marij dekty hai,opd,information_seeking,high
How to book OPD oppintment,opd,scheduling,medium
DPMR DEPARTMENT KAHA HAI,departments,navigation,high
sir mujhe gastro medicine me dikhana hai kl appointment chahiye,appointment,scheduling,high
Tell me the total number of seats for m.sc radiography,admissions,information_seeking,high
Last date ?,general,scheduling,medium
"Where is the pdf regarding,153/ nov recruitment",campus,navigation,high
Hospital ka registration number kya hai?,appointment,information_seeking,medium
i m from nepal how can i book,appointment,scheduling,medium
Kgmu me wife ko dikhana chahta hu doctor ko,general,information_seeking,high
How to take appointments for surgery,departments,information_seeking,high
Pharmacist job vacancy,departments,information_seeking,high
KGMU me psychologically therapy me Paise lagte h,general,information_seeking,high
Want to contact councellor,contact,navigation,high
Dialysis technician course ka form kabse aayega,courses,information_seeking,high
I want to book ab appointment in lari,appointment,scheduling,high
Paramedical course ya nursing ke course ke Liye NEET exam Dena jaruri h,admissions,information_seeking,high
PLEASE tell me Dr neurosurgeon name and timings IN OPD,opd,scheduling,high
How to download hallticket,general,information_seeking,medium
Appointment se related inform,appointment,scheduling,medium
Cardiology OPD schedule doctor list,opd,information_seeking,high
Blood test reports kaise dekhe online,general,information_seeking,medium
Can I take addmission in bachelor in physiotherapy,general,information_seeking,medium
Can i get my lab reports online,general,information_seeking,medium
Kgmu kis courses me bina entrance admission leta h,admissions,navigation,medium
Where is the Respiratory Medicine,departments,navigation,high
CERTIFICATE IN COMMUNITY HEALTH FOR NURSING TRAINING '' (CCHN)EXAMMINAYION - MARCH 2020,exams,information_seeking,medium
Does KGMU has gastroenterologist,general,information_seeking,high
Mujhe paramedical me admission lena hai kaise le,admissions,information_seeking,medium
How can i apply,career,information_seeking,medium
Where in kgmu,general,navigation,high
Is up cnet important or their is kgmu entrance,admissions,information_seeking,medium
Do you need GNM narsing staff at your hospital,faculty,information_seeking,medium
Dmlt courses ki fess,courses,information_seeking,medium
मुझे kgmc में मेडिकल में जॉब चाहिए,general,information_seeking,medium
current vacancy which will going to happen in 24 july i just want to know is this a permanent or temporary vacancy,career,information_seeking,medium
Ent doctor appointment,appointment,information_seeking,high
Monday ko doctor ko dikhana he kya appoinment usi din ho jae ga,general,information_seeking,high
Baal rog vivag kha hai,general,navigation,high
Kya diploma in rediography bina entrance ke kr skte hi,admissions,navigation,medium
When will Dailysis Technician officer selected candidates list will be released,general,scheduling,high
Cardiology appointment,appointment,scheduling,high
Diploma in radiology,departments,information_seeking,high
Bsc nursing me addmission chahiye mujhe,courses,information_seeking,medium
Fibrid ki opretion ka kitna karcha ata hai,general,information_seeking,high
Sir kgmu me dmlt course available ya nhi,courses,information_seeking,medium
pychaitric doctor ka nam kya h,general,information_seeking,high
How to apply admission for bsc nursing,admissions,information_seeking,medium
Kgmu computer operator vacancy,career,information_seeking,medium
Kgmu nursing officer level 7 ke admit card,courses,information_seeking,medium
New dental buliding mein Prosthodontics department mein dr. Lakshya sir ki opd kab hoti hai,opd,information_seeking,high
Ott course ke lie admission ki full information chaie,admissions,information_seeking,medium
Gastroenterology and Proctology,general,information_seeking,high
Mujhe OPD slip chaiye,opd,information_seeking,medium
नहीं मेरा एडमिट और ऑपरेशन रिकॉर्ड चाहिए,general,information_seeking,high
Mujhe KGMU me admission chahiye,admissions,information_seeking,medium
dr. list of medicine department with degree please tell me,departments,information_seeking,high
What is the fee of B optometry in kgmu,fees,information_seeking,medium
I need physiotherapy course,courses,information_seeking,medium
Skeen Wale doctor ko dikhana appoinment kaise online ragister karu kripa bataeye,general,information_seeking,high
Bsc mlt,courses,information_seeking,medium
Opponent Lena hai,general,scheduling,high
Too mujhe apni mummy ko dikhana hai mai male hu wo padhi likhi nhi hai too iss condition mei mai kya kruu,general,information_seeking,high
How to check my estimate status,general,information_seeking,medium
Nursing tutor vaccancy advertisement,courses,information_seeking,medium
Bachelor in physiotherapy,general,information_seeking,medium
Latest results,general,information_seeking,medium
Diploma in dental highgnist ki admission dete kab tak aayegi,admissions,information_seeking,medium
Please muje job ki need h,career,information_seeking,high
Sab department ka same no.hai kya,departments,information_seeking,medium
Do girl students get hostel facilities for the GNM course?,campus,information_seeking,medium
क्या केजीएमयू में पेडियाट्रिक सर्जरी होती है,general,information_seeking,high
Kgmu ki fees,fees,information_seeking,high
Not my personal issue 2 se 4 lakh bachho ka issue hai ye jis jis ne form fill Kiya hai,general,complaint,medium
In year 2025,general,information_seeking,high
Kgmu mein blood sample diye hue Jo blood Hai uska report Kahan milega ke jivan mein jo pathology test Hai uska report kya online uplabdh hai,departments,information_seeking,high
Mujhe jd rawat pediatric sarjan ka photo chahiye,departments,information_seeking,high
Appointment ke liye Phone Aur SMS kitne baje kar Sakte hai ?,appointment,information_seeking,high
Mujhe course karna hai,courses,information_seeking,medium
क्या आज प्लास्टिक सर्जरी की ओपीडी चलेगी,general,information_seeking,high
Dental hyginest addmission,general,information_seeking,medium
Courses in kgmu lucknow,courses,information_seeking,medium
Me diploma in optometry kar rhi hu mujhe bsc in optometry karna h college me admission kaise le,admissions,information_seeking,medium
Kgmu mein OT mein admission lene ke liye kya entrance exam Dena padta hai,admissions,information_seeking,medium
Kya kgmu mai bpt admission up cpet ka entrance exam ka duara ho skatha hai,admissions,information_seeking,medium
Date of MSSO exam,exams,scheduling,medium
Will opd remain open tomorrow?,opd,scheduling,high
BPT cours,general,information_seeking,high
Diploma in mri technician ke form ki date abhi nhi aayi h ? Website na batana bus Tum bata do,courses,information_seeking,high
NURSING KA MOCK TEST KAB AA RHA H,courses,scheduling,high
Bpt course available or not,courses,information_seeking,medium
am unable to open this link,general,scheduling,high
How can I book an appointment in Haematology deptt,appointment,scheduling,high
City slip out ?,general,information_seeking,medium
When will the forms are updated for bachelor of dialysis technology?,general,scheduling,high
Sir bachelor ki degree hai,courses,information_seeking,medium
How to book apartments to meet the doctor,appointment,scheduling,high
Directly addmission ho jayega bsc nursing me,courses,information_seeking,medium
Kgmu msso document verification,general,information_seeking,medium
How to take treatment of gastroenteologist in kgmu.,general,information_seeking,high
What information u have,general,information_seeking,high
Nursing assistant professor,faculty,information_seeking,high
About department of psychiatric,departments,information_seeking,high
up cnet ke through hota hai,general,information_seeking,high
Is tomorrow holiday,general,information_seeking,medium
i want to take admission in college,admissions,information_seeking,medium
lungs department,departments,information_seeking,high
KGMU nursing officer 2025 ka exam kab hoga,exams,information_seeking,medium
Nursing officer ki post aai h kya ?,courses,information_seeking,medium
where to apply for nursing teaching vacancy,courses,navigation,medium
Mujhe admission chahiye for msc in nutrition and dietetics,admissions,information_seeking,medium
Result of non teaching staff,exams,information_seeking,medium
i visit offical website but it doesn't download,contact,information_seeking,high
Mera discharge slip miss ho gayi kaise milegi,general,information_seeking,medium
I need admissions for bpt,admissions,information_seeking,medium
Course details 2026-27,courses,information_seeking,medium
deaddiction opd for youth on technology,opd,information_seeking,high
Appointment book karwani hai,appointment,scheduling,medium
Mujhe mere bhai ko kgmu m admit krna h usko blood cancer h,general,information_seeking,high
"kgmu have bams and how many seat and , fees",admissions,information_seeking,high
Bse nursing course fees structure,fees,information_seeking,medium
Thursday appointment for skin,appointment,scheduling,medium
NURSING KA EXAM KAB HOGA,exams,scheduling,medium
Can I apply for ug courses now,courses,information_seeking,medium
Dermatology department ka online appointment kaise le sakta hai,appointment,information_seeking,high
Jb admission hota hai to pura fee dete hai starting me hi,admissions,information_seeking,medium
Mobile number change karna hai,contact,scheduling,high
Gastero surgeon,general,information_seeking,high
Hello mujhe appointment book krna h follow up appointment,appointment,information_seeking,high
Bpt admission kgmu,admissions,information_seeking,medium
Ek number receive nhi ho rha hai,contact,complaint,high
Can I get the job as a pharmacist,departments,information_seeking,high
Please tell me Dr. S Saxena day for eye opd,opd,scheduling,high
security officer examination,exams,information_seeking,medium
Bds round 5 cutoff lisit 2025,admissions,information_seeking,medium
Can dialysis done in kgmu,general,information_seeking,high
सर्जिकल असिस्टेंट में एडमिशन लेने के लिए नीट एग्जाम देना होगा,general,information_seeking,high
Mujhe apki university me bsc nursing me admission ke liye entrance exam ki information chahiye,admissions,navigation,medium
MBBS original degree fees,fees,information_seeking,medium
Paramedical ki DV kab hogi,courses,scheduling,high
2026 me vaccancy ka from aaya hai,general,information_seeking,medium
LARI kgmu OPD no chahiye name Bhagelu ram aadhar no 827070725929,opd,information_seeking,high
पर्चा kha बना,general,information_seeking,high
Admission in mphil clinical psychology,admissions,information_seeking,medium
Inquiry kaise kre online,general,information_seeking,medium
I want to book appointment for yellow fever vaccine,appointment,scheduling,high
Gastro Dr name,general,information_seeking,high
I want to know about bachelor's of optometry,general,information_seeking,medium
Above Mentioned link is not working on,general,complaint,medium
i want to take admission in masters in hospital administration,admissions,information_seeking,medium
Admission form for mbbs,admissions,information_seeking,high
Mera naaam asfiya fatima hai mujhe appointment cahiye,appointment,information_seeking,high
Post in icmr project ke liye kya qualification chahiye,general,information_seeking,medium
Hi... actually I wanted to know the time at which the ENT doctors start checking on the patients,departments,scheduling,high
Sir kya ayushman ke antargat rirs ho jayeg,general,information_seeking,high
Opd helper,opd,information_seeking,medium
Mujhe dent dikhana hai,general,scheduling,high
When will conduct other non technical exams which were hold?,exams,scheduling,high
Lab technician cource ka liya na kaisha admission ka skti hu in kgmu,admissions,information_seeking,medium
Kya apke yaha nursing tutor ki vacancy available h,courses,information_seeking,medium
Kgmu nursing officer vacancy 2025 exam date,exams,information_seeking,medium
Agle saal radiology k students ko room mile the,departments,information_seeking,medium
22 april ko chahiye,general,scheduling,high
How can I get dental records,general,information_seeking,high
Bsc radiology entrance exam date ?,admissions,scheduling,high
"Applications are invited for Regular Appointment of Nursing Officers at King George's Medical University (KGMU), Lucknow. Payment Last date 25-05-2025",appointment,scheduling,medium
I want duplicate bill,general,information_seeking,high
Surgery of baby,departments,information_seeking,high
Msc anatomy,departments,information_seeking,high
Do I need to do any registration for yellow fever vaccination,appointment,information_seeking,high
I want to book an appointment for cardiologist,appointment,scheduling,medium
Main ott course me admission kaise le,admissions,information_seeking,medium
Neurologist says that you should visit Daliganj for Orthopedic OPD consultation.,opd,information_seeking,high
Kgmu me liver ke dr kis kis din baithte hai,general,information_seeking,high
Mujhe dermatologist ko dikhna hai aaj,departments,scheduling,high
sumit rungta aya h nhi,general,information_seeking,high
Mere bhai ki abhi tak post mardam report nhi mili h,general,information_seeking,medium
Any other no.,general,information_seeking,medium
Diploma in operation theater technician course details,courses,information_seeking,high
Paramedical corse admission details,admissions,information_seeking,medium
My brother is waiting for dialysis but it is not being done on time. I have the Aadhar number and address. I can tell you the mobile number right now.,campus,scheduling,high
Contact number regarding admission,admissions,information_seeking,medium
opd information links,opd,information_seeking,high
नर्सिंग examinaction sop chehey thi kgmu ki,exams,information_seeking,medium
B.s.c nursing entrance exam form out date 2026.,admissions,information_seeking,medium
Kgmu nursing officer ka exam date kiya thi announce hui thi ya nhi,exams,scheduling,high
Khansi ke liye kis doctor ko dikhana chahiye,general,information_seeking,high
Bas yahi ki form kab apply karna h,career,information_seeking,high
Exoected date if you could tell me or current status,general,information_seeking,medium
Upcnet to 120 marks ka hota hai usme se kitne marks lane hote hai qualification ke liye 2026 me kgmu me,general,information_seeking,medium
"I want to know , when nursing officer exam will be conducted",exams,scheduling,high
i want information regarding radiology courses,departments,information_seeking,medium
I want to book an appointment for my eyes check up,appointment,scheduling,medium
Appointment kaise book kre,appointment,scheduling,medium
Kgmu Ma bpt aur mpt ma admission kab sa start ho ga,admissions,scheduling,high
Bachlor of pharmacy ki vacancy,departments,information_seeking,medium
Please book my appointment,appointment,scheduling,high
Chicken liver in lspgt,general,information_seeking,high
Any updates for MHA counselling?,admissions,scheduling,high
I wanted to know if there's any internship opportunity available in the clinical psychology department,departments,information_seeking,high
Is the number Linked with adhar is been corrupted then can we provide alternative number for opd registration,opd,information_seeking,high
What the eligibility of admission in bpt course,admissions,information_seeking,medium
Cancel my appointment,appointment,scheduling,high
For how many days depression patient got admitted,general,information_seeking,medium
Kgmu me hi mil skti h ? Diploma in mri technician krne baad,courses,information_seeking,high
Doctor pooja Ramakant appointment,appointment,scheduling,high
Hi diploma dental hygienist me admission kaise hoga,admissions,information_seeking,medium
Kis link se jakr appointment milega neurology patient ka,appointment,scheduling,high
I need to enquire about admission,admissions,information_seeking,medium
Exam date,exams,scheduling,medium
Pt.ko appointment chahiye,appointment,scheduling,high
M a home science registration last date,appointment,scheduling,medium
Above Link is not working,general,complaint,medium
This university have bsc radiology,departments,information_seeking,medium
Msc nursing admission,admissions,information_seeking,medium
Online appointment ke liye,appointment,scheduling,high
YAHA EYE KA ILAJ HOTA HAI,general,information_seeking,high
Opin ment,general,information_seeking,medium
What is cutoff for mbbs in this college or rank,admissions,information_seeking,high
Website bhejo,contact,information_seeking,medium
My mother has been lost memory and sensitive can I admit in emergency,emergency,information_seeking,high
Can i get appointment for tomorrow for shantanu sir,appointment,scheduling,medium
Urology opd schedule,opd,scheduling,high
Kal doctor arun kumar sharma opd lege ki nahi,opd,information_seeking,high
Opd appointment contact number,opd,scheduling,medium
M asking for the exam held on 3 April 2026,exams,information_seeking,medium
Paramedical of sanitation,courses,information_seeking,high
For online registration of patient,appointment,information_seeking,high
Hi i need to book appointment,appointment,scheduling,high
How do you get,general,information_seeking,medium
How do I apply for diploma in physiotherapy,courses,information_seeking,medium
Blood report lena hai,general,information_seeking,high
Gastroenterology vivag kha hai,general,navigation,high
बीएससी नर्सिंग का कुल खर्च कितना आएगा,general,information_seeking,medium
Mujhe uhid number kaise milega,contact,information_seeking,high
Yha muje bsc ott Krna hai kya eglibilty hai,courses,information_seeking,medium
Dr.sharad chandra sir lari me kis din dekhte h?,general,information_seeking,high
Opd me dikhane ke liye appoinment kaise lena hoga offline ya online,opd,information_seeking,medium
Mujhe urologist doctor se appointment Lena hai,appointment,scheduling,high
Admission in bsc.radiotherapy,admissions,information_seeking,medium
I want to know fee structure of course bachelor's in medical laboratory technique complete information about this course only,fees,information_seeking,medium
Multiple post recruitment exam 14 november result date,exams,scheduling,high
Please share email id dr p tandon,contact,information_seeking,high
Admit card download nhi ho rha.,general,complaint,medium
Non technical exam ka result kab tak aayega jo 14/11/25 ko hua tha,exams,scheduling,medium
Please kindly tell me that when kgmu take vacancy OT technician exam will done,exams,scheduling,high
Nursing tutor and assistant professor,faculty,information_seeking,medium
Doctor help you happy advice,general,information_seeking,medium
Ot assistant second call dv kab tak aye ga,contact,scheduling,high
Ooth aur dant me problem hai to kaha dikhaye,general,navigation,high
Sorry but call lag nhi rahi,contact,complaint,medium
Admissions for paramedical courses are open?,admissions,information_seeking,medium
I lost my report slip,general,complaint,high
Mjhe appointment leni h,appointment,scheduling,high
I want latest list,general,information_seeking,high
lab reports kaise dekhe,general,information_seeking,high
How are the admission process for msc nursing in kgmu,admissions,information_seeking,medium
"hi,kgmu nursing officer exam was conducted or not?",exams,information_seeking,high
Ho jayga n neet ke through score card se,admissions,information_seeking,medium
Okay so suggest me more courses and diploma in kgmu i want to know if I can do,courses,information_seeking,medium
RCT ka kya charges hai,fees,information_seeking,high
Dental science ka doctor kab baithate है,general,scheduling,high
Kya dermatology department mein online appointment next month le sakte hai,appointment,information_seeking,high
Nursing govt form link,courses,information_seeking,medium
what are the bsc in ott,courses,information_seeking,high
Kgmu appoinment for opd,opd,information_seeking,medium
Kgmu ke form kab nikalenge,general,scheduling,high
Sir pharmacy ka exam kb hoga,exams,information_seeking,medium
Doctor Rekha kis din baithati Hain please iski Jankari den,general,information_seeking,high
When schedule the MSSO exam of KGMU ?,exams,scheduling,medium
After 12 th pcb,general,information_seeking,high
In pediatric surgery,departments,information_seeking,high
when will the nursing vaccancy exam,exams,scheduling,medium
I want appointment for rishi Sethi,appointment,scheduling,medium
Appointment lena hai,appointment,scheduling,medium
both the number is not working,contact,complaint,medium
Appointment notice,appointment,scheduling,medium
Date of practical exam for pcpndt cbt exam held on 6 sep,exams,scheduling,medium
Exam date nursing officer 25/04/2025,exams,scheduling,high
Cardiology,departments,information_seeking,high
Plastic surgery department general ward very hot all patient is very disturb,departments,complaint,high
How to do appointment?,appointment,scheduling,medium
Kgmu nursing officer exam 2025 kab hai,exams,scheduling,medium
when will nursing officer 2026 recruitment form filling date,courses,scheduling,medium
Eye OPD daily countinue rahti hai,opd,information_seeking,high
I want to remove glasses of my brother. I want lasik surgery for him,departments,information_seeking,high
They are not working,general,complaint,medium
OT bachelor course,courses,information_seeking,medium
OPD new registration,opd,information_seeking,medium
Assistant professor in nursing vacancy,faculty,information_seeking,medium
Batch list 24 batch md psychiatry,departments,information_seeking,high
What to fill in the demand draft for admission in KGMU,admissions,information_seeking,medium
Can I not get admission without an entrance exam?,admissions,information_seeking,high
Sir nursing officer ke liye Admit card kab milega,courses,scheduling,medium
2026 me kab tak aaygi,general,information_seeking,medium
Nurshing officer latest apply vacency ki jaankari leni hai,career,information_seeking,high
Mujhe rajistraion karna hai,general,information_seeking,medium
Dr Pawan Kumar Gupta sir ko dikhana hai,general,scheduling,high
Opd me kaise dikhaye,opd,information_seeking,medium
Trauma emergency reports,emergency,information_seeking,high
the list of selected candidate,general,information_seeking,medium
Daant ka doctor kaun sa din baithta hai,general,information_seeking,high
Kaise milega,general,information_seeking,high
On 3rd April Friday KGMU OPD open or closed please tell me?,opd,scheduling,high
Admission portal ka contact no. Chahiye,admissions,information_seeking,medium
Nursing officer exam date,exams,scheduling,medium
i want to contact you to talk about my admission,admissions,contact,medium
Msc nursing,courses,information_seeking,medium
Ultrasound fee,fees,information_seeking,high
Online opd slod,opd,information_seeking,medium
Do I need a separate appointment if the doctor has asked to visit on a certain date in discharge summary,appointment,scheduling,high
Bsc radiography me admission kaise hoga,admissions,information_seeking,high
can u search in the notice section a notice from microbiology regarding PAC BIDDING,departments,information_seeking,medium
How to take admission in BPT,admissions,information_seeking,high
मुझे कार्डियो सर्जन को दिखाना है। ए वी आर केस है,general,scheduling,high
Muje hair transplant krana h,general,information_seeking,high
Is dialysis available in kgmu,general,information_seeking,high
hi can you tell me way to opd,opd,navigation,high
Online patient registration,appointment,information_seeking,medium
can i book appointment for today ?,appointment,scheduling,medium
Monika bhandari kis din baithti h,general,information_seeking,high
Plz tell me exam date about assistant security officer 🙏,exams,scheduling,high
Apke hospital vacancy nikli h ki ni,career,information_seeking,medium
Intership ke liye online form kese bhare,general,information_seeking,medium
Gupt rog ke doctor kis din milte hai,general,information_seeking,high
Admin block query for neet ss admission 2026,admissions,navigation,medium
Me seti sken 7/3/26 ko karya tha aur seti sken to mela lekin uski report 25/3/26 tak nahi de pa rahe hai,general,complaint,high
admission process for Diploma in Optometry,admissions,information_seeking,medium
bsc nursing me kitna fee lagta h,fees,information_seeking,medium
What is the mode of payment of fees at the time of admission in pg course,admissions,scheduling,high
Dr. Shailendra singh Dr. Vineet sharma,general,information_seeking,high
When will the admission for B.Sc Nursing take place?,admissions,information_seeking,medium
Admission diploma in dental hyginist,admissions,information_seeking,medium
Kgmu email ID and contact number,contact,information_seeking,high
Can u apply my course admission details,admissions,information_seeking,medium
I want to know the KGMU assistant security (Non tech) proposed exam date which was hold till now,exams,scheduling,high
Opd me kaise dikhaya jaye,opd,information_seeking,medium
Lucknow me sarkari college mlt ki fees kitni hai,fees,information_seeking,medium
Tell me b. Optom fee,fees,information_seeking,medium
BSX nursing ke liye addmission kb se higa,courses,information_seeking,high
Is msc dialysis technology course is there,courses,information_seeking,high
Student list of pg degree,courses,information_seeking,medium
KGMU Mai ilaj Free Hota hai kya,general,information_seeking,medium
Bsc nursing kay liye Apply kerna h,courses,information_seeking,medium
Bta skte dialysis fee structure,fees,information_seeking,medium
"New appointment expire ho gaya hai , follow up appointment le sakte hai",appointment,information_seeking,high
Md pediatrics mark results,exams,information_seeking,high
Kindly provide full dental pediatrics department faculty list for opd,opd,information_seeking,high
If any project in microbiology department?,departments,information_seeking,high
KGMU nursing officer ka exam date kya h,exams,scheduling,high
Can I take admission throught private in BAMS and how much fee will be charge,admissions,information_seeking,medium
Nursing ki vacancy,courses,information_seeking,high
Kgmu nursing officer 2025 ka exam kab hoga,exams,scheduling,high
US Pal dentist surgery,departments,information_seeking,high
postgraduate verification,general,information_seeking,medium
you are useless,general,information_seeking,medium
Mai int doctor se kaise sampark kar sakta hun,contact,information_seeking,high
I am calling you but no response,general,information_seeking,medium
Bsc radiology,departments,information_seeking,high
Want to slot book for yellow fever vaccination (unable to contact number,appointment,information_seeking,high
MHA program for session 2025-26,courses,information_seeking,medium
Sar mujhe medicine ki jrurat hai,departments,information_seeking,high
अच्छा कब फार्म निकलेगा नए सत्र में एडमिशन लेने के। लिए,general,information_seeking,high
Entrance exam me kitne marks jaruri hote hai university ke liye,admissions,information_seeking,medium
I want to book an appointment in opd,opd,scheduling,medium
can you provide contact details of admission branch,admissions,information_seeking,medium
Kgmu nursing officers exam date,exams,scheduling,high
Doctor List of Medicine with Degree please tell me,departments,information_seeking,high
kgmu nursing officer 2025 ka exam kab tk hoga ?,exams,scheduling,medium
Nursing requitment exam kab tak hoga.,exams,scheduling,medium
How can I get my MBBS documents via digilocker,courses,information_seeking,medium
Sunday ka opd khula rahata hai ya nahi,opd,information_seeking,medium
How can we get admission in bmls,admissions,information_seeking,medium
Kgmu nursing officers vacancies of 2026,courses,information_seeking,medium
Went to know about the courses,courses,information_seeking,medium
Admit card for nursing officers 2025,courses,information_seeking,medium
How to get admission in bpt in kgmu,admissions,information_seeking,medium
Yellow fever appointment,appointment,scheduling,medium
सर्जिकल असिस्टेंट में एडमिशन लेने के लिए नीट एग्जाम देना जरूरी है,general,information_seeking,high
Admission fee kitna hai,admissions,information_seeking,medium
Specialist neurology clinic,departments,information_seeking,high
Bmlt course apply,courses,information_seeking,high
Himanshu Gupta,general,information_seeking,high
Bsc nursing is available,courses,information_seeking,medium
I want to do registration,appointment,information_seeking,medium
Abhi koi reply nahi aaya hai hamne sms kar diya hai,general,complaint,high
Nursing officer level 7 exam date,exams,scheduling,medium
I want to join bpt this year,general,information_seeking,medium
Mera help kijiye Admission Lena h,admissions,information_seeking,medium
Admission information,admissions,information_seeking,medium
when is the nursing officer exam will conduct?,exams,scheduling,medium
I want to know if kgmu provide BPT course...If Yes then what is the process,courses,information_seeking,medium
Vacancy tutor vali kha show hoogi,career,information_seeking,medium
Is link me 7 semester ka result show nhi kr rha h,exams,information_seeking,medium
revers form bhare ja sakte hai bsc nursing ke,courses,information_seeking,medium
can i get online report,general,information_seeking,medium
How can I join this job,career,information_seeking,medium
New Appointment,appointment,information_seeking,high
Eye department Dr name,departments,information_seeking,high
Online consultation,general,information_seeking,high
What about dmlt,general,information_seeking,high
Kl kya opd open rhegi,opd,scheduling,high
Bsc radiology course is available,departments,information_seeking,high
Book appointment lari,appointment,scheduling,high
Uric acid के लिए kis doctor को dikhaye,general,information_seeking,high
Admission in diploma in ot technician how can i get admission,admissions,information_seeking,high
Today dermatologist opd open or not,opd,information_seeking,high
Book appointment dr akil kumar sharma,appointment,scheduling,high
Want to know about fellowship dental,general,information_seeking,medium
I did this…....still no response,general,information_seeking,high
मैं हॉस्पिटल में डॉक्टर को दिखाना चाहता हूं मैं ऑनलाइन आवे रजिस्ट्रेशन कर लिया है तो मुझे क्या करना होगा,general,information_seeking,medium
General seat is available in this vacancy,admissions,information_seeking,medium
Muche aj dikhana tha,general,scheduling,high
kgmu M phil clinical psychology result,exams,information_seeking,high
Location of gastroenterology department,departments,navigation,high
Kgmu ke 700 vaccancy wala exam kab hoga,exams,scheduling,medium
Mujhe yellow fever vaccine ka appointment Lena hai,appointment,scheduling,high
Dr priya ranjan oncology,departments,information_seeking,high
Admission inquiry,admissions,information_seeking,medium
Kya BSC nursing me addmission ho jayega cuet ke base per,courses,information_seeking,medium
"My name is Sudhakar Trivedi, recently i have pass in Diploma in Opration theatre technician. I want to join in internships programs in KGMU lucknow. How could i get a chance to join internships.",courses,information_seeking,high
How to pay the fees for md pediatrics corse and what is the amount,fees,information_seeking,medium
Medical oncology cme d,departments,information_seeking,high
Hi when docor apjit kaur have opd ?,opd,information_seeking,high
Appointment kaise book kar,appointment,scheduling,high
Want to take appointment,appointment,scheduling,medium
Main bsc nursing me admission kaise lu,admissions,information_seeking,medium
Admission for radiographer date,admissions,information_seeking,medium
Dmlt course mein admission kaise le,admissions,information_seeking,medium
Bsc nursing staff nurse,faculty,information_seeking,medium
Job chahiye pharmacist ki,departments,information_seeking,medium
Lt ke liye admission chaiye mujhe,admissions,information_seeking,medium
When will be the application out for BMLT and BPT cources,general,information_seeking,medium
Bas registration ka number aya hai koi link nhi hai,appointment,information_seeking,medium
Isme se koi call ka reply nahi hai clear,contact,complaint,high
In this college is there is a course provided of for class 12th student undergraduate degree bachelor of physiotherapy what is the criteria,courses,information_seeking,high
How to book opponent,appointment,scheduling,medium
Mai yha admission kaise lu,admissions,information_seeking,medium
Heart me 90% blocked hai kya help mil sakti hai,general,information_seeking,high
Hod doctor nephrology,faculty,information_seeking,high
I am student of PWbd in neet 2025 I have verification in kgmu for medical courses mbbs admission and I have verified by medical board then he give me certificate PWbd reservation then the Name of the Designated Disability Certification Centre is mentioned that dr. B.k Ojha then that type of problem the PMCH or patna Bihar not take my admission,admissions,information_seeking,medium
Niepvd,general,information_seeking,high
Which entrance exam,admissions,information_seeking,medium
Mujhe kgmu se bsc nursing krni hai,courses,information_seeking,medium
Can u pls tell about the fees,fees,information_seeking,high
Mujhe tifa karana hai,general,information_seeking,high
Mujhe appointment karvana hai,appointment,scheduling,high
direct addmision hota hai ki nahi bmlt ke liye,general,information_seeking,medium
ot technician ka form kab ayega,general,information_seeking,medium
Kya mujhe Koi job mil sakti hai kgmu mein,career,information_seeking,medium
where is examination center in kgmu nursing exam,exams,navigation,medium
Dr vishwajeet sir ki opd kb kb hoti hai nefrologist,opd,information_seeking,high
Gnm coarse ki,general,information_seeking,high
Why slots not available,general,information_seeking,high
Recruitment exams,exams,information_seeking,medium
Ji mujhe neuro ki dikkat hai meri NAS mein Nasha haddi mehnat bhi hai uska operation hona doctor na Karen operation nahin Ho payega,general,information_seeking,high
Staff nurse exam date permanent,exams,scheduling,high
emergency me bed milne ke chnace,emergency,information_seeking,high
When dr chandrakanta see to patients,general,scheduling,high
How can I take admission in paramedical courses like MRI technician OTT,admissions,information_seeking,high
Can u give me the intro of last year process and marks,general,information_seeking,medium
Admission me kya kya lagta hai,admissions,information_seeking,medium
Aaj Shaniwar ke din kis doctor ki OPD Hai cardio mein gadi OPD mein,opd,information_seeking,high
PsychiatrY,departments,information_seeking,high
"Mere paas pahle se UHID hai , lekin kgmu me Mera new appointment nahin ho raha hai",appointment,information_seeking,high
Is there a minimum score to get in kgmu,general,information_seeking,medium
"Non teaching medical social service officers, ki answer ki kab Tak aayegi ka.\nB tak aayegi",general,information_seeking,medium
opd ki fee kitni hai aur opd ka parcha kitne din tk valid rhta hai,opd,information_seeking,medium
how to book slot for yellow fever vacciene,appointment,scheduling,medium
Bpt ka admission ke liye form kab aata hai?,admissions,information_seeking,medium
tell me procedure for appointment NEUROLOGY OPD,opd,scheduling,high
केजीएमयू में जांच रेट लिस्ट क्या है,general,information_seeking,high
Kjmu pharmacist ka score card,departments,information_seeking,high
How can apply appointment,appointment,scheduling,high
humko admisson ke liye kgmu mein kaun sa entrance dena hoga,admissions,information_seeking,high
Diploma in dailisis course kaise kare,courses,information_seeking,medium
Yaha durbin dura kiye jane vali operation ka kitna karcha ata hai,general,information_seeking,high
"Hie, i have a doubt related to the eligibility criteria of your colleges for PG students... where can i ask that?",admissions,navigation,medium
Direct addmission ho rhe hai bsc Nursing ke liye,courses,information_seeking,medium
Online token booking,general,scheduling,high
pharmacist ka result kaise dekhe,exams,information_seeking,high
Gastrodepartment,general,information_seeking,high
Fees students MBBS,fees,information_seeking,medium
I want to talk about bpt course fee structure placement internship,fees,information_seeking,medium
List of opthalmologisy technical post result,exams,information_seeking,high
Mujhe dental hygienist mein admission Lena Hai sar please help me kahan se jakar lunga admission,admissions,navigation,medium
5 jun 2026 ko ent doctor a b singh hospital me rahenge ya nahi...,departments,information_seeking,high
Enrollment no.,general,information_seeking,high
Gestro department opd,opd,information_seeking,high
Semi private room for patient not for me,general,information_seeking,high
Hello I want to ask that will the hospital be open on date 25 November Tuesday 2025,general,scheduling,high
what are the working hours,general,information_seeking,medium
Online ragistration hai to uske bad hospital ja ke kya kre,general,information_seeking,high
how to get admission in bachelor of physiotherapy,admissions,information_seeking,medium
Cect scan cost,fees,information_seeking,medium
Nefrologist opd ki parchi kha ktegi or kese jae,opd,information_seeking,high
Hey can u tell exam schedule of md/ms 2026 examination,exams,information_seeking,medium
Doctor Naseem akhtar,general,information_seeking,high
i want to known about pg admission,admissions,information_seeking,medium
Kgmu ki addmission process website band ho gyi hai kya,contact,information_seeking,medium
How to apply bsc in radiology,departments,information_seeking,medium
Rumotologist,general,information_seeking,high
urology deptt,departments,information_seeking,high
Mere kehna ka mtlb hn ki dmlt ke admission ke liye forms available hn yh nhi qki site pe nhi dikh rha,admissions,information_seeking,medium
Kaise pta kre ki KGMU me pacemaker aa gya hai in hindi,general,information_seeking,medium
Kgmu non teaching result,exams,information_seeking,high
hwo to book the appointment ?,appointment,scheduling,high
dentist,general,information_seeking,high
diploma in dental hygienist,courses,information_seeking,medium
Hi do you have courses in clinical psychology,courses,information_seeking,high
Kgmu mein OT kaise kar sakte hain in Hindi,general,information_seeking,high
Abhi 14 November ko jo non-teaching ka exam hua tha uska result kab tak aayega,exams,scheduling,high
KGMU lucknow hospital ma kidney transplant hota hai kya??,general,information_seeking,high
Last date of registration?,appointment,information_seeking,medium
How can I book an appointment for child specialist?,appointment,scheduling,medium
Kya gnm fresher kgmu mai apply kar sakte hai,career,information_seeking,medium
Want to know about heomologist,general,information_seeking,high
Diploma in paramedical cardiology technician requires any exam,exams,information_seeking,high
Konsa exam dena hoga,exams,information_seeking,medium
Mujhe diploma in automatic under b.sc in optometry karni hai,courses,information_seeking,medium
Kis building me baithte hai,campus,navigation,high
Nursing officer pepar kab h,courses,scheduling,high
result link of computer programmer level 10 recruitment,exams,information_seeking,high
Kya abhi pharmacist ki vacancy available hai,departments,information_seeking,medium
How to take admission in bpt course,admissions,information_seeking,high
Appointment opd,opd,information_seeking,high
My father required Angiography,general,information_seeking,high
Kgmu msso ka jo exam hua h uska result kb aega,exams,information_seeking,medium
Non pg jr ke lie interview lab hoga?,general,information_seeking,medium
Cvp test price,general,information_seeking,high
MPT is there?,general,information_seeking,medium
Monday,general,information_seeking,high
advertisement no. 53/R-2024 please provide admit card download link because 14th November is exam date,exams,scheduling,high
Doctor Manish chhandra se kaise sampark karen,contact,information_seeking,high
thanyawaad,general,information_seeking,medium
Kgmu nursing officer admit card kaise nikalu nikal nh raha,courses,information_seeking,high
Esaki counselling date kab aayega,admissions,information_seeking,medium
KGMC pharmacist vacancy Apply for sometime,departments,information_seeking,medium
Sunday ko OPD kula rahta hai,opd,information_seeking,medium
Diabetes opd time and date,opd,scheduling,high
आज opd खुली है,opd,information_seeking,high
examination brochure,exams,information_seeking,medium
I want a appointment in cardiology department.,appointment,scheduling,high
"Lucknow, Uttar Pradesh, i want it in KGMU Lucknow and no i don't have in medical insurance, and i am available form monday till Saturday",general,information_seeking,high
Interventional radiology kaha pe hai,departments,navigation,high
Sir kya paramedical k liye only merit base p koi form h ¹2 and 10 percent k according,courses,information_seeking,medium
Kgmu verifying documents form hospital isk bad kitna time lagta final.list aane me,general,information_seeking,medium
How to fill this form ?,general,information_seeking,medium
2511163400500102 appointment number hai,appointment,information_seeking,high
Mujhe DMLT me admission lena hai,admissions,information_seeking,high
Main anklosing spondylitis ka pecent hun kya mujhe kgmu mein treatment mil sakta hai,general,information_seeking,high
I want admission in KGMU for ott study,admissions,information_seeking,high
jaise counselling mein accha rank nhi aaya to bhi ho jayega admisson,admissions,information_seeking,high
HOW TO MAKE APPOITMENT,general,information_seeking,medium
July me kis din band rhegi,general,information_seeking,high
Aaj hospital open hai?OPD dekhi jayegi?,opd,information_seeking,medium
Nursing requirement ka admit card kab tak aayega,courses,scheduling,medium
Dr Abhishek Singh,general,information_seeking,high
Opd pacha bhejo,opd,information_seeking,medium
Abhi Koch din phle mere mitr ki bahan apke yha admit thi,general,information_seeking,high
list of dr. neulogy department with speciality please tell me,departments,information_seeking,high
How to get admission in bsc nursing,admissions,information_seeking,medium
Opd date,opd,scheduling,medium
"Yes, mai bihar se Hain mujhe KGMU me Addmission lena hai b.sc nursing ke liye kaise addmission le woha",courses,information_seeking,medium
Dental hygienist main admission kaise hoga,admissions,information_seeking,medium
फार्मासिस्ट 2025 का रिजल्ट,general,information_seeking,medium
Today is 28 may 2026 odp is open or not at kgmu,general,information_seeking,medium
I want to show to Dr Anany Gupta,general,navigation,high
Rheumatologist dr opd,opd,information_seeking,medium
Mai OT technician mein admission Lena chahta hun Kaisa hoga,admissions,information_seeking,high
UG admissions 2025-2026,admissions,information_seeking,medium
Mujhe admission process,admissions,information_seeking,medium
Doctor kab vadte h,general,scheduling,high
mujhe kevl ye btaiye hkya m.phile entance exam ka syllabus kaha se pta chalega,exams,information_seeking,medium
I want appointment today,appointment,information_seeking,high
How to check my online report,general,information_seeking,medium
Mera nursing officer ka form dekhna h,courses,information_seeking,medium
कल मरीज दिखाना है डर्मोलॉजी में,general,information_seeking,high
Eligibility criteria for bpt admission,admissions,information_seeking,medium
How to fill form for bpt,general,information_seeking,medium
anatomy hod,faculty,information_seeking,high
I want admission in lab technician,admissions,information_seeking,high
Mujhe cardio doctor ka appointment chahiye,appointment,scheduling,high
Book an appointment for lari,appointment,scheduling,high
Skin docter ko dikhana hai,general,scheduling,high
Kya Nursing Officer exam ki Date announced ho gai hai kya,exams,information_seeking,medium
Kgmu nursing tutor vaccancy aayi,courses,information_seeking,medium
Kaha se apply hoga nursing tutor ke liye form,courses,information_seeking,medium
Kgmu nursing exam,exams,information_seeking,medium
I want to book an appointment in neurology,appointment,information_seeking,high
i want to book a appointment,appointment,scheduling,medium
Provide link for new registration,appointment,information_seeking,medium
Nephrology doctor,general,information_seeking,high
Can I take appointment for opd Tommorow,opd,scheduling,medium
Uspe to abhi koi vacancy nahi hai,career,information_seeking,high
follow up OPD ortho department me band hai tab bhi follow up appointment kaise ho ja Raha hai,opd,information_seeking,high
Jaldi krva do exam,exams,information_seeking,medium
How to get appointment doctor,appointment,scheduling,high
Kya friday ko dermatologist rhte h,departments,information_seeking,high
Chest,general,information_seeking,high
Kaya aapke hospital me rirs surgery available hai,departments,information_seeking,high
How to admission in kgmu college for bpt,admissions,information_seeking,high
kitna mark lana padta hai,exams,information_seeking,high
Cardiologist,general,information_seeking,high
Mujhe mouth mai छाला hai किस doctor ko dekhaoo,general,information_seeking,high
Kalam centre info required,general,information_seeking,high
Admission from kabtak full kar sakte hain...?? Last date kab ki h??,admissions,information_seeking,medium
Can I take direct admission for bsc nursing,admissions,information_seeking,medium
Hn ji maine form fill Kiya the jab kgmu ki vacancy ayi thi,career,information_seeking,medium
Nhi jese me kalam centre gayi ab kya kahu ke kaha Jana h,general,navigation,high
April me kis kis din opd bandh rahega,opd,scheduling,medium
Dr. Vaibhav raj,general,information_seeking,high
If no one picking call on contact numbers,contact,complaint,medium
Otolorylogy kis chamber and kis flour par hai,general,information_seeking,high
Medical social worker exam admit card,exams,information_seeking,medium
nefrology department,departments,information_seeking,high
Online appointment Book,appointment,scheduling,medium
Completely lack of Water since 2 hrs and Here all Patient are badly condition due to Lack of. Water,general,information_seeking,high
Vacancy of tutor,career,information_seeking,medium
gestro oncology doctor name?,faculty,information_seeking,high
Kya Ham online registration OPD ke liye kar sakte hain,opd,information_seeking,high
how do I take admission for MHA in this university?,admissions,information_seeking,medium
Job krna h,career,information_seeking,medium
I want appointment of p.k sharma,appointment,scheduling,high
admit card download nahin ho raha hai,general,information_seeking,medium
Dr Jitender Singh,general,information_seeking,high
Mujhe Mera patient admit karvana hai,general,information_seeking,medium
Department of surgery,departments,information_seeking,high
How many students have passed bpt from kgmu and from which year the course began from starting,courses,information_seeking,medium
When BSc nursing form are coming,courses,information_seeking,medium
Main kitne baje aa sakta hun,general,information_seeking,high
Dear SHAHPER ALI This is to inform you that your assessment for Medical Lab Technologist (Lab) Level-6 Post Recruitment 2025 in KGMU has been scheduled on 03-April-2026. Request you to check KGMU Official website for more details. Regards KGMU,career,information_seeking,medium
I want to know about KGMU computer programmer DV,courses,information_seeking,high
Paper kaise hoga,exams,information_seeking,medium
I need geriatric medicine lectures,departments,information_seeking,high
Query regarding pg admission,admissions,information_seeking,medium
genetics doctor,general,information_seeking,high
What are the other medical courses kgmc offered?,courses,information_seeking,high
Dmlt ke liye kab se form apply hoga,career,information_seeking,medium
मुझे केजीएमयू में अपना अपॉइंटमेंट लेना है प्लास्टिक सर्जरी डिपार्मेंट में,general,information_seeking,high
Can u assist me step by step,general,information_seeking,medium
I got 86% in boards,general,information_seeking,medium
Admission process of diploma in anaesthesia & critical care technician,admissions,information_seeking,high
B.S.C. nursing,courses,information_seeking,medium
Orthopedic department me appointment kb or kaise mil skti h,appointment,scheduling,high
Plese details about in KGMU nursing tutor exam,exams,information_seeking,medium
Koi staff nurse fresher ke liye job hai,faculty,information_seeking,medium
Mujhe opretision karana h dr abhishek Saini se ALC ka,general,scheduling,high
Kgmu entrance exam date ?,admissions,scheduling,high
How to get admission in a BPT in year 2026,admissions,information_seeking,medium
KGMU KI TOTAL FEES KITNI H OR KITNE TIME KE LIYE HOTI H?,fees,scheduling,high
Fees of kgmu for bsc nursing,fees,information_seeking,medium
I am a patient and where I am going to download my report card online,general,navigation,high
Sir please tell me nursing office paper kab hoga,exams,scheduling,medium
क्या स्त्री रोग कौन से वार्ड में बैठी हैं,general,information_seeking,medium
Stomach ha liver me Dr ko dikhana hai,general,information_seeking,high
Maine 12 issi sal pass kiye kya mai bhar sakti hu,general,information_seeking,medium
Message appointment kesari Pratap narayan singh 8887019134,appointment,scheduling,high
KGMU exams,exams,information_seeking,high
Dermatologist milege hospital mein ?,departments,information_seeking,high
Today skin opd timing,opd,scheduling,high
Muje Badaun se reffer kara hai toh kya muje opd lena padega,opd,information_seeking,medium
hamare papa Dr. sarad chandra ke patient hai,general,information_seeking,high
This site is not open,general,scheduling,high
Admission procedure for BMRT,admissions,information_seeking,medium
Dermatology Department time,departments,scheduling,high
Bcs nursing course ki fees kitni hoti h,fees,information_seeking,medium
Examination non teaching post held on 14 nov 2025 whenever uploaded answer key,exams,scheduling,high
I want the appointment for my father,appointment,scheduling,medium
Kgmu nursung officer admit card 2025,general,information_seeking,high
Staff nurse ka Exam kab hoga,exams,scheduling,medium
important mcq for msso exam,exams,information_seeking,medium
Please help me to report a Dr. S. M. Abaas for fraud,general,complaint,high
I not received money from hospital,general,information_seeking,medium
lab report,general,information_seeking,high
सिटी coronary एंजियोग्राफी प्राइस,general,information_seeking,high
Nursing job exam date 2026?,exams,scheduling,high
mha k bare me btao,general,information_seeking,medium
Nursing job,courses,information_seeking,medium
Is college mein admission kaise Le admission process,admissions,information_seeking,medium
KGMU nursing tutor recruitment details,courses,information_seeking,medium
I want to complain against ward boy of gyanae ward ground floor. There was word is takes guthka( smoked) and spitting on infront of ward . And I asked her id card He misbehaving with me,general,complaint,high
How to apply for fellowship in clinical cardiology,departments,information_seeking,high
Is dr Veerendra Verma on leave?,general,information_seeking,high
Military nursing services,courses,information_seeking,medium
place,general,information_seeking,high
"So, you give me an objective.",general,information_seeking,high
Only ka syllabus short notes very very important,exams,information_seeking,high
Post for nursing tutor,courses,information_seeking,medium
kgmu nursing officer 2025 ka registration number kaise prapt kare,appointment,information_seeking,medium
I want to go to opd,opd,information_seeking,medium
Docter list abhi tak update nhi hui hai,general,scheduling,high
Which department to visit for dog bite infection control injection,departments,information_seeking,high
Also if I do online appointment then also I have to wait in long queue....or I have to.comat atf8xef time and then visit dermatologist as the time prescribed,appointment,information_seeking,medium
Tomorrow OPD open,opd,scheduling,medium
Bpt me admission milega,admissions,information_seeking,medium
How to take addmission in BPT course in kgmu,courses,information_seeking,medium
Hlo i want to take admission in bsc radiology in kgmu lucknow,admissions,information_seeking,high
"Tsh, calcium ionized , ft4 ye test k kitne rupees padenge test krane k",general,information_seeking,high
Mujhe neurosurgeon ko dhundh rhi hu,general,information_seeking,high
In which side I have to apply for internship in radiology,departments,information_seeking,medium
Mujhe bptmai admission chahiye mere reneet 2026 mai 300+ marks aa rhe hai,admissions,information_seeking,medium
BSC microbiology,departments,information_seeking,medium
Kya mai apna parcha jo refer kiya h share kr sakta hoo apko,general,information_seeking,high
Online registration kaise le,appointment,information_seeking,medium
Mujhe admit karana hai emergency me,emergency,emergency,high
Can I get in radiology through pr cnet entrance if not nursing seat,admissions,information_seeking,high
Give me contact number of endocrinology department,departments,information_seeking,high
24 November 2025 ki baat kr rha hoon mai,general,information_seeking,high
How many application for the interview on 8 june,general,information_seeking,medium
Main kaise apply karu,career,scheduling,high
Want appointment in kgmc,appointment,scheduling,medium
Can I get Tommorow appointment,appointment,scheduling,medium
i want appointment,appointment,information_seeking,high
How to apply for BSC Nursing,courses,information_seeking,medium
examination contact no. for recuirtment,exams,information_seeking,medium
Doctor opd schedule,opd,information_seeking,medium
Aaj good Friday hai opd open hogi ya nahi,opd,scheduling,medium
Room number,contact,information_seeking,high
Has admission for bds course begun,admissions,information_seeking,medium
EANT opd time aur location,opd,scheduling,high
Pediatrics surgeon,departments,information_seeking,high
Appointment link,appointment,information_seeking,high
Agr kalam centre gaye or diploma in mri technician ke baare me admission ki information Leni h to kaha jae kya kahe,admissions,navigation,high
K.g.m.u. addmission ke liye kaun sa entrance test dena hoga,admissions,navigation,medium
pharm d courses fees,fees,information_seeking,medium
what is the timining of oral surgery,departments,information_seeking,high
Medical social service officer ka exam date kb se h,exams,scheduling,high
jrship in dental,general,information_seeking,high
I want to book appointment for lari cardiology,appointment,information_seeking,high
Mujhe kgm mein naukari ki jankari chahie kya post nikali Hai Koi,general,information_seeking,medium
Arthroscopy speciallity clinic,general,information_seeking,high
Kahan se addmission lena hoga or kahan online karani padegi agr open hua toh addmission,campus,scheduling,medium
परीक्षा नियंत्रण कार्यालय का संपर्क कैसे kare,general,information_seeking,medium
I want to admit my critical emergency patient is there ventilator beds açai,emergency,information_seeking,high
Hello mujhe hematology department me patient dikhana hai,departments,scheduling,high
Kal mujhe dr. samir gupta ko dikhana h,general,scheduling,high
How many seats in msc nursing,admissions,information_seeking,medium
Hilo Sir me BSc Narsingh me admission Lena chahte he,admissions,information_seeking,medium
KYA APKE YAHA IVF HOTA HAI,general,information_seeking,high
Kgmu nursing officer recruitment ki exam kb hogi,exams,scheduling,medium
Aap mujhe sjest karo,general,information_seeking,medium
Kgmu me Otolorylogy ka dipartment kahan hai,campus,navigation,high
Its not showing the admission process,admissions,information_seeking,medium
Ultrasound krana hai mne ors ki site se registration kr liya hai next process kya hia,appointment,information_seeking,high
I want to consult a gynaecologist at kgmu. Suggest me Best doctor and process,departments,information_seeking,high
Tell me about b pharma in ur college,departments,information_seeking,medium
KYA KGMC.MAI TUBERCLOSIS KI JAANCH HOTI HAI,general,information_seeking,high
Mujhe koi contect number MIL sakta hai,contact,information_seeking,medium
I want a appointment,appointment,scheduling,high
Expected date nursing officer,courses,scheduling,medium
I want to get the information about MBBS,courses,information_seeking,medium
need document from hospital,general,information_seeking,medium
Kgmu nursing officer exam date 2026,exams,scheduling,medium
3212551,general,information_seeking,high
Appointment book karna hai sir,appointment,scheduling,high
Kya kgmu hospital aaj khula hai,general,scheduling,medium
Requirement nursing tutor post and qualification,courses,information_seeking,medium
Complaint karni h,general,complaint,high
Provide syllabus for nursing officer,exams,information_seeking,medium
Kgmu me nursing officer ki vacancy out hui h kya,courses,information_seeking,medium
Result update,exams,scheduling,high
I want to meet neuro docter,general,information_seeking,high
both url is not working,general,complaint,medium
ACL Surgery Cost,fees,information_seeking,high
Musje job ke lie apply krne ka process jana hai and vaccancy kab tak aayegi,career,information_seeking,medium
Bpt fees kitne h,fees,information_seeking,medium
Orthopedic dr. is time kon hai,departments,scheduling,high
I want to admission in bpt,admissions,information_seeking,medium
Opd पर्चे कितने बजे तक बनते है,opd,scheduling,high
I want b pharm details,general,information_seeking,medium
I need admission in bpt course,admissions,information_seeking,medium
Sir meri Mata ki age 86 year hai unko 22/01/2026 ko dikhana chahta hu to online registration kaese hoga,appointment,information_seeking,medium
Kya iske liye koi interest exam Dena hoga,exams,information_seeking,medium
27 march,general,scheduling,medium
Online appointment book nhi. Ho. Pa raha hai,appointment,complaint,high
Requirment,general,information_seeking,medium
Mbbs ki fess kitni hai,courses,information_seeking,medium
I want to book an appointment,appointment,scheduling,medium
"Mai hm online appointment, lena chati hu",appointment,scheduling,medium
I want addmission in bot,general,information_seeking,medium
Mujhe bharti hona hai,career,information_seeking,medium
Burn & plastic surgery technician job,departments,information_seeking,high
In Kgmu oral surgeon are available,general,information_seeking,high
Artificial eye,general,information_seeking,high
Admission course update,admissions,information_seeking,medium
Any update regarding KGMU nursing officer exam,exams,information_seeking,medium
Just clarifying from where will I get OPD consultation for Orthopedic department Dr. shah Waliullah in New OPD BUILDING OR IN DALIGANJ CAMPUS,opd,navigation,high
there its written no record found,general,information_seeking,medium
I want to book a appointment dr shah wali Ullah MBBS ms,appointment,scheduling,high
Dr Ayush Shukla,general,information_seeking,high
Ot technician vacancy,career,information_seeking,high
Dr Ayush Shukla cardiologist which day OPD,opd,information_seeking,high
admission in BSc anatomy,admissions,information_seeking,medium
Hindi mai bataye,general,information_seeking,medium
Any physiotherapy vacancy,career,information_seeking,medium
Diploma for post mbbs,courses,information_seeking,medium
M Phil in clinical psychology,general,information_seeking,high
Sir ot course main addmission kaise hota h,courses,information_seeking,high
Cardio ka opd parcha bnwana he,opd,information_seeking,high
मेरा medical social service officer ke form ki detail chahiye,general,information_seeking,medium
6 month pcpndt results,general,information_seeking,high
Is bar bptor bot me addmission neet ke through hoga ya cpet ke through,admissions,information_seeking,high
Kgmu pharmacist 38 post 2025 answer key or result kab tak aaega,exams,scheduling,high
i am not able to find the city intimation anywhere. is it update or not for the examination going to held on 3rd april 2026,exams,information_seeking,medium
lari appointment,appointment,scheduling,high
How many vacancies are there for nursing tutor??,courses,information_seeking,medium
Tooth implant cost for upper molar(single),fees,information_seeking,high
What is the fees for bsc nursing degree,fees,information_seeking,medium
Teeth cap price,general,information_seeking,high
ANM job,career,information_seeking,high
B pharm fee 2025,fees,information_seeking,medium
2.6 year bachi ko 3. 4. Meningococcal conjugate vaccine lgwana hai,general,information_seeking,medium
Kon sa entrence exam hota hai,exams,information_seeking,medium
Paramedical aur BSc nursing entrance exam 2026 kab hogaya,admissions,scheduling,medium
pharmacist gr 2 admit card,departments,information_seeking,medium
I need an appointment with the gastro doctor,appointment,scheduling,high
Mere ko kaise pata chalega ki admission chalu hai,admissions,information_seeking,high
syllabus of non technical stuff for jr. laboratory technicin,exams,information_seeking,medium
Want to know contact about getting queries about bsc nursing,courses,information_seeking,medium
Bmlt ka course hota hai ki nahi ye,courses,information_seeking,medium
Kgmu nursing officer form exam date,exams,scheduling,medium
is there admission open?,admissions,scheduling,medium
Likh raha hai slot not a open,appointment,scheduling,high
Best gynecologist dr,general,information_seeking,high
list of neurology department please tell me,departments,information_seeking,high
स्टाफ नर्स भर्ती परीक्षा 2025 कव तक होगी,general,information_seeking,high
KGMU college me merit se bpt form,general,information_seeking,medium
Whats the time to the release forms,general,scheduling,high
Eid ki chutti kab hai OPD main,opd,scheduling,high
List of Diploma in kgmu,courses,information_seeking,medium
i need more information on bsc nursing course,courses,information_seeking,medium
Sir mujhe dr se thode consultant krna th,general,information_seeking,high
Lari me registration kaise kare,appointment,scheduling,high
Do you provide bsc radiology course,departments,information_seeking,high
I want lab report,general,information_seeking,high
How to fill a form,general,information_seeking,medium
Mujhe neuro department dr list 2026 and schedule chahiye,departments,information_seeking,high
Dermatalogist opd schedule,opd,information_seeking,high
"Sir मैने medical social worker oficer ka exam diya tha,, uska रिजल्ट ka pata nahi चला,, के मुझे रिजल्ट मिल सकता है सर मैं हेल्थ डिपार्टमेंट में ही chc लेवल मै p",exams,information_seeking,high
How to apply for nursing tutor vaccancy,courses,information_seeking,medium
Meri pyaro se baat hui hai bol rahe hain ki aap niche chale jaen Ho chale jaen pata yah kya Tamasha banae rakhen hue aap log,general,complaint,medium
Maine exam de diy hai,exams,information_seeking,medium
Kgmu me endoscopy kitne ki hoti h,general,information_seeking,high
Please tell me fees of dmlt of one year,fees,information_seeking,medium
Mera slot book hai kaise pata karu,appointment,scheduling,high
both sites are not working,general,complaint,medium
Mai apne bache ko dikhana chahta hu,general,information_seeking,medium
BSC nursing me admission kya process hai,admissions,information_seeking,high
Nursing ki vacancy available,courses,information_seeking,medium
Book apoenme nt,appointment,scheduling,high
Mujhe appointment book karana h cardiology mai,appointment,scheduling,high
when will the nursing recruitment exam held?,exams,scheduling,medium
Need gastroenterologist,general,information_seeking,high
"Respected sir / Madam I hope this message finds you well. I am writing to seek clarification regarding the CBT (Computer Based Test) examination for the Nursing Officer vacancy 2025–2026. I would be grateful if you could kindly provide information regarding: 1. The tentative schedule/date of the examination. 2. Availability of the admit card and related updates. Your guidance will be very helpful for my preparation. Thank you in advance for your support. Sincerely, An active citizen",exams,feedback,high
दो पुल गोयल यूरोलॉजिस्ट को दिखाना कल कैसे होगा,general,scheduling,high
How appointment cardiac doctor,appointment,information_seeking,high
Orthopedic doctor ko kaise dekh,departments,scheduling,high
Mujhe BPT ma admission Lena hai,admissions,information_seeking,medium
Dr Ajay Kumar patva kaha baithate hai,general,navigation,high
Hi mujhe appointment book karna hai kaise kare,appointment,scheduling,high
"Sir, I wanted to take admission in KGMU, I am not able to find out when the admission forms will be released.",admissions,information_seeking,medium
Gnm fess,general,information_seeking,medium
Kgmu ma paramedical application from kab aya ga,courses,information_seeking,medium
3 april ko hone wale exam ke bare me bataye,exams,information_seeking,medium
How to admission in kgmu bsc Hons courses,admissions,information_seeking,medium
Larri me appointment lena hai,appointment,scheduling,high
Hame patient dikhana he,general,scheduling,high
Meri wife ka eye treatment karna hai please help,general,information_seeking,high
I am Patient of testis,general,information_seeking,high
The page not found,general,information_seeking,medium
The patient was suffering from gas in his stomach and could not be treated for some time.,general,scheduling,high
Apke wala ot technician course h ?,courses,information_seeking,high
do you have info about nursing course provided in kgmu?,courses,information_seeking,medium
Teaching,general,information_seeking,medium
Mujhe online opd appointment Lena h kaise milega,opd,scheduling,high
Paramedical ke online online form kb aayenge,courses,scheduling,high
Can i get addmisiion in bpt in kgmu through neet,admissions,information_seeking,medium
Mai DMLT me admission lena chahta hu,admissions,information_seeking,medium
Does the lari department is open tommorow,departments,scheduling,high
Help me where is ithe information updated regarding vacancy of MO doctor post in kgmu,campus,information_seeking,high
How Can I book an appointment for paediatric orthopaedic?,appointment,scheduling,high
Appointment slip kese le,appointment,information_seeking,high
i am try to appointment but not make yet,appointment,scheduling,high
मुझे ओपीडी में दिखना है,general,scheduling,high
Hello... Can I take admission there if I've passed intermediate from cbse board,admissions,information_seeking,medium
Ear nose throat department,departments,information_seeking,high
ADMISSION IN BSc nursing,admissions,information_seeking,medium
Sir qualified hun up cent ke exam se ky gnm mil jaiyega,exams,information_seeking,medium
Can i get toll free number ?,contact,information_seeking,medium
Result kab aayega,exams,scheduling,medium
Mujhe website me nhi dikh rha aisa option,contact,information_seeking,medium
Mbbs degree certificate,courses,information_seeking,medium
Mbbs ke liye cuet de sakti hu,courses,information_seeking,high
Sir /Mam kgmu pharmacist 2025 ki answer key kab tk ayegi,departments,scheduling,high
I want appointment with Dermatologist on 15th Nov,appointment,information_seeking,high
What about internship program,courses,information_seeking,medium
Bachelor cours me kitne percentage honi chahiye obc me,general,information_seeking,medium
Agar online KGMU ki website se dawnload karna chahe to ho sakta h,contact,information_seeking,high
Opd way,opd,information_seeking,high
ADVANCED COURSE IN MEDICAL EDUCATION,courses,information_seeking,medium
PLEASE SHARE DETAIL FOR BOOK APPOINTMENT,appointment,scheduling,medium
Hi want an appointment of Dr Sumit rungta on Friday,appointment,scheduling,medium
Online registration opd for first time in cardiology department of kGMU,opd,scheduling,high
Kya abhi registration date nhi aai hai?,appointment,information_seeking,medium
anal fistula,general,information_seeking,high
Iska matlab aaj band hai,general,scheduling,medium
i want to know about bpt addmision,general,information_seeking,medium
Bpt addmission cutoff,admissions,information_seeking,medium
DMLT me addmission lena hai,general,information_seeking,medium
Dental hygienic course ka admission,admissions,information_seeking,medium
Kgmu new update,general,information_seeking,medium
Hello is d pharm course available,courses,information_seeking,medium
Mujhe doctor manoj kumar ko dikhana hai kya wo kal available hote hai,general,information_seeking,high
Health scheme run in kgmu,general,information_seeking,high
How to apply form for MSC nursing addmission in KGMU,courses,information_seeking,medium
what info u will give ?,general,information_seeking,medium
Nursing officer,courses,information_seeking,high
Bsc nursing ka form kab niklega,courses,information_seeking,medium
Kgmu nursing superdant,courses,information_seeking,high
General surgery Thursday opd doctor name and timing,opd,scheduling,high
Does kgmu make medical fitness certificate,general,information_seeking,high
Kya aap bata sakte hai ke Bpt ke liye form kab aayega and exam kab honge,exams,information_seeking,medium
Is there any vacancy for SR in pathology department,departments,information_seeking,high
Appointment for cancer specialist like a oncologist doctor,appointment,scheduling,high
When is the exam for fellowship after mbbs going to held in kgmc,exams,information_seeking,high
Private room charges non ac,fees,information_seeking,high
Obc catagory kitne number chahiye honge bsc.nursing me admission ke liye,admissions,information_seeking,medium
Shatabdi phase 1 number,contact,information_seeking,medium
How could I get my CT scan report online,general,information_seeking,high
I want to get admitted in the BPT course. What to do ?,courses,information_seeking,medium
Staff nurse ke liye post,faculty,information_seeking,medium
How to appoint,general,scheduling,high
Mujhe vericose vein ka ilaj karwana hai,general,information_seeking,high
Dmlt fees,fees,information_seeking,high
Nurse,general,information_seeking,medium
How can I get appointment,appointment,information_seeking,high
Ma marchent Navi ma job karata hu,career,information_seeking,high
Online registration for opd in cardiology department of kGMU,opd,information_seeking,high
Agar main aapke University se BSc nursing karna chahun aur Neet ka exam Diya Hun To aam taur per Neet ke exam mein mujhe Kitna number Lana hoga taki main aapke college se BSc nursing kar sakun,admissions,information_seeking,medium
गुर्दा रोग opd,opd,information_seeking,high
20250368550,general,information_seeking,high
My passent suffering brain stroke how I take opd,opd,information_seeking,high
Dr abhishek singh Koon OPD,opd,information_seeking,high
Mbbs course kaise kr skte h,courses,information_seeking,high
Nursing officer exam kb tk hoga,exams,information_seeking,medium
I want to know about the lab technologies recruitment examination on 3 april,exams,information_seeking,medium
Phone: 0522-2258880 / 0522-3539333 Ka samay,contact,scheduling,high
Urology me ragistration keese kare,departments,information_seeking,high
Kgmu nursing officers expected exam date,exams,scheduling,high
Hi I want to know that is there any facility of master's in radiology imaging and technology in KGMU,departments,information_seeking,high
Gulabchand Laxmi Sahu Abha n.91-560165818520 Adhar Number 755065608668 cardio Appointment book kare sir,appointment,scheduling,high
Online patient ka discharge status kaise check karein,general,information_seeking,high
admission date,admissions,scheduling,medium
Not understand the medicine name,departments,information_seeking,high
मुझे अपपोयमेंट करना है,general,information_seeking,medium
Nurshing officer level 7 admit card,general,information_seeking,medium
"How to get city slip for non teaching assessment which will be held on April 3rd, 2026",general,information_seeking,medium
Appointment no.,appointment,scheduling,medium
App mera photo dekh kar bata dijiye kitna kharcha ayega,general,information_seeking,high
When will release form of bsc radiology,departments,scheduling,high
M.phil 2025 registration date,appointment,scheduling,medium
Hii today opd is open ?,opd,scheduling,medium
Result of non teaching,exams,information_seeking,high
Mjhe perfusionnist Krna h uske liye form bhrna h wo chahiye,general,information_seeking,medium
Government links,general,information_seeking,high
Admission is open?,admissions,scheduling,medium
How to fill form of dmlt,general,information_seeking,medium
The deadline for 2025-2026 mphil clinical psychology,general,information_seeking,medium
Fill form,general,information_seeking,medium
Pulmonary department opd kaha pe lagti hai,opd,navigation,high
Candidate hun,general,information_seeking,medium
Cardiology specialist ka phone number cahiye,departments,information_seeking,high
Is college mein कौन-कौन Sa course hota Hai,courses,information_seeking,medium
Diploma in psychology is it available,courses,information_seeking,medium
Mujhe kgmu me ott Krna h,general,information_seeking,high
I am taking admission in Diploma in lab technician I have to know about hostel facility for me,admissions,information_seeking,medium
About admission to bpt,admissions,information_seeking,medium
Kya ot tecnician ki vacancy khali h,career,information_seeking,medium
Bpt ke liye admission process kya hai aur entrance exam dena hoga kya aur form fill up bhi hoga last date kya hai form fill up ka,admissions,information_seeking,high
Can get Dr Rajkumar Maurya email id and reporting professor,faculty,information_seeking,high
I am from different university looking for externship at kgmu in dental sciences,general,information_seeking,medium
"Please btaye KGMU paramedical me admission ke liye aana h to kya college 16,17 ko close h",admissions,scheduling,medium
Medicine,departments,information_seeking,high
Is university Will be open in non working days like sunday for document varification process and admission,admissions,information_seeking,medium
Dr.Rishi Sethi opd timing kya hai,opd,scheduling,high
How can I book an appointment,appointment,scheduling,high
Are the forms for admission in BPT course for the year 2026 out?,admissions,information_seeking,medium
I want to know about ct scan price,general,information_seeking,high
I have low platelets count 60 k and I have no problem no fever,general,information_seeking,medium
mujhe appointment lena hai,appointment,information_seeking,high
Pharmacy department m kaise apply kare,departments,information_seeking,medium
Admission date for dmlt,admissions,information_seeking,medium
OPD Assistant ki job ke liye bol raha hun,opd,information_seeking,medium
Book appointment for ayush shukla,appointment,scheduling,medium
To is exam ka fees kitna hai agar exam clear kr lenge to,exams,information_seeking,medium
For diploma course bds,courses,information_seeking,high
Requirment to dikha raha hai lekin ho nhi Rahi hai OPD assistant,opd,complaint,high
Are there psychology internships available?,general,information_seeking,high
क्या opd मे जो डॉक्टर देखता हैं दूसरी बार आने पर उसी डॉक्टर को दिखाना चाहिए,opd,information_seeking,high
When will be start in 2025 and 2026 years,general,scheduling,medium
Fee structure of the this course and eligibility and seat reservation,admissions,information_seeking,medium
"Please tell me whether INC registration is necessary for the post of nursing officer in KGMU or not, whether the candidate's college should be affiliated with INC or not",appointment,information_seeking,medium
Mujhe mri scan krana hai kya krun hindi me javab dena please,general,information_seeking,high
Opd Booking time,opd,scheduling,medium
jr medical technologist admit card not show in official why /,general,complaint,medium
how to fill admission form,admissions,information_seeking,medium
DMLT hai,general,information_seeking,medium
Job karna h kgmc m,career,information_seeking,medium
Is the opd is open tomorrow,opd,scheduling,medium
What is the cost for pyloplasty surgery,fees,information_seeking,high
Cochlear implants ka kitna price hai,general,information_seeking,medium
Jaise private hospitals me dialysis ke bar bar call karke appointment lagwana hota hai agar nah lage to dialysis late ho jati 5 6 din aur bed kisi aur ko mil jata to aesa kgmu me to nahi hota nah ?,appointment,information_seeking,high
How to admission BSC nursing,admissions,information_seeking,medium
For sk Verma,general,information_seeking,medium
Kgmu m kitne exams hote h nursing officer ke,exams,information_seeking,medium
Dr Anil nichal ki OPD kb hoti hi,opd,scheduling,high
appointment kaise book kare,appointment,scheduling,medium
Charm vibhag,departments,information_seeking,high
Need appointment of Dr Sharad Chandra,appointment,scheduling,high
Kya yaha par naak ki haddi seedha kiya jata hai,general,information_seeking,high
Mujhe teetah braces lag wana hai,general,information_seeking,high
Ayushman not eligible but for cm arogya can we ? Phh ration card bpl card ke under aayega nah ?,admissions,information_seeking,medium
Paramedical lab technician ka exam kab h,exams,scheduling,medium
How to get admission in dental hygienist,admissions,information_seeking,medium
Kgmu multiple wala paper kab tak hoga,exams,scheduling,high
"I have discharge report where an appointment is mentioned. Do I need OPD token ? If yes, then how to get OPD token?",opd,information_seeking,high
Kgmu nursing officer exam date kab hai,exams,scheduling,high
I want to get online appointment,appointment,scheduling,medium
wo kaun de day ko aur kitane baje dekhate hai marij ko,general,information_seeking,high
Doctor Rekha Sachan ki normal OPD kab hoti hai,opd,information_seeking,high
Hi any vacancy regards nursing tutor now a day,courses,information_seeking,medium
I want to know cost price of Eardrum surgery,fees,information_seeking,high
I want an appointment.,appointment,scheduling,high
Dr Parul Verma,general,information_seeking,high
Mai queen marry me private room ki advance booking Krna chahta hu,general,scheduling,medium
Kgmu mai bpt mai admission kaise hoga,admissions,information_seeking,medium
Mobile number par appointment likhkar bhejne par koi reply aayega,appointment,information_seeking,high
Result kab tak ayega,exams,scheduling,medium
Hi kgmu k nursing officer k exam kb hogya??,exams,information_seeking,high
I officially mail to kgmu But no one is answering.,general,information_seeking,high
Name of doctor that meet in urology opd,opd,information_seeking,high
Can I fill application form online,general,information_seeking,medium
Tell me the steps to get paramedical rejisteration,courses,information_seeking,medium
Kya hospital me koi vacancy available hai,career,information_seeking,medium
Eligibility for assistant professor,admissions,information_seeking,high
Colonoscopy ka price kitna h,general,information_seeking,medium
Hyy grop add kar do notice,general,information_seeking,high
12pass ho gya hu drop liya hu,general,information_seeking,high
muje appoinment,general,scheduling,high
Check stutas,general,information_seeking,medium
Vishwajeet sing nephrologist kis kis din dekhte hai,general,information_seeking,high
I want tb department number for medicine enquiry,departments,information_seeking,high
Sr mere pass koi suchna call ya sms nhi aya,contact,complaint,high
Kgmu heart dr,general,information_seeking,high
Contact number please,contact,information_seeking,medium
Gastro ke doctor se milna h,general,information_seeking,high
Master courses,courses,information_seeking,high
In faculty of dental science where..?,faculty,navigation,medium
IS THERE HOSPITAL PHARMACY,departments,information_seeking,high
opd kaha chalti hai,opd,navigation,medium
Opiment,general,information_seeking,high
Online doctor consultant,general,information_seeking,high
Doctor ko dikane ke liye,general,information_seeking,high
To fir sar aap confirm hai na ki upsmfac ka jo form hai paramedical diploma OT ke liye vah Abhi Tak nahin aaya hai na,courses,information_seeking,medium
Contact number to enquire about admission,admissions,information_seeking,medium
Kon se din होती h,general,information_seeking,high
What is the time for OPD,opd,scheduling,medium
Gmn ke liye vacancy,career,information_seeking,medium
Pharmacy me job chahiye,departments,information_seeking,medium
Is getting admission easy or difficult,admissions,information_seeking,medium
Nursing Officers admit card,courses,information_seeking,medium
Lekin hmko wenday ko dhikna hai,general,scheduling,high
Server not working and no manual billing is there,general,complaint,high
Mujhe Nursing ka admition ka bare ma,courses,information_seeking,medium
Blood transfusion technician ki job nikli h KGMU m,career,information_seeking,medium
28/03/26 ko opd khulega,opd,scheduling,high
"Mujhe Samarth portal ke through admission ke liye apply krna hai , kaise kru",admissions,information_seeking,high
Doctor contact number,contact,information_seeking,high
PhD nursing,courses,information_seeking,medium
Hindi me bolna kya tum mujhe admission notice ki link send kr skte ho taaki mai dekh pau ki dialysis technology ka form abhi aaya h ya nhi ya admission kaise lena h,admissions,information_seeking,medium
Nursing officer exam date 2026,exams,information_seeking,medium
Dental department free hai ya paid hai,departments,information_seeking,high
I want to do 6 months internship in physiotherapy for bachelor,general,information_seeking,medium
Kya kgmu me direct admission ho skta h opration theator technician me,admissions,admission,high
When srshp will be available,general,information_seeking,high
Online booking displaying and error issue,general,scheduling,medium
Please inform me how much percentage are required in 12th standard for b.sc nursing course from obc category,courses,information_seeking,high
Sir opd ka pqrcha kab se kb tk,opd,scheduling,high
Pura bsc nursing ke liye kitta fee lega ga 4 saal ka genral category ko,fees,information_seeking,medium
What are the tariff charges for Veginal Hysterctomy ?,fees,information_seeking,high
When will be the results announced?,general,information_seeking,medium
Addmission Karna hai kaise hoga,general,information_seeking,medium
Kgmu nursing officer exam date,exams,scheduling,high
Nursing Officer exam date,exams,scheduling,medium
MPhil clinical psychology course 2026 admission Link,admissions,information_seeking,high
Mujhe opd me doctor se hi milna hai Mai jankari chahta hu ki opd me doctor se kaise mile,opd,information_seeking,high
Me agar kal ayu toh muje appointment mil jyega,appointment,scheduling,medium
Diploma in anesthesia and critical care technicians,courses,information_seeking,high
Ak phon no.btav jo ke DMLT ke bare me bat kare,general,information_seeking,medium
I want book appointments online opd,opd,scheduling,high
Vaise ek chiz jaise pateint ko hiv ya hepatitis b ya hbv hai to kya dialysis ki seprate machine use karnege ?? And cost badha denge,fees,information_seeking,high
Ek admission ke liye,admissions,information_seeking,high
मुझे पंजीकरण कराना है,general,information_seeking,medium
Admission in bpt,admissions,information_seeking,medium
Heyy is bsc MLT course is there in KGMU,courses,information_seeking,medium
How much fees?,fees,information_seeking,medium
Bsc nursing 3rd year previous year questions,courses,information_seeking,medium
I want to take appointment child specialist,appointment,scheduling,medium
Nursing officer exam kab tk hoga,exams,scheduling,high
Mind k releted neuro sergen k appointment lena h,appointment,scheduling,high
How to complaint about fraud happening in kgmu,general,complaint,high
How I apply online OPD,opd,information_seeking,medium
send me the advertisement for contractual faculty 2025,faculty,information_seeking,high
Opd ma gastroenterologist,opd,information_seeking,high
Nursing officer 733seat exam date kab ki h kyu nhi ho rha h exam kab tak hoga,exams,complaint,high
My booking id number not sms,contact,complaint,high
I'm interested in doing msc in cardiac perfusion technology so I want to know the details of admission process of 2026,admissions,information_seeking,high
How to get admission in dmlt,admissions,information_seeking,medium
"I, Dr Vivek Kumar MBBS from MAMC wanted a job as a Junior Resident in your hospital. Kindly share your views for me so I can apply for Junior Resident in your hospital.",courses,information_seeking,medium
Mujhe es me BSC nursing ke baare me baat karna tha,courses,information_seeking,medium
Appointment expired,appointment,information_seeking,high
Diploma in Cardiology Technician,departments,information_seeking,medium
psychety ke md sir ki qualification kya hai,courses,information_seeking,high
How can I take admission in bsc nursing in KGMU,admissions,information_seeking,medium
Post basic bsc nursing entrance exam crack krke kgmu me admission lene ke liye kya follow krna hoga,admissions,information_seeking,medium
hi i want to know about bpt course in your university,courses,information_seeking,medium
Addmission kaise le sakte hain yahan par paramedicle courses ke liye,courses,information_seeking,medium
Link is not valid,general,information_seeking,medium
its my first time at kgmu and needed appointment in cardiology,appointment,scheduling,high
Is there any dr azhar in plastic surgery department,departments,information_seeking,high
"Am looking for exam date,what are eligible criteria, fees, registration details required?",appointment,scheduling,medium
Eska paper kaise hota hai,exams,information_seeking,medium
12th ke bad bsc radiologist ke liye kgmu me kya karen,departments,information_seeking,medium
Pacemaker Best Doctor,general,information_seeking,high
Exam date and admit card date for non teaching vacancy,exams,scheduling,medium
Prp hair regrowth ji,general,information_seeking,high
Mind ka doctor,general,information_seeking,high
HOW TO APPLY BMLT,career,information_seeking,high
Opd scheduke of doctors of ent department,opd,information_seeking,high
How to apply for pharmacist vacancy,departments,information_seeking,medium
I want to take admission in B.Sc Nursing what is its fee,admissions,information_seeking,medium
Main ye janana chahta hoo ki pharmacist ki posting hui ki nhi,departments,information_seeking,medium
book my appointment,appointment,scheduling,medium
Can I get the information of admission in bsc radiology,admissions,information_seeking,medium
Kya nursing exams level 7 hold Hoag hai kya,exams,information_seeking,medium
I have pain in my teeth,general,information_seeking,medium
how many subject in mri technician,general,information_seeking,high
Mera OPD me number lagwana hia,opd,scheduling,high
PROF. (Dr) KUMAR SHANTANU DR. DEVARSHI RASTOGI DR. BRIJMOHAN PATEL follow Up OPD Days in Month,opd,information_seeking,high
OPD timing,opd,scheduling,high
C net cutoff in kgmu2025,admissions,information_seeking,medium
mujhe nursing mein admission chahiye,admissions,information_seeking,medium
Opd d,opd,information_seeking,high
Mujhe online OPD mein lungs wale doctor ka appointment lena hai,opd,scheduling,high
Kia aap medical biochemistry se PhD karte hain,departments,information_seeking,medium
NMC RECOGNITION OF SEATS DOCUMENT,admissions,information_seeking,medium
Art centre helpline number,emergency,information_seeking,high
How to register for odp in lari,general,information_seeking,medium
Sir sanwidha pe vacancy hai kya mujhe as a staff nurse,faculty,information_seeking,medium
Please share registration link,appointment,information_seeking,high
GATHIYA BAI ME OPD BOOK KARNE KE LIYE PHONE KAR RAHA HU BOOK NAHI HO RAHI,opd,complaint,high
Iska form kb aata h,general,information_seeking,medium
I have high bp constant 140/90 what we do,general,information_seeking,high
What admission process for bsc nursing courses,admissions,information_seeking,medium
Bsc nursing me admission ho jayega,admissions,information_seeking,medium
मै दोबारा कैसे ओपॉइंटमेंट बुक करू रजिस्ट्रेशन हो चूका हैं एक बार डॉक्टर को दिखा चूका हूँ,general,scheduling,high
Kindly let me know the working hours on Dec 24th for MD admission process,admissions,information_seeking,medium
Mujhe CMLT ka form fill up krna h entrance exam ka,admissions,information_seeking,medium
Pcbe me kitna % chahiye,general,information_seeking,medium
Sumit rungta kis din opd dekhte hai,opd,information_seeking,high
I want to know about bpt program,courses,information_seeking,medium
Comunity medicine PhD program,departments,information_seeking,medium
kgmu non teaching exam results,exams,information_seeking,medium
Admission kis basis pr hota hai?,admissions,information_seeking,medium
How to download lab report online,general,information_seeking,medium
Opd 1 form,opd,information_seeking,medium
Biomedical sciences,general,information_seeking,medium
Admission 2026 online form date,admissions,scheduling,medium
Admit card nhi download ho raha hai please help me,general,information_seeking,high
मैं बैचलर ऑफ ऑप्टोमेट्री करना चाहता हूं,general,information_seeking,medium
IF I AM TH ERESIDENT OF LUCKNOW DO I NEED A REFERAL FROM A DOCTOR,general,information_seeking,high
Pro contact no send me,contact,information_seeking,medium
Kya KGMU se BMLS karne wale students ko Hostel milta hai,campus,information_seeking,medium
Skin ke doctor kis dij baithte hai,general,information_seeking,high
Okay I want to also take my fourth year marksheet I was passed from m.s. institute of nursing but I didn't recieved at that time,courses,information_seeking,medium
Today neuro OPD,opd,scheduling,high
Kgmu nursing officer admit card kb aayenge,courses,information_seeking,high
whether admission process starts for this year or not,admissions,information_seeking,medium
"Please tell me, that can i get admission in kgmu without counter sign tc?",admissions,information_seeking,medium
What qualifications is required fir the post of tutor in kgmu,general,information_seeking,medium
Online opd for surgical oncology,opd,information_seeking,high
Which competitive exams should we give to take admission,admissions,information_seeking,high
Sir dental registertion karna tha,general,scheduling,high
Kl usko fir dikhana hai to nya purchase banana pdega ki usi me how jayega,general,information_seeking,high
Can I get the helpline number,emergency,information_seeking,medium
I want to take the appointment of an eye and retina specialist doctor,appointment,scheduling,high
Gynecology departmet me consult Krna h uterine cramps h dekhane ke liye,general,information_seeking,high
Does KGMU really provide BPT and MPT course,courses,information_seeking,medium
Mphil clinical psychology entrance exam apply from Kab tak aayga..??????,admissions,scheduling,high
NMC RECOGNISED PROFORMA,general,information_seeking,medium
Mujhe apni patient ki report check karni hai,general,information_seeking,high
Kgmu me paramedical karne ke liye kya kr skte hai,courses,information_seeking,high
Mai ye puch rahi hu merit se bpt course ke form fill karna h kya abhi date h,courses,information_seeking,medium
pcpndt exam registration,appointment,information_seeking,medium
बुधवार को कौन से डॉक्टर मिलेंगे,general,scheduling,high
Is there bsc in Radiology and Imaging Technology?,departments,information_seeking,high
Mere breast me choti ganth hai mujhe kaun se Dr ko dikhana chahiye,general,information_seeking,high
Kya aaj gastro medicine opd hai ?,opd,information_seeking,high
DHLS ka admission kab se chalu ho raha hai aur kitna fees hai,admissions,information_seeking,high
Bsc in radiotherapy technology,courses,information_seeking,medium
General surgery mein treatment barabar nahin hota,departments,complaint,high
Gastroenterologist का opd day और समय जानना hai,opd,information_seeking,medium
Mene up Get ka exam diya tha kl pr mere usme 60 shi h pr 60 se mujhe college nhi milega me obc category se hu,exams,information_seeking,medium
mujhe Mphil clinica psychology,general,information_seeking,high
Is any scholarship given,fees,information_seeking,medium
Pharmacist Gr-2 result,exams,information_seeking,medium
Drit course,courses,information_seeking,medium
Liver ki bimari dikhana hai,general,information_seeking,high
"Sar main SC category se hun, lekin sirf private college ki fees to jyada hoti hai na",fees,information_seeking,medium
i need the advertisement of nursing tutor vacancy,courses,information_seeking,medium
Surgical oncology me mujhe dr. Samir gupta ko dikhana h Kl unki opd rhegi ya nhi,opd,information_seeking,high
When is the OPD of Dr. Manoj Kumar of Urology department,opd,scheduling,high
Kgmu mein kaise apply Karen,career,information_seeking,medium
Oncology department doctors,departments,information_seeking,high
I want to book an appointment for my dental problems. Is there any way to book the appointment online,appointment,scheduling,high
Msw ka exam date,exams,scheduling,high
Nurses ke job ke liya bara tha 2025 ma,career,information_seeking,medium
I need Dental appointment,appointment,scheduling,high
Mujhe nursing officer kae job k liye apply krna tha kaise kre,courses,information_seeking,medium
I wanna get appointment,appointment,information_seeking,high
Kya koi GNM KI VACCANCY AAYI HAI,general,information_seeking,medium
KGMU All test rates,general,information_seeking,high
APPOINTMENT (AVNISH SINGH),appointment,scheduling,medium
KGMU Nursing officer ka exam kab tak hoga,exams,scheduling,medium
I want to know are registration addmission open on merit based,appointment,information_seeking,medium
Nursing officer exam center pa kese pata kare,exams,information_seeking,medium
Can i get appointment for vaccine for covid,appointment,scheduling,medium
KYA DUBARA YELLOW CARD BAN SAKTA H,general,information_seeking,high
What is the Cutoff for this,admissions,information_seeking,medium
BSc OTT kitne duration ka hai,courses,information_seeking,high
Just this much topic is important day,general,information_seeking,high
i want admission in your collage,admissions,information_seeking,medium
Dr Shah walliullah ka opd kab hoti hai,opd,information_seeking,high
I want to book appointment opd,opd,scheduling,high
Matlab diploma OT paramedical ka form abhi tak nahi aaya hai,courses,information_seeking,medium
I want to take online appointment,appointment,scheduling,medium
I want to internship at biochemistry labs and also tell me.about current project associate 2 job,departments,information_seeking,medium
Kgmu me admission process kya h,admissions,information_seeking,high
skin opd day,opd,information_seeking,high
New OPD k doctor ne refer Kiya hai gaynologist ko queen merry mei to ye batao jaise refer 5 ko kiya mai jaunga 6 ko to jo parcha banega wo kaha banega queen merry mei ya phir new OPD mei he,opd,information_seeking,high
Kgmu ke is website ke alava Koi dusra bhi rasta Hai Jaise ORS patient portal se Jahan se AIIMS vagaira ka report Ham download karte hain ya dusre hospital ka kya vahan per kgmu ka pathology report available nahin hota hai waris hotel per,departments,information_seeking,high
How to book appointment in physic ward,appointment,scheduling,high
GNM course m kitne fees lgte hai vha,fees,information_seeking,medium
Kal kaun se dr baithenge neurologist,departments,information_seeking,high
What was name of that exam,exams,information_seeking,high
WANT TO BOOK APPOINTMENT,appointment,scheduling,medium
How I can book a appointment for nephrology,appointment,scheduling,high
reply?,general,information_seeking,medium
Mujhe chest se reletive doctor ki jankari chahiye,general,information_seeking,high
I want appointment as my uncle is in severe condition and unable to breathe properly,appointment,scheduling,high
Kitni cutoff ja skti up paramedical ki,admissions,information_seeking,medium
Dentist hygienic,general,information_seeking,high
Bsc radiology fees structure,fees,information_seeking,medium
Kgmu nursing officer 2025 cruitment ka exam kab Tak hoga.,exams,scheduling,medium
FORENSIC MEDICINE DEPARTMETN KE HOD KON HAI,faculty,information_seeking,high
Pulmonologist se appointment chahiye,appointment,scheduling,medium
Bsc radiology ka form kb ayga?,departments,information_seeking,medium
Muje neet ke through bsc in radiology me admission Lena h,admissions,information_seeking,high
Kese check kare,general,information_seeking,medium
Optometrist job,career,information_seeking,medium
Neurology patient ko opd online dikhane ke liye date ke liye registration,opd,scheduling,high
What is the admission date of paramedical course O.T. technician at KGMU lucknow,admissions,information_seeking,high
I want to book appointment for lari,appointment,scheduling,high
Hello I want to know about the exam of nursing officer recruitment 2025.,exams,information_seeking,medium
SIR MUJHE Dr PRAVESH VISWAKARMA SIR ko dikhana hai 02/04/2026 ko,general,information_seeking,medium
When the enterace exam held of bsc radiology in 2026_2027,exams,information_seeking,medium
I needed admissions,admissions,information_seeking,medium
Opd appointment leni hai,opd,scheduling,high
Kya non teaching exam ot ka result declare ho chuka h,exams,information_seeking,high
But inqury office said that it on 2 floor Room no 9,general,information_seeking,medium
How many seats are there for bpt,admissions,information_seeking,medium
Neurology,departments,information_seeking,high
Mujhe opd me appointment chahiye dr.ayush shukla ki,opd,scheduling,high
To Mai janna chahti hu ki yaha GNM course avilable hai ya nhi,courses,information_seeking,medium
I want to check bsc nursing course,courses,information_seeking,high
How to get online appointment for OPD in numerology,opd,scheduling,high
Dental cleaning college,general,information_seeking,high
How to apply for patient registration,appointment,information_seeking,medium
Which dr is available on saturday for physician?,general,information_seeking,high
There is no specific date mentioned,general,scheduling,medium
i want the medical information for kmee operation,general,information_seeking,high
Vericocele excision surgery which method,departments,information_seeking,high
I am interested for GNM course can I get some information about it,courses,information_seeking,high
Kya Sunday ko medical college Open rhta hai,general,scheduling,high
Admission in bpt !,admissions,information_seeking,medium
Can i book a appointment online,appointment,scheduling,high
Dr kumar santanu opd appointment,opd,scheduling,high
nursing officer levrl 7 ka,courses,information_seeking,high
Dermatologist,departments,information_seeking,high
Sir I want book an appointment for ordho dr,appointment,scheduling,high
B.Sc. in Radiotherapy Technology fee structure nahin dekh pa raha hun,fees,information_seeking,medium
Dermatology,departments,information_seeking,high
Bsc nursing admission open,admissions,scheduling,medium
KGMU nursing vacancy ka,courses,information_seeking,medium
Maine 20 bar dikhaya Kano ki samsya hai mujhe 70.90 dbhl hearing loss hai doctor ne sahi mujhe ye nahi btaya akhir samsya kya hai na hi koi jach karvai to kya karu,general,complaint,high
एक नंबर लगाना था हिमेटोलॉजी में कल का,general,information_seeking,medium
Bachelor of Physiotherapy,general,information_seeking,high
Please give me appointment for opd,opd,scheduling,high
Can i get appointment as a patient to kgmu gynacoligy department,appointment,scheduling,high
Paramedical formss entrance date,admissions,information_seeking,medium
Kgmu me teacher ki vacancy,career,information_seeking,medium
Dmlt admission process,admissions,information_seeking,medium
Upcnet rant kgmu adddmisson,general,information_seeking,medium
Online apoiment ablable nhi hai kiya,general,information_seeking,medium
Fibrid ki opretion ka kitna charge hi,fees,information_seeking,high
xray technician cousre kitne yr ka hain,general,information_seeking,high
Fee structure for MHA,fees,information_seeking,medium
Abhi tak counselling nahi hua hai na,admissions,information_seeking,medium
Kgmu pharmacist answer key kab aayega,departments,scheduling,high
Mam anm ki fees kitni hai,fees,information_seeking,medium
Admission process for bpt course,admissions,information_seeking,medium
My dv done on 23 december 2025 for post of non teaching technical post dialysis technician any update regarding final list,general,information_seeking,medium
I want to know is there any fees,fees,information_seeking,medium
Is single balloon enteroscopy available,general,information_seeking,high
Show me bmlt course,courses,information_seeking,high
Ok but mera compartment lga hai chemistry me aur mera 12th me 58 %bna hai,general,information_seeking,medium
lari me dikhana hain dr.,general,information_seeking,high
Kgmu me diploma addmission ka kya process h ek students ke liye,courses,information_seeking,medium
Kgmu radiographer ka result a gya kya,exams,information_seeking,medium
how can i down load the visiting days od doctors,general,information_seeking,medium
3 April ko kaun sa exam hai,exams,information_seeking,medium
Bsc nursing fee structure affordable,fees,information_seeking,medium
Opd book,opd,information_seeking,high
Sir me examination office ja chuka hu but waha Hmko bola ja rha h ki dgme se allotment letter le aooo.....dgme Jane par bola gya ki allotment letter ek issue hota h.....ab aap bataiye hm apni Marksheet kaise Sahi karwaye,exams,information_seeking,medium
Why this my bp not increase or decrease it remain always same 140/90,general,information_seeking,high
Online form,general,information_seeking,medium
Nursing Staff nurse vaccancy in kgmu,faculty,information_seeking,medium
Lab technician paramedical course ke liye 2026 me entrance exam ka form kab bhara jata hai,admissions,scheduling,medium
Does kgmu offer bpt courses,courses,information_seeking,medium
Vacancy for pharmacist,departments,information_seeking,medium
Gastroenterology ki opd,opd,information_seeking,high
Staff nurse or nursing officer in opthalmology department,faculty,information_seeking,high
how book opd registration,opd,scheduling,medium
Mujhe kgmu se BSc nursing Krna hai to mai kaise kr skti hu,courses,information_seeking,high
Kya OPD ke liye Appointment lena jaruri hai,opd,information_seeking,high
Kya urology department hai,departments,information_seeking,high
Is tomorrow OPD facilility available at lari cardiology or not,opd,information_seeking,high
Pharmacist ki answer key kab tak aayegi,departments,scheduling,medium
Ot assistant ki joining kb tk hogi,general,information_seeking,medium
appiontment book karna,appointment,scheduling,medium
pharmacist result kab tak ayega,exams,information_seeking,medium
Ent doctor,departments,information_seeking,high
mujhe kuch nhi mila,general,information_seeking,medium
Pathology faculty,faculty,information_seeking,high
please tell pro exam controller phone no,exams,information_seeking,medium
KGMU Nursing Officer exam date?,exams,information_seeking,medium
Alied health courses with their entrance exam and date,admissions,scheduling,high
kindly tell me what about the radiology technician joining?,departments,information_seeking,high
Mera is clg m addmission ho skta h ky muje bsc nursing Krna h,courses,information_seeking,medium
Paralysis attack aaya hai,general,information_seeking,high
I want appointment please,appointment,scheduling,high
where is community medicine,departments,navigation,high
I try to contact to you on given mobile No.,contact,information_seeking,medium
Theek h mujhe cource to mil gya pr admission form kb aayega uska ye kaise pta kru,admissions,information_seeking,medium
Dr. shweta pandey ki opd kis din hoti hai,opd,information_seeking,medium
सर /मेम नमस्ते में शालू पत्नी स्व संजय कुमार निवासी सी 12 निराला नगर लखनऊ मेरे पति की मृत्यु दिनांक 18/10/2025 को केजीएमसी के ट्रामा सेंटर के मेडिसिन विभाग में हो गई थी जिसका मृत्यु प्रमाण पत्र के लिए में संबंधित विभाग में ना जाने कितनी बार जा कर वापस आई हूँ मृत्यु प्रमाण पत्र ना होने की वजह से मेरी कोई भी सुनवाई किसी अन्य विभाग में नहीं हो पा रही है मेरे चार छोटे बच्चे हे और घर में कमाने वाला सिर्फ़ मेरा पति था मेरी स्तिथि व मेरे घर की वित्ती स्तिथि बिल्कुल ख़राब हो चुकी है और केजीएमसी में संबंधित विभाग रोज कोई ना कोई बहाना बता कर मुझे वापस लौटा देता है कृपया मेरी मदत करे और मुझे मेरे पति का मृत्यु प्रमाण पत्र उपलब्ध करने की कृपा करे में एब्लिकेशन और पति का आधार व अपना मोबाइल नम्बर मेल व व्हॉट्सएप के द्वारा आप को भेज रही हूँ धन्यवाद शालू 8299377057 8576887777,general,information_seeking,high
Mai b.pharma studunet hu or ircs se maine abhi first aid kiya hua hai to kya mai kar sakta hu,departments,information_seeking,high
Kgmu pharmacist exam ki answer key,exams,information_seeking,high
I m looking for bsc nursing,courses,information_seeking,medium
How to apply for MHA,career,information_seeking,high
Mam hme anm course sai releted kuch information chahiye the,courses,information_seeking,medium
How to download Admit card exam,exams,information_seeking,medium
How to download it,general,information_seeking,medium
Mai teeth enamel grow trial me interst hu,general,information_seeking,high
i want to enquire about the delay in joining of pharmacist after the dv,departments,information_seeking,medium
I want take appointment,appointment,information_seeking,high
Lab technician recruitment admit card,career,information_seeking,medium
Msc mlt enterce exam date,exams,scheduling,medium
Kaise dermatologist ko dikhye,departments,information_seeking,high
Query related to admission in paramedical course,admissions,information_seeking,medium
Mujhe kgmu me x ray technician Krna hi,general,information_seeking,high
How i can fill the he form of bsc paramedical course,courses,information_seeking,medium
Dr Prem Prakash Pandey kon hai,general,information_seeking,high
What is the application date for non PG JR MBBS,courses,scheduling,medium
OPD Registation,opd,information_seeking,medium
Kya sabhi janch hai,general,information_seeking,high
Peon vacancy when comes,career,information_seeking,medium
Mujhe number lagana hai,contact,scheduling,high
B farms course,courses,information_seeking,medium
ML Patel sir ki opd kab kab hoti h,opd,information_seeking,high
I want book a slot in cardiology opd,opd,scheduling,high
Can I fill more than one department,departments,information_seeking,medium
Give a mobile by those we call and ask about schedule,contact,information_seeking,medium
BSC radiology,departments,information_seeking,medium
sir Mujhe bsc nursing karni hai,courses,information_seeking,high
"Need to raise an enquiry, it's an emergency please call me 9140812135",emergency,information_seeking,high
Mujhe OT ke liye admission lena hai,admissions,information_seeking,high
Phone me appointment ke liye bta rhe ki direct vhi jao..online samajh nhi aa rha .,appointment,scheduling,high
Admission process in dmlt,admissions,information_seeking,medium
Hnglish main batao,general,information_seeking,medium
MRI charges,fees,information_seeking,high
Pediatrics surgery doctors list,departments,information_seeking,high
ANM ko rakhte hai ya nhi private seet pe,general,information_seeking,medium
Price of MRI,general,information_seeking,high
Piles ke operation cost,fees,information_seeking,high
Monday opd shedule of psychiatry,opd,information_seeking,high
"शुरुआत में जिस डॉक्टर ने देखा था बाद में वो नहीं मिले कई बार जाने पर , उनकी ही टीम से अन्य डॉक्टर ने डेट दी थी तो मरीज क्या करे।",general,information_seeking,medium
Kya neet ke through paramedical diploma courses me kgmu me addmission ho jayega ?,admissions,information_seeking,medium
i want admission in bsc radilogy,admissions,admission,medium
KGMU nursing officer ka exam kb hoga,exams,information_seeking,medium
Mera kgmu ka non teaching post ka grivence portal mai sirf detail aari h baki no record found kyu aara h,general,information_seeking,high
How to download blood reports online,general,information_seeking,high
Details of operation theatre technician,general,information_seeking,medium
What is the approx date to release the application,general,information_seeking,high
Doctor ka appointment kaise milega,appointment,scheduling,high
Tell me about the BPT COURSE,courses,information_seeking,high
Neuro doctor,general,information_seeking,high
P R O ka exam kab hain,exams,scheduling,high
Admission regarding bsc paramedical,admissions,information_seeking,medium
Aap nahi bata sakte,general,information_seeking,medium
Medical report lab report kaise dekhen option nahin a raha hai kya karun,general,information_seeking,high
Bareilly District Hospital के अनुसार Lever की समस्या है,general,information_seeking,high
I wany to know about Nursing officer exam date 2026 held on which date,exams,information_seeking,medium
Dental assistant professor job notice I want 2025,faculty,information_seeking,high
Medcine department me patient dekhna hai,departments,information_seeking,high
how to download admit card for job,career,information_seeking,high
Mujhe Admission lena haiii too Registration form kaise milegaaa,appointment,information_seeking,medium
Addmission form for md physiology,departments,information_seeking,medium
Kya upsmfac se kgmu me diploma ho sakta hai,courses,information_seeking,medium
Mha m kis base per addmission hotha hai,general,information_seeking,medium
Booking appointment,appointment,scheduling,high
What is OPD timings in,opd,scheduling,medium
Kya 25 november ko skin docter milege,general,information_seeking,high
Will the reporting time at college for document verification for diploma course through upsmfac increase to 21 Aug,courses,scheduling,medium
Form abhi nhi aaya hai,general,information_seeking,medium
kgmu rules and acts,general,information_seeking,high
Sir mujhe registration Krna hai,appointment,information_seeking,medium
heard kisme apointment le,general,information_seeking,high
Please provide answers key of recent exam of Technician Radiology,exams,information_seeking,high
Do you have bladeless lasik surgery,departments,information_seeking,high
I wamt to do bsc nursing in 2026 of your university,courses,information_seeking,high
What is admission criteria for BPT course,admissions,information_seeking,medium
Online Opd parcha,opd,information_seeking,high
Mujhe oncologist ko dikhana hai,departments,scheduling,high
Mera jo parch hai usko 6 month complete ho gaye to ab dobara registration Krna hoga ya 50 rs leke new patch de denge old wala he dekh k,appointment,information_seeking,medium
Mai online registration karna hai plz help,appointment,information_seeking,medium
Kgmu nursing officer ka exam kab hai. Any updates,exams,scheduling,high
optometry me addmision lena h,general,information_seeking,medium
Appointment in chest,appointment,scheduling,high
examination brochure and how to apply,exams,information_seeking,medium
Emergency admit rate,emergency,information_seeking,high
Radio logic course,courses,information_seeking,high
Pain in knee which department,departments,information_seeking,high
How to fill nursing tutor vacancy application form,courses,information_seeking,medium
2026 update in bsc nursing form,courses,information_seeking,medium
Pls tell me .that I can take admission in KGMU.. BPT is my grace,admissions,information_seeking,medium
Appointment kaise len,appointment,scheduling,medium
I want to know MRI charge,fees,information_seeking,high
Gastroenterologist doctor list,general,information_seeking,high
Endocrine surgery department appointment,appointment,scheduling,high
hOW CAN I BOOK APPOINTMENT,appointment,information_seeking,high
Form for KGMU MBBS degree,courses,information_seeking,medium
Hey any job for doctors as junior resident,career,information_seeking,high
Opd booking karni hai,opd,scheduling,high
I want bht ticket,general,scheduling,high
Msc.medical microbiology is available in kgmu?,departments,information_seeking,high
Regarding paramedical course admission,admissions,information_seeking,medium
IOS Test price,general,information_seeking,high
After appointment process what steps need to take,appointment,information_seeking,medium
Tomorrow OPD in oncology,opd,information_seeking,high
Registration Krna h,appointment,information_seeking,medium
Kya medical lab technician exam ka result aa chuka hai,exams,information_seeking,high
Cnet are not declare but administration for bsc nursing apply,courses,information_seeking,medium
Doctor lish pl sankhwar day,general,information_seeking,high
Medical Emergency. Come from Sharwasti via Ambulance...my no. Is 9839200117,emergency,emergency,high
सफेद बाल के इलाज,general,information_seeking,high
I want gynecologist OPD appointment,opd,scheduling,high
BPT mei addmission kaise le,general,information_seeking,high
Any vacancy for pharmacist d Pharma,departments,information_seeking,medium
Mujhe lab technician ki vacancy k baare me janana hai ki hai ya nhi,career,information_seeking,medium
I wanna apply for bpt,career,information_seeking,medium
Is there degree in radiology or only diploma,departments,information_seeking,high
"Diploma in counseling , psychology",admissions,information_seeking,high
kya direct apply nhi kr skte,career,information_seeking,medium
Cardiology ke liye kaha dikhaye,departments,navigation,high
Ccm vacancy critical care technician koi aayi hai,career,information_seeking,medium
Online form or offline,general,information_seeking,high
B optometry ka registration date kab aata h,appointment,information_seeking,high
Private room,general,information_seeking,high
Do have kgmu CTVS email ID,contact,information_seeking,high
New registration,appointment,information_seeking,medium
Era hospital Lucknow ki online report dekhna hai hame,general,information_seeking,medium
Dog bite infection control injection,general,information_seeking,high
I have to do bsc radiology course,departments,information_seeking,medium
How to apply admission dental machanics,admissions,information_seeking,medium
Kya online appointment le sakte hi,appointment,information_seeking,high
Physiology,departments,information_seeking,high
I want information to check up related issues,general,information_seeking,high
Nursing staff,faculty,information_seeking,medium
nursing tutor and assistant professor vacancy,faculty,information_seeking,medium
Sexual health ke baare me dilhana ha,general,information_seeking,high
Neurologist apoyment kase le,departments,scheduling,high
sir mera number 7881111210 or uhid number ye hai 20180605587 sir mera mesegeg delete ho gya hai,contact,information_seeking,medium
Koi online number se book ho sakti hai,appointment,information_seeking,high
Serum anti-Mi-2 test,general,information_seeking,medium
Mujhe pdf chaiye sare test ki,general,information_seeking,high
How can i get admission in bsc optimetry,admissions,information_seeking,medium
Where to report for Neet pg 2025 admissions?,admissions,navigation,high
mai entrence exam ki baat kar raha hu,exams,information_seeking,medium
This link not working,general,complaint,high
Can i direct admission in kgmu any course,admissions,information_seeking,high
Death certificate apply hona h,career,information_seeking,high
How can I get into KGMU,general,information_seeking,medium
Mere ko staff behaviour aur staff ke bare mein kuchh shikayat karni hai,faculty,complaint,medium
Deploma lab technician,general,information_seeking,medium
Lari hospital KGMU,general,navigation,high
hello for non tech exam radiotherapy city has not been alloted,exams,complaint,medium
M kaise Dmlt m admission le sakti hu,admissions,information_seeking,medium
Job bsc nursing,courses,information_seeking,medium
kya kgmu mein bsc in nursing hota haim,courses,information_seeking,high
BPT course hai apne,courses,information_seeking,medium
please send link report download,general,information_seeking,high
Agar pwd student 400 score kr raha n to kya usse kgmu m mbbs kei liye seat il sakti h,admissions,information_seeking,medium
Kab tak nikle ga aur form fees kitni hoti hai,fees,information_seeking,medium
Pharmacist answer key exam heald on 14/11/2025,exams,information_seeking,medium
i was looking for radiology course,departments,information_seeking,high
Can I get admission through private in BDS,admissions,information_seeking,high
I wanted to ask regarding the admission process of your college in BPT course .,admissions,information_seeking,medium
Mujhe kjmu me admission Lena hai,admissions,information_seeking,high
Appointment lena h,appointment,scheduling,medium
Lgmu me appointment kaisele,appointment,scheduling,high
When will the form of bpt announced,general,information_seeking,medium
Opd appointment bo,opd,scheduling,medium
Bse Nursing,courses,information_seeking,high
ANM job ke liye vacancy hai kya,career,information_seeking,medium
Government has changed the rule addmission can be done through merit of 12th in bpt,general,information_seeking,medium
How many post of nursing staff,faculty,information_seeking,medium
Community medicine,departments,information_seeking,high
surgical oncology,departments,information_seeking,high
Physiotherapy course last date,courses,information_seeking,medium
Pharmacist ki vacancy kab tak aayegi,departments,information_seeking,medium
uhid kaise banti hai,general,information_seeking,medium
I want to take addmission in b.sc nursing,courses,information_seeking,high
क्या ऑनलाइन oppointment लेने के बाद उससे पहले ऑफलाइन में OPD में टोकन मिल जाएंगे,opd,information_seeking,medium
Abhi KGMU me ott ka course ho jaya ga,courses,information_seeking,medium
Is abha id must for online appointment,appointment,scheduling,medium
THANKS OK MAIM MAI KAL BATATA HU AGAR OPD ME BANANE SE MANA KAREGE TO,opd,feedback,high
Detail about bmlt course,courses,information_seeking,medium
SEATS,admissions,information_seeking,high
Apement lena hai hmko neruo logy ki,general,scheduling,high
tooth implant cost,fees,information_seeking,high
I want to know about the admit card for nursing officer exam,exams,information_seeking,medium
Vasular surgery,departments,information_seeking,high
Can i get appointment?,appointment,scheduling,medium
"Hello, I am looking for token to visit a doctor",general,information_seeking,high
admission for bsc nursing,admissions,information_seeking,medium
2025 ki cut off bsc nursing k liye kya thi,admissions,information_seeking,medium
Kya kgmu me psychologist h,general,information_seeking,high
Bachelor of Optometry,general,information_seeking,medium
Orthopedic doctor ka schedule bataye,departments,scheduling,high
Bsc Radiotherapy me admission kaise le,admissions,information_seeking,high
Mujhe hair se related prob hai mujhe appointment book krni h,appointment,scheduling,high
From barne ka beside bataiy aur kayse feel kare pharmasict ka,departments,information_seeking,medium
kgmu non teaching examination,exams,information_seeking,medium
Opd off,opd,information_seeking,high
Online booking kr diye ots.gov.in pe eske baad ka process btao,general,information_seeking,medium
What about dialysis for infected pateint with hcv and hiv,general,information_seeking,high
I've given a exam which conducted by ABVMU but due to some problems I wasn't able to score as your institution demonds marks,exams,information_seeking,medium
क्या कल लारी कार्डियोलॉजी की ओपीडी चलेगी,general,information_seeking,high
Plastic surgery doctor ki floor pe milenge,departments,navigation,high
Can you tell me whether bpt course is available or not?,courses,information_seeking,medium
Is dialysis not free in kgmu ? Just tell this ?,general,information_seeking,high
I want to know about documents required for admission in BDS at KGMU?,admissions,information_seeking,medium
Diploma course ka online form 2026 kb aayega,courses,information_seeking,medium
ragistaion kaise kare,general,information_seeking,medium
Okay tell me how many seats are present in kgmu for DMLT and ott,admissions,information_seeking,high
Maine bsc math physics chemistry se ki hai to kya mera hospital attendant me ho jayega,courses,information_seeking,medium
do kgmu have nri quota seats for mbbs,admissions,information_seeking,medium
Bsc fees structure,fees,information_seeking,medium
Dental highgnist 2 year diploma ki total fees,fees,information_seeking,medium
What is the addmission process for bpt course in kgmu university,courses,information_seeking,medium
Patient portal ya patient corner ka koi option hi nahin hai aapke website per sirf patient ka option hai ek patient Hai Jahan per khol Raha Hun to sirf mujhe department ke detail dikh rahe hain usmein kuchh lab report download karne ka option nahin Hai,departments,complaint,medium
Admission ke liye number chahiye,admissions,information_seeking,high
Demartology ki opd kis din rahti hai,opd,information_seeking,high
Dr Monika bhandari department of cardiology kis day ko baithti h opd me,opd,information_seeking,high
Online form fill karna,general,scheduling,medium
Is there any date announced,general,scheduling,high
Aso exam date,exams,scheduling,high
B pharma ka entrance exam ka form kb niklega,admissions,navigation,medium
Skin department,departments,information_seeking,high
How can I get addmission in paramedical course from kgmu,courses,information_seeking,medium
"Sir, Addmission for Bsc nursing plz more details How can I apply",courses,information_seeking,medium
I want to book appointment with dr sumit rungta,appointment,scheduling,medium
Dialysis technician,general,information_seeking,medium
Hii mujhe kgmu ka fees batao,fees,information_seeking,medium
"Dear Sir/Madam, I hope you are doing well. My name is Anju Kashyap. I am pursuing DMLT and I have practical experience on laboratory machines like CBC analyzer (Erba H560, Sysmex KX-21) and Biochemistry analyzer. I am interested in working as a Lab Technician in your diagnostic center. I am hardworking, sincere, and eager to learn. Kindly consider my application. I have attached my CV for your review. Thank you for your time and consideration. Yours sincerely, Anju Kashyap",departments,information_seeking,medium
Kgmu ot technician form applying website,contact,information_seeking,medium
28/03/26 ko dentale opd khula rahega,opd,scheduling,medium
Admit card of nursing officer 2025,courses,information_seeking,medium
But diploma in dental mecanic course showing the official website,courses,information_seeking,medium
B pharmacy me admission kaise le,admissions,information_seeking,high
क्या मेरे एडमिशन बीएससी नर्सिंग में हो सकता हैं,general,information_seeking,medium
What's the timing for getting appointment,appointment,scheduling,medium
Can i book opd without any refer,opd,scheduling,medium
report chahiya,general,information_seeking,medium
How to get opd appointment,opd,scheduling,medium
Lari cardiology department meh jo registered number ha usko change karvana ha,departments,information_seeking,high
Lari me appointment lena hai,appointment,scheduling,high
Nursing staff ki requirment hai,faculty,information_seeking,medium
Nefrologist opd mai parchi kese ktae or kese jae,opd,information_seeking,high
Mujhe aankh ke vibhag ka contact number mil sakta hai,departments,information_seeking,high
Appointment online link bhejo,appointment,scheduling,high
Trauma centre emergency registration of neuro surgery,appointment,navigation,high
D Pharma course details with course Code,departments,information_seeking,medium
Gastrointestinal doctor name in today date,faculty,information_seeking,high
And registration date,appointment,information_seeking,medium
Acls form,general,information_seeking,high
Can you also get DDH done from here?,general,information_seeking,medium
Up bsc nursing ki ki fess kitne hai,courses,information_seeking,high
Apoinment,general,scheduling,high
Skin department kahan hai,departments,navigation,high
Cardio related problems in pediatrics is best managed under which faculty,faculty,information_seeking,high
What is timing for admission in mbbs today,admissions,scheduling,medium
Diploma in dental hygiene ka course fees,fees,information_seeking,high
Dott me admission process,admissions,information_seeking,medium
Parmedicals bPT fees,fees,information_seeking,medium
Seats kitni hai,admissions,information_seeking,medium
I wanna book appointment,appointment,scheduling,high
Kya radiotherapy dipartment me rt technician ki vacancy hai,career,information_seeking,high
Nursing exam admit card,exams,information_seeking,high
Is number pe voice clear nahi aati h,contact,complaint,medium
Aprment lena he,general,scheduling,high
Ji mera naam somraj kushvaha hai main kaksha 12वीं mein 335 ank prapt kiya hun aur mujhe BSc nursing karni hai aapke college se lekin mera umra 17 sal nahin Hai to main agale sal yani 2026 mein apna admission karana chahta hun to iske liye mujhe kya karna hoga kaise admission hoga pura process bataiye,admissions,information_seeking,medium
Kya yaha pr samvida k liye vacancy chal rahi h ?,career,information_seeking,medium
Any information about nursing tutor post in KGMU nursing college,courses,information_seeking,medium
Kyu band rahegi good Friday ke karan,general,information_seeking,medium
I want to know who will sit on Friday tomorrow for Neurology,departments,information_seeking,high
city slip available date?,general,scheduling,medium
Can I get admission,admissions,information_seeking,medium
I want to download death certificate,general,information_seeking,high
25 November 2025 ko opd khula hai,opd,information_seeking,high
Tutor vacancy kai liy form kha se bhra jayga,career,information_seeking,medium
Dr Bindu,general,information_seeking,medium
Certificate,general,information_seeking,high
Mujhe paramedical course karna hai,courses,information_seeking,medium
Hello sir hame gastroenterology me kau se doctor hai,general,information_seeking,high
Scin best doctor,general,information_seeking,high
"Dear Sir/Madam, I hope you are doing well. My name is Kavya Gupta, and I have passed Class 12 with Physics, Chemistry, and Biology. I am interested in taking admission to the Bachelor of Physiotherapy (BPT) course at your college for the 2026 academic session. I would be grateful if you could kindly provide information regarding: - The admission process for BPT 2026 - Eligibility criteria - Whether NEET is required or not - Fee structure - Hostel facilities - Internship and placement opportunities - Scholarship availability - Important admission dates and required documents Thank you for your time and assistance. I look forward to your response. Yours sincerely, Kavya Gupta",admissions,information_seeking,medium
Cost of private AC room in Queen Mary,fees,information_seeking,medium
I WANT TO TAKE ADMISSION FOR Bsc Nursing as I have passesd my Hsc from Maharastraa Board M i Elligible to take Admission i,admissions,information_seeking,medium
Hospital list,general,information_seeking,high
I want addmission in Kgmu,general,information_seeking,medium
Tell me Last addmition date of bsc radiology,departments,information_seeking,medium
Blood report,general,information_seeking,high
Radiology girls k liye,departments,information_seeking,high
How to take admission in masters in hospital administration,admissions,information_seeking,high
Tell me fee,fees,information_seeking,medium
Kgmu non tech kataf list,general,information_seeking,high
Kgmu nursing officer level 7 exam kab tak hoga,exams,information_seeking,medium
Timing for appointmemt,general,scheduling,medium
What are the offered courses,courses,information_seeking,medium
how to apply for pharmacy internship?,departments,information_seeking,medium
मरीज को दिखाना है,general,scheduling,high
Doctor of lungs,general,information_seeking,high
HOW CAN I BOOK APPOINTMENT IN OPD,opd,scheduling,medium
admit card kaise download kre,general,information_seeking,high
Who is skin specialist,faculty,information_seeking,high
Nursing officer application form fees,fees,information_seeking,high
How can I apply for the post of nursing tutor,courses,information_seeking,medium
This hospital medical college,general,information_seeking,medium
Offine appoitment mil sakta hai,general,scheduling,medium
Kal opd hai ent ki kgmu me,opd,information_seeking,high
Is there a doctor named Dr.Arav,faculty,information_seeking,high
Cal neurology mein kaun sa doctor baithenge OPD me,opd,information_seeking,high
I want appointment of Dr. Ravi Verma,appointment,scheduling,medium
Kgmu 2026 nursing vacancy,courses,information_seeking,medium
"Hi. I am writing regarding admission fees refund. I was alloted Public Health Dentistry course in 2nd round of All India counselling. I resigned from the course, within appropriate time. But I didn't receive my refund money till now. Kindly do the needful",admissions,scheduling,medium
exam date of computer programmer,exams,scheduling,medium
Pharmacist result,exams,information_seeking,medium
your means is that ki m.phile me mujhe psychetiry department ke teacher padhayenge,departments,information_seeking,high
Bsc anesthesia through cnet exam,exams,information_seeking,high
dr. ml patel sir clenical expreance which years,general,information_seeking,high
Ot technician course form kab tak ayege,courses,scheduling,high
Hey i m here to know when the exam of nursing officer would be conducted,exams,scheduling,medium
does the university offer MHA?,general,information_seeking,medium
I scored 200 in neet and I 12 65% I want admission in BPT course In kgmu,admissions,information_seeking,high
EK UHID Se KGMU Me kisi bhi Vibhag Me Dikha Sakte Hai ?,departments,information_seeking,high
Is the abc ID necessary for getting MBBS degree?,courses,information_seeking,high
Look for registration,appointment,information_seeking,medium
physiotherapy admission,admissions,information_seeking,medium
Rheumatology department me appointment,appointment,scheduling,medium
Any conference is being conducted next week in KGMU?,research,information_seeking,medium
Rhumetology,general,information_seeking,high
admit card,general,information_seeking,high
Some test plz test price information,general,information_seeking,medium
Nursing officers exam which date to conduct,exams,scheduling,high
i want to take admission in master in hospital administration,admissions,information_seeking,medium
Does kgmu offer a degree in paramedical,courses,information_seeking,high
Staff nurse ki vacancy aayi hai kya,faculty,information_seeking,medium
Nursing exam kb h,exams,information_seeking,medium
DOCTOR NAME AND DEGRI,faculty,information_seeking,high
Kgmu.pharmacist ki vaccancy kb aayegi 2026,departments,information_seeking,medium
Bs optomerty admition start date,general,information_seeking,medium
Yellow fever vaccination ka slot book kise kare,appointment,information_seeking,high
I want job I'm student of b pharm 2nd year,career,information_seeking,medium
I want to know about paramedical courses of kgmu,courses,information_seeking,medium
Soniya nityanand,general,information_seeking,high
Ortho m kese dikhaye,general,information_seeking,high
KGMU 2025 ki vacancy,career,information_seeking,high
Kon kon sa course khaya hata h,courses,information_seeking,medium
Helpline number chahiye,emergency,greeting,high
Pharmacist key paper when will u release,exams,scheduling,high
Book apointment,appointment,scheduling,medium
plz iske liye department ka name deejiye,departments,information_seeking,high
Plz ek tentative date bta de,general,scheduling,medium
Bina entrance exam ke,admissions,information_seeking,medium
how can i fill application form,general,information_seeking,medium
Ortho me follow up OPD chal Nahi Rahi hai,opd,information_seeking,high
Mujhe admission lena h bsc nursing me,admissions,information_seeking,medium
Admit karane ke liye,general,information_seeking,high
Dr Rashmi shukla contact no,contact,information_seeking,high
KGMU Pharmacist exam result,exams,information_seeking,medium
Can you book appointment for 19th Feb 2026 Dr. Somil jaiswal sir,appointment,scheduling,medium
Kgmu me bsc nursing me addmission kaise le,courses,information_seeking,medium
"Ill-defined hypodensity noted in left MCA territory involving fronto-parietal lobe and ganglio-capsular region. There is mass effect in form of effacement of adjacent sulci, fissure and compression of ipsilateral lateral ventricle. Hypodensity with volume loss suggestive of gliosis noted in right temporal lobe. Cortical sulci, sylvian fissures and other CSF spaces are prominent in bilateral cerebral hemispheres with prominence of bilateral lateral & third ventricle. Periventricular white matter hypodensities are seen along both lateral ventricles suggestive of diffuse cerebral atrophy with ischemic demyelination changes Rest of the cerebral hemispheres reveal normal morphology and density pattern. The basal ganglia and thalami reveal normal morphology and density. The posterior fossa structures appear grossly normal No intra/extra axial collection noted The bony vault and skull base appear normal. IMPRESSION:- INFARCT IN LEFT MCA TERRITORY INVOLVING FRONTO-PARIETAL LOBE WITH MASS EFFECT. GLIOSIS IN RIGHT TEMPORAL LOBE. DIFFUSE CEREBRAL ATROPHY WITH ISCHEMIC DEMYELINATION CHANGES Please correlate clinically.",general,information_seeking,high
How book appointment,appointment,scheduling,medium
Any other help links,general,information_seeking,high
Meri 2.6 years ki beti ko Meningococcal conjugate vaccine lgwana hai...jiska june me cochlear implant hona hain.,general,information_seeking,medium
I want admission details,admissions,information_seeking,medium
I want to know the fees structure of NPCC course,fees,information_seeking,medium
Sir hbsag quantitative test price,general,information_seeking,medium
Admission dates,admissions,information_seeking,medium
Opd के लिए पर्ची कैसे औऱ कितनी क़ी कटती हैं,opd,information_seeking,high
Admission is out for diploma or not,admissions,information_seeking,medium
For dmlt,general,information_seeking,high
Mujhe apointment lena hai,general,information_seeking,medium
Help me,general,information_seeking,medium
Hello kya paramedical courses ke liye entrence exam dena hoga ya neet ke besis pe hoga admission,admissions,information_seeking,medium
PG admission course genetic and molecular microbiology,admissions,information_seeking,medium
Mujhe exam center ko le ke information chahiye,exams,information_seeking,high
Admit card kaise le,general,information_seeking,medium
OTA ke addmission ki from last date kb h,general,scheduling,high
HI SIR IM SHAHID I NEED APPOINTMENT Dr. Sharad Chandra,appointment,scheduling,medium
time to open,general,information_seeking,medium
can you provide me the admission contact number?,admissions,information_seeking,medium
when wii the exam for kgmu nursing vacancy to be done,exams,scheduling,medium
Sir mai orthopedic doctor ko dikhana cahta hu Monday ko number kaisey lagega,departments,information_seeking,high
Direct admission hota hai KGMU Me,admissions,information_seeking,medium
I want to know about bpt course details in kgmu,courses,information_seeking,medium
hi i wanted to take admission,admissions,information_seeking,medium
I would like to know about advertisement of nursing tutors,courses,information_seeking,medium
Dr Ankit Kumar Pulmonary department,departments,information_seeking,high
How to get admission in bpt,admissions,information_seeking,medium
Rajat jain doctor,general,information_seeking,high
But i don't have report receipt I only have prescription now,general,information_seeking,high
x ray technician course and fees,fees,information_seeking,high
Mujhe pharmacists ka jobs ke bare me btao,departments,information_seeking,medium
Bachelor of medical laboratory science ke bare me,general,information_seeking,medium
Non teaching recruitment result me merit list kaha hai,exams,information_seeking,high
and how many marks are there to get..,general,information_seeking,medium
Enter rance exam sample paper,exams,information_seeking,medium
Is bpt course available in kgmu or not,courses,information_seeking,medium
When is theNursing staff exam,exams,scheduling,high
Please provide link to opd lari department,opd,information_seeking,high
Who is avdhesh Kumar in kgmu at RESPIRATORY MEDICINE,faculty,information_seeking,high
BMLs ke bare me full details,general,information_seeking,high
OT tecnician,general,information_seeking,medium
url not found,general,information_seeking,high
Doctor ko dikhane k liye appointment kaise le,appointment,scheduling,high
Website not opn,contact,information_seeking,medium
Bachelor of medical laboratory science (BMLS),general,information_seeking,medium
Kya 3 year ki ladki bol nahi pati hai toh,general,information_seeking,high
Course mein admission ho sakta hai ki nahin kgmu Mein dental hygienist,admissions,information_seeking,medium
Diploma in pharmacy result kaise check kre,exams,information_seeking,high
Blur vision speciality,general,information_seeking,high
research problem statement,research,complaint,high
Cho admit card kaise download kre,general,information_seeking,medium
When bds 1st year classes will be start?,general,scheduling,high
Mai ek fresher hu mujhe Job mil sakti h,career,information_seeking,medium
Mujhe yaha addmission lena tha,general,information_seeking,medium
Soo can I get contact of any other faculty to talk about bsc nursing course,faculty,information_seeking,medium
Nursing officer exam update any?,exams,information_seeking,medium
how to take admission in paramedical coarse,admissions,information_seeking,medium
I have dandruff in skal,general,information_seeking,high
Physitherapy course,courses,information_seeking,medium
Paediatric surgery ke doctor kon hai,departments,information_seeking,high
where is admission form for 2026 student?,admissions,information_seeking,medium
Does it offer Bachelor in Operation theatre technology,general,information_seeking,high
Is KGMU bsc nursing provide krta h,courses,information_seeking,medium
Bpt ke liye admission process eligible criteria aur entrance test,admissions,information_seeking,high
Tell me about BPT COURSRE all details,general,information_seeking,high
"Kgmu computer programmer ka exam 14 November 2025 ko hua tha, uska score card release ho gya h, final result kb aaega",exams,information_seeking,high
tomorrow will be open ?,general,information_seeking,high
Any job and vacancies for clinical psychologist,career,information_seeking,medium
I have a lump in my neck,general,information_seeking,high
What is the OPD day of Dr,opd,scheduling,high
I need ortho opd slip,opd,information_seeking,high
Tracheal stenosis hai,general,information_seeking,high
Any latest nursing exam,exams,information_seeking,medium
Es university me direct admission ho sakti hai kya,admissions,information_seeking,medium
Cms kgmu name,general,information_seeking,high
Kgmu nurshing exam kab hoga,exams,scheduling,medium
How I can apply for kgmu nursing teaching,courses,information_seeking,medium
Bs itna bta do BMLT main 12th ke baad direct addmission ho skta h ya bhu,general,information_seeking,medium
When will admissions open for 2025?,admissions,scheduling,medium
Ofcourse,general,information_seeking,medium
Kya hospital Sunday open rahta hai,general,information_seeking,high
Non teaching result for librarian,exams,information_seeking,medium
lab report kaise download kare,general,information_seeking,high
I need to apply for nursing,courses,information_seeking,high
Nursing ka pepar kb ahi,courses,information_seeking,high
appointment number download karna h,appointment,scheduling,medium
I have to take checkup. Is it good to visit today,general,scheduling,high
Indore medical University OPD mein kaise registration karaen,opd,scheduling,high
I forgot my registration no.,appointment,information_seeking,medium
How to get admission in bachelor of physiotherapy course,admissions,information_seeking,medium
Kya staff nurse k liy job khali h contractual base pr,faculty,information_seeking,high
I want clinical psychologist in kgmu,general,information_seeking,medium
mujhe appointment book karni hai,appointment,scheduling,medium
non teaching nursing staff,faculty,information_seeking,medium
entrance exam ke liye kaise apply kare please help me,admissions,information_seeking,medium
oral surgery tooth extraction in kgmu opening and closing timing,departments,scheduling,high
KGMU nursing officer xam 2025 recruitment,courses,information_seeking,medium
I want the details for non teaching post of Programmer Level - 10 in KGMU,courses,information_seeking,high
How to register and get appointment,appointment,scheduling,high
Kgmu narsing admit card,general,information_seeking,medium
Please help you,general,information_seeking,high
Bmlt course h,courses,information_seeking,medium
KGMU lab level 6 ka result kaha dekhe,exams,information_seeking,medium
No one is picking up the call,contact,information_seeking,high
Neurology Ward me Pani nai aa rha hai 2 hrs se,departments,information_seeking,high
On date of 14 august 2025 opd of dept of urology will going on or not,opd,scheduling,high
Mera appointment slip,appointment,information_seeking,high
Ya subject is university me hai,general,information_seeking,high
Admission kese le? Yaha,admissions,information_seeking,medium
Is there any vacancy available for optometrist???,career,information_seeking,high
Bsc radiology karne ke liye kaun sa entresa exam dena hoga kgmu college me admission ke liye,admissions,information_seeking,high
ovarian cancer.doctor opd which number of room,opd,information_seeking,high
Mai opd me appointment kayse le सकता hu,opd,scheduling,high
Can we book mri appointment online,appointment,information_seeking,high
What is the admission process for mbbs in kgmu,admissions,information_seeking,high
Ji curse karne ke liye kya document chaiye,general,information_seeking,medium
How I get d pharmacy admission,admissions,information_seeking,medium
Admission form online kaise bhare,admissions,information_seeking,medium
Call ee appointment book krne ke liye paise lageenge,appointment,scheduling,high
Urologist doctor in tomorrow meet,general,information_seeking,high
BSC nursing ki fees kitni hogi,fees,information_seeking,medium
Kgmu msso exam date,exams,information_seeking,medium
Kgmu nursing officers ka exam kb hoga,exams,information_seeking,medium
can you send sms in behalf of me,general,information_seeking,medium
Check up realated,general,information_seeking,high
PLS SUGGEST doctors for lever and stomach,general,information_seeking,high
BSC NURSING WALO KE LIYE KOI JOB KI VACANCY,courses,information_seeking,medium
Kgmu me bpt course krne ke liye direct admission le skte h kya,admissions,information_seeking,medium
Kgmu appointment bebsite,appointment,scheduling,high
"Requested you, please ye bataiye ki b. Optometry karne ke liye lateral entry hai",general,information_seeking,medium
Mam nutrition and dietetics ka course hi nhi hai,courses,information_seeking,medium
Mera background B.sc in zoology hai,general,information_seeking,medium
O hope they treat my case full sincerity and gibe me best treatment,general,feedback,high
How to contact for opd,opd,information_seeking,medium
Is bachelor of physiotherapy course available in kgmu?,courses,information_seeking,medium
when will be the nursing officer examination for 2025??,exams,scheduling,medium
Is ICU bed available,emergency,information_seeking,high
when will counselling will held ?,admissions,information_seeking,medium
How to admission process OT TECHNICIAN course,admissions,information_seeking,medium
what type of question i asked you?,general,information_seeking,high
admisson ke liye kisi ka no bta dijiye jo ho jaye mera admisson,general,information_seeking,high
Mujhe hospital management karna hai,general,information_seeking,high
What is The procedure to approach for Short term internship in laboratory department,departments,information_seeking,medium
Non teaching pharmacist,departments,information_seeking,high
Is holiday on Saturday?,general,scheduling,high
Kgmu result update exam held on 14 nov 2025,exams,scheduling,high
Who is avdhesh Kumar in Kami,faculty,information_seeking,high
How to registration,appointment,information_seeking,high
Kya aap bata sakte hai kgmu me seat khali hai dmlt course ke liye,admissions,information_seeking,medium
Sir mai bpt me admission lena chaheti hu kaise le skte h,admissions,information_seeking,medium
Kgmu ot assitant result,exams,information_seeking,high
hello i have a query regarding kgmu nursing tutor walk in interview,courses,information_seeking,medium
Masters in nursing foam,courses,information_seeking,medium
Nursing officer ka form kb ayega,courses,information_seeking,medium
Doctor of pharmacy karke internships karna hai,departments,information_seeking,medium
I WANT CHECK UP IN GESTRO DEPARTMENT SO PLEASE TELL ME HOW I CAN TAKE ONLINE APPOINMENT OF DOCTOR,departments,information_seeking,high
Today ambedkar jayanti so opd are open or closed,opd,scheduling,medium
Dr. Akshay Pradhan sir ka OPD book karana hai,opd,scheduling,medium
BPT course admission via?,admissions,information_seeking,medium
nursing officer exam conducted on november 14?,exams,information_seeking,high
contact details,contact,information_seeking,high
For b pharma and paramedic courses,departments,information_seeking,medium
Who can I see from internal medicine in kgmu,departments,information_seeking,high
Show me the website for bsc mlt course,courses,information_seeking,high
Muje admission form fill Krna h,admissions,information_seeking,medium
Kya es samay KGMU mai opd helper ki job uplabdh hai,opd,information_seeking,medium
Report online mil sakta hai??,general,information_seeking,high
BASLP ka entrence,general,information_seeking,medium
I have some queries regarding the tender. Is there any email for queries regarding this?,contact,information_seeking,high
Appointments,general,information_seeking,medium
Hello how can I take appointment,appointment,scheduling,medium
notice board announcement also doesn't open,general,scheduling,high
Tomorrow’s who will sit on nerology in opd,opd,information_seeking,high
i have tooth cavity and severe pain? in which department should i have to consult,departments,information_seeking,high
I need help line number,contact,information_seeking,medium
Appointment book Ortho,appointment,scheduling,high
Diploma course,courses,information_seeking,medium
Alergy ka doctor kaun sa di baithate hai,general,information_seeking,high
Nursing exam held on,exams,information_seeking,medium
How can I collect the course completed certificate PBBsc,courses,information_seeking,medium
Ivf coast,general,information_seeking,high
Kl ram navmi nhi h kl hanuman jyanti h,general,scheduling,high
How can I get treatment,general,information_seeking,high
Hostel milta hai BMLT karne ke liye mere ko BMLT me addmission karna hai progress btao,campus,information_seeking,high
Appointment for a patient in department of oral medicine,appointment,information_seeking,high
Anm ki last form bharne ki date,general,information_seeking,medium
cardiology appointment calling staaf supervisor number for complaint,appointment,complaint,high
Dr S k Sonkar,general,information_seeking,high
BSC nursing,courses,information_seeking,medium
बच्चों के अच्छे डॉक्टर कौन है,general,information_seeking,high
Is there any negative marking,general,information_seeking,high
“Kya KGMU me summer training ya project internship mil sakti hai,general,information_seeking,medium
Nursing officer exam 2025,exams,information_seeking,medium
i want to know the course of post basic bsc nursing avilable,courses,information_seeking,medium
How to take admission for bsc nursing,admissions,information_seeking,high
rate list of tests,general,information_seeking,medium
Appaupment,general,scheduling,high
Md mch,courses,information_seeking,high
we can get appointment of doctor direct,appointment,scheduling,high
advertisement 02/2025,general,information_seeking,high
kaisi madad kar sakte hain,general,information_seeking,medium
Is Dr.Amit Anand from medicine available at kgmu?,departments,information_seeking,high
what is OPD,opd,information_seeking,medium
Checkup hoga kal,general,information_seeking,medium
clinical psychology,general,information_seeking,high
pairo ki ghukhroo ke liye best department,departments,information_seeking,high
I want to take addmission in bpt,general,information_seeking,medium
Lari hospital kgmu ka helpline number chahiye,emergency,information_seeking,high
Kisko complain karu doctor ki fraud ka,general,complaint,high
Diploma in lab technician me addmission kaise lete hai,courses,information_seeking,high
Registration counter pr jakar ticket lene se doctor se nhi mil skte kya online appointment jaruri h,appointment,scheduling,high
Left head suffering of pain,general,information_seeking,high
admission details for bsc nursing,admissions,information_seeking,medium
Appointment number,appointment,information_seeking,high
DMLt 2026 application form kab aayega,general,scheduling,medium
Sir online apply krne ke liye mujhe link bhej dijiye jispe apply kr ske,career,information_seeking,medium
What are the documents during document verification on the post of radiology technitian,departments,information_seeking,high
list of orthopedic surgery department dr. with expereince please tell me,departments,information_seeking,high
Ayushman card hone per kon konsa elaj free me ho sakta hai,general,information_seeking,high
Staff nurse exam date,exams,scheduling,high
Opd helpress,opd,information_seeking,high
Can we take direct addmission in bpt,general,information_seeking,medium
I want to know my application number of pharmacist gr 2 level 5 vacancy registration number,appointment,information_seeking,medium
Main cnet ka paper diya h kya usse admission hoga,admissions,information_seeking,high
What are the requirements to study doctor of medicine,departments,information_seeking,high
For paramedical courses what document is needed and when the admission is open for class 12th student for like courses like bachelor of physiotherapy is there c ue t exam needed,admissions,information_seeking,high
How to pay fees during MD admission this year,admissions,information_seeking,high
Can i get kgmu question paper of bds,exams,information_seeking,medium
I want to book my schedule,appointment,scheduling,high
King university dmlt exam date schedule,exams,scheduling,high
I am looking for kgmu,general,information_seeking,high
Where can I get my admit card for non teaching post exam,exams,information_seeking,medium
clinical psychology hai kgmu main?,general,information_seeking,high
Please send admit card,general,information_seeking,medium
I want a contact of dental department,departments,information_seeking,high
Majar locations in campus,general,information_seeking,medium
Hello sir main OPD online appointment kaise le sakta hu,opd,information_seeking,high
Mujhe marij ki caunsling janch karni hai,general,information_seeking,high
Key paper of technical officer of medical perfusion,exams,information_seeking,medium
Can I get number of amit arya phychatrist,contact,information_seeking,high
When the examination examination scheme notification 2026 open?,exams,scheduling,medium
Department of emergency medicine,departments,information_seeking,high
I want ent department appointment of Tommorow,appointment,scheduling,high
Offline opd registration timing,opd,scheduling,medium
How to book opd online for cardiology,opd,scheduling,high
Cnet.exam.kab,exams,information_seeking,medium
Is tomarrow opd is open,opd,scheduling,high
i summit a form with registration number and 14th nov i have exam,appointment,information_seeking,high
Any vacancy update Lab technician,career,information_seeking,medium
List of pg students admission in neet pg 2026,admissions,information_seeking,medium
When to book appointment,appointment,scheduling,medium
Dental hygiene deploma admission date,admissions,scheduling,medium
I want an appointment for dr a.b singh,appointment,scheduling,high
Opd kab open hoga,opd,scheduling,medium
Where are options for admission,admissions,information_seeking,medium
733 staff nurse post,faculty,information_seeking,medium
Mai apni phatology report kaise Nikal sakta hu,general,information_seeking,high
Hair transplant cost,fees,information_seeking,high
Today's my appointment,appointment,scheduling,medium
How I get appointment,appointment,information_seeking,high
Kya aap mujhe bmlt me admission ke liye help kar sakte hai,admissions,information_seeking,high
Kayse apply karu aur muje jaruri hai job ki kgmu acha rhe ga mere liy,career,information_seeking,medium
Iski last date kb h,general,scheduling,medium
book opd online,opd,scheduling,high
Dental hyginest,general,information_seeking,high
Can u tell me admission process,admissions,information_seeking,medium
You can search please,general,information_seeking,medium
Kgmu nursing officer application form kese download kre,courses,information_seeking,medium
Non teaching post schedule exam on 03 april admit card,exams,information_seeking,medium
2023 batch 3 rd prof mbbs curriculum or phase,courses,information_seeking,medium
Does KGMU provides BAMS degree,courses,information_seeking,medium
Pera medical me D pharma ke admission ho rahe hai kia sir,admissions,information_seeking,medium
My concern is resident doctors few of them they are not good with patient they misbehave with them please be polite request,general,information_seeking,high
I am asking recent vacancy for physiotherepist,career,information_seeking,medium
Obs se 43 number h kya bsc nursing ke liye kgmu me admission ho skta h,admissions,information_seeking,medium
Form apply kaha se hoga link nhi mil raha hai,career,complaint,medium
2026 mai fees,fees,information_seeking,medium
which exam is necessary for admission,admissions,information_seeking,high
result kb aaega,exams,information_seeking,medium
I have division one of point 8 mean physics c chemistry B and biology c i am qualifies?,general,information_seeking,high
Upper gi endoscopy price,general,information_seeking,high
Fileriya ke liye kaun sa डिपार्टमेंट chunana hai,general,information_seeking,high
BPT course ke baare me information chahiye and uske liye kon sa entrance dena hoga fee structure,admissions,information_seeking,medium
Dental hygienist admission detail,admissions,information_seeking,medium
Agr bsc nursing krni ho to kaise kre kgmu se,courses,information_seeking,high
How can I take admission in it,admissions,information_seeking,medium
How to book,appointment,information_seeking,high
Ophthalmology B-SCAN RATE,departments,information_seeking,high
Mai operation theater technician ka diploma kiya hu,courses,information_seeking,medium
I want datesheet,exams,information_seeking,high
Nursing tutor number of vacancy,courses,information_seeking,medium
Sms kiya he koi reply nhi aya he,general,information_seeking,medium
"Contractual Faculty Recruitment Advertisement notice Notice No :- 153/Rectt/2025 November 28, 2025",faculty,information_seeking,high
Price of testosterone test,general,information_seeking,medium
Mujhe online appointment chahiye,appointment,scheduling,high
What will be cutoff of mbbs admission in open category,admissions,information_seeking,medium
Male kiya unhe or call bhi Kiya unhe but koi reply nahi,contact,information_seeking,high
12me kitna percent important hair,general,information_seeking,high
हाल में ही संपन्न हुई DMLT की परीक्षा का परिणाम कब निकलेगा ?,general,information_seeking,medium
Online form fill karne hetu,general,information_seeking,medium
Is there an internship in the food sector?,general,information_seeking,medium
I want to take an admission in BSC radiology,admissions,information_seeking,high
Aap ki lab technician aur XRay technician course ka koi addmission nikla hai,courses,information_seeking,high
Result pharmacist,exams,information_seeking,high
Entrance exam form?,admissions,information_seeking,medium
Saturday OPD,opd,information_seeking,medium
but there is only name and seat no not the link for applying,admissions,information_seeking,medium
Bsc nursing me admission ka process,admissions,information_seeking,high
Pediatric Neurology,departments,information_seeking,high
Online registration kaise kare?,appointment,information_seeking,medium
Kgmu ka entrance form kab aayega,admissions,information_seeking,medium
Surgical oncology me kaun se doctor kis day mai बैठते hai,departments,information_seeking,high
Kgmu programmer 2025 answer key,courses,information_seeking,high
how to download KGMU nursing officer admit card?,courses,information_seeking,high
My patient,general,information_seeking,high
Phd admission information,admissions,information_seeking,medium
Is it possible to take direct admission in kgmu for bsc course,admissions,information_seeking,medium
Isme admition kese milega,general,information_seeking,medium
How can I get CT SCAN report online,general,information_seeking,high
any senior resident vacancy in dept of psychiatry,departments,information_seeking,high
Appointment number batiye haddi Wale dr k liye,appointment,scheduling,high
Hi..sir ot technician ka result kab aayega,exams,scheduling,medium
Nursing officer exm date,courses,information_seeking,medium
Pcpndt competancy based practical exam of Ultrasound held in nov 2025,exams,information_seeking,high
Need visit skin department on Thursday,departments,information_seeking,high
"That provided number was available till 3:30PM for appointments, but I want to come tomorrow for yellow fever vaccination,is it okay to come without appointment",appointment,scheduling,high
I wanted to get all informations about admissions for bsc courses,admissions,information_seeking,medium
What is the procedure of addmission in Diploma course DMLT,courses,information_seeking,medium
Mujhe doctor ka appointment chahiye Tuesday ko,appointment,scheduling,high
4 pm pr appointment ho jae ga,appointment,scheduling,medium
"Hi, can you tell me email or phone number of cms",contact,information_seeking,high
About bds course,courses,information_seeking,medium
nursing staff Vacancy me form dalne ke liye kya kya decoment chahiye,faculty,information_seeking,medium
Does diwedi sir in cardiology does their opd ??,opd,information_seeking,high
KGMU nursing tutor ka syllabus aur exam pattern kya rahega,exams,information_seeking,medium
What precaution to be taken in thyroid,general,information_seeking,high
Mujhe BMLT ki jankari chahiye,general,information_seeking,medium
"Whether there is provision to get tests/investigations, Ultrasound, MRI, CT Scan from open market and the charges met will be reimbursed to the patient",fees,scheduling,high
Mahoday mujhe OPD registration karna hai kaise kiya jaaye,opd,information_seeking,high
Nurology doctor medical collage,general,information_seeking,high
who is best CTVS surgen Dr in KGMU,faculty,information_seeking,high
Nursing officer exam kub tk hoga,exams,information_seeking,medium
"Is"" kgmu entrance exam application for 2026 released",admissions,information_seeking,medium
Is OTT course is available in KGMU college,courses,information_seeking,medium
Urologist appointment,appointment,scheduling,high
Lateral entry details,general,information_seeking,high
Bsc nursing ke liye kaun sa entrance exam dena hoga,admissions,navigation,medium
Is there a schedule of Opd in Dermatology,opd,information_seeking,high
How to visit first in psychiatry department opd,opd,information_seeking,high
Cuet bases pa,general,information_seeking,medium
Tiffa appointment leni h,appointment,scheduling,high
Opd day with doctor name,opd,information_seeking,high
Mujhe Appointment Book Krna Hai,appointment,scheduling,medium
Pediatric Surgery recruitment,departments,information_seeking,medium
Any other option other than neet,admissions,information_seeking,medium
Total bpt course fees,fees,information_seeking,medium
Dentel hygienist ho jata h,general,information_seeking,high
Jo form may 2025 me bhara hua tha nursing ka uska exam kab hoga,exams,scheduling,medium
How I can take admission in KGMU for msc nursing being a resident of west bengal,admissions,information_seeking,high
How to check report,general,information_seeking,medium
Can we take admission through UP CPET,admissions,information_seeking,high
Immunology ki opd kb h,opd,information_seeking,high
Can you tell me whether the post of nursing officer is vacant in KGMU?,courses,information_seeking,medium
And for thyroid,general,information_seeking,medium
Dr d Himanshu Opd days,opd,information_seeking,medium
Piles जैसे सर्जरी के लिए कितना खर्च आएगा,general,information_seeking,high
Dr mayank mahendru opd schedule,opd,scheduling,high
Mujhe Kal Kay leya urine problem hai dc.dikhna hai,general,information_seeking,medium
Kl kon se pulmonologist opd me rhenge,opd,information_seeking,high
What is CT Scan,general,information_seeking,high
I need appointment for Dr HP Singh ent,appointment,scheduling,high
Which paramedical courses is intersting while studying,courses,information_seeking,high
Orthopedic department mein appointment kaise milega,appointment,scheduling,high
Abhi 14/11/25ko 38 post pharmacy ke pepar hui tha to abhi joining ke lest kab tak ayge ji,departments,scheduling,medium
Kya aap ke yaha diploma in mri technician ka course h?,courses,information_seeking,high
Opd helper ki ya ward aya ki,opd,information_seeking,medium
Mai doctor ka appointment book karna chahta hu,appointment,scheduling,high
is there a separete course of bpt,courses,information_seeking,medium
Admission Link,admissions,information_seeking,medium
what is the salary after completing sc nursing,courses,information_seeking,high
Bsc nursing ki fees kitna hai?,fees,information_seeking,medium
Who can tell the price of these tests,general,information_seeking,high
How to check kgmu pharmacist exam result 2025,exams,information_seeking,medium
92 candidate eligible for practical exam only 60 called foe practical swhat about 32 candidate,admissions,scheduling,high
APPOINTMENT 8887019134,appointment,scheduling,medium
Does it have bachelor's in anesthesia,general,information_seeking,high
Eye doctor OPD daily countinue rahti hai,opd,information_seeking,high
Medical lab technician Exam city,exams,information_seeking,medium
Cardiology online apointment,departments,scheduling,high
Mujhe ye puchna tha ke abhe nursing tutor ke liy koi vacancy h,courses,information_seeking,medium
i wanted information for admissiom for mbbs 2025,courses,information_seeking,medium
Bachelor of optoometry course admission,admissions,information_seeking,medium
Bsc nursing kay liye apply kerna 2026,courses,information_seeking,medium
Yes staff,faculty,information_seeking,medium
Mujhe meri diploma me admissio chahiye,courses,information_seeking,medium
Gnm kanna bai,general,information_seeking,medium
I m addmission in paramedical course bsc radiology,departments,information_seeking,high
Kesari Pratap narayan singh,general,scheduling,high
nursing officer,courses,information_seeking,medium
Mujhe nsc nurshing me admission Lena h,admissions,information_seeking,medium
Registrar office kab tak khula rahta hai,general,information_seeking,medium
What is exam date of dialysis technician recquritment,exams,scheduling,high
How to get admission in bpt course in kgmu?,admissions,information_seeking,medium
Arthritis department opd sheduled,opd,information_seeking,high
Mujhe kuch doctor ke baare me janna tha,general,information_seeking,high
Bmrit ke liye,general,information_seeking,high
appointment,appointment,scheduling,medium
Cardiology department me online appointment chahiye,appointment,scheduling,high
my patient have blood cancer,general,information_seeking,high
Take appointment,appointment,scheduling,medium
I want to take admission for bsc nursing in your university,admissions,information_seeking,high
bsc nursing,courses,information_seeking,medium
I want to apply for post graduation course in your university,courses,information_seeking,medium
4 april 2026 ko hospital me opd chalegi ya nhi,opd,scheduling,high
How I get scaner for taking token on driefcase app,general,information_seeking,high
Vaise jaise dialysis to ho jaayegi kgmu me but what about medicines ? Jo medicine CKD failure me hai ye kgmu me milegi ? And kitne ki private se sasti ya utni hi,departments,information_seeking,high
Dr.rugta opd sedule,opd,information_seeking,high
"Okay I had recieved all my documents like provision certificate, course completion and everything except these two",courses,information_seeking,medium
Send number admission office,admissions,information_seeking,medium
Fees for obtaining MBBS degree,fees,information_seeking,medium
NMC RECOGNITION OF SEATS PDF,admissions,information_seeking,medium
I want to book an appointment in dermatology for today,appointment,information_seeking,high
Yes provide me,general,information_seeking,medium
Mpt ke liye kaun sa entrance dena hota hai aur kb,admissions,navigation,high
Is there any bsc Hons biomedical sciences or bsc Hons medical science course,courses,information_seeking,medium
Abha se appointment kaise le,appointment,scheduling,high
How can I get admission in bsc nursing,admissions,information_seeking,medium
Me kese bsc radiology me addmission lun KGMU me,departments,information_seeking,high
Opd psychiatry,opd,information_seeking,high
"Not able to view my mphil entrance exam result which happened, not able to login to my account kindly help",admissions,information_seeking,high
Lari hospital ma number Appointment kaise la,appointment,scheduling,high
Appointment kese le,appointment,scheduling,medium
What is admission process,admissions,information_seeking,medium
Admissions for DMRT entrance test last date,admissions,information_seeking,high
To Matlab Agar Main up triple SC ya FIR aur Baki ke government pharmacy exams clear kar lun to Mera selection ho jaega Na kgmu Mein ya FIR ISI ka exam Mujhe Dena Padega,exams,information_seeking,medium
On the occasion of Ram Navami opd will be closed or open,opd,scheduling,high
Queen merry hospital me jabardasti doner card banwaya jata hai aur discharge karne se pahle forcefully doner card chheen liya jata hai,general,information_seeking,high
Any news about advertisement number 53/R-2024 ?,contact,information_seeking,medium
Bsc nursing ke course nios wale kr sakte he,courses,information_seeking,high
I want a appointment in lorry,appointment,scheduling,high
How to get admission in bpt program,admissions,information_seeking,high
Nursing officer ka exam kab h,exams,scheduling,medium
lungs doctor,general,information_seeking,high
Cardiology doctor list,departments,information_seeking,high
i dont have appointment and I dont know any doctor plz help me,appointment,scheduling,high
Site or jaane ke baad hospital ke naam mai kya fill kare,general,information_seeking,high
Ent opd booking,opd,scheduling,high
How download nursing tutor formate,courses,information_seeking,medium
Verify appointment letter,appointment,information_seeking,high
DMLT merit based admission form apply kaise kare,admissions,information_seeking,medium
Kya kgmu me nursing ki vacancy aayi Hui h,courses,information_seeking,medium
Is still I am eligible for bsc nursing 2025,admissions,information_seeking,high
Online booking kaise kre,general,scheduling,medium
Blood test report plan42027,general,information_seeking,high
list of holiday 2025,general,scheduling,high
Do you have yellow fever vaccination facility,general,information_seeking,high
Ky radiology me addmission marit list pe hoga,departments,information_seeking,high
MD medicine in khmc,departments,information_seeking,high
I want to appointment,appointment,information_seeking,high
Gestro medicine opd timing,opd,information_seeking,high
Gastro logistics opd timing,opd,scheduling,high
KGMU me bmlt ki fees kitna padega 1 year ka,fees,information_seeking,medium
Online appointment ke pahle offline me opd,opd,scheduling,medium
Sir mujhe opd me appointment book karna h cordiology department me,opd,scheduling,high
Non teaching ka exam kab tak hoga sir,exams,scheduling,high
Male allow hai ya nhi,general,information_seeking,high
Gastro opd,opd,information_seeking,high
Because i want to admission in the kjmcu,admissions,information_seeking,high
I want to book an appointment for ct angiography,appointment,scheduling,high
About yellow fever,general,information_seeking,high
Bachelor in anaesthesia,general,information_seeking,medium
Nursery staff vacancy,faculty,information_seeking,medium
Is there opd open today as it is good friday,opd,scheduling,medium
How much rank is needed to do MdS in prosthodontics,general,information_seeking,high
Details about kgmc health card,general,information_seeking,medium
How can I get admission in optometry in this clg,admissions,information_seeking,medium
Osmf sugery cost in kgmu,fees,information_seeking,high
"I want to know ,about admission prosses, where to get admissim form, i slected for md physiology through neet pg counclling",admissions,navigation,medium
Kya merit se b pharma kgmu me kar sakte hai,departments,information_seeking,medium
Ear wala karya kaha hota hai,general,navigation,high
Plz you explain,general,information_seeking,medium
Vacancies for msw,general,information_seeking,medium
I wanna know about courses to get admission,admissions,information_seeking,medium
Ot technician ki vacancy me selection dila sakte ho,career,information_seeking,medium
Kgmu nursing ka paper kab hoga,exams,scheduling,high
Kgmu ke liye kon sa entrance exam dena padta hai aur kb,admissions,information_seeking,high
How to find blood reports online,general,information_seeking,high
Appointment lena hai argent,appointment,scheduling,high
Skin doctor kab baithate hai,general,scheduling,high
"i want UG, Bsc Nursing",courses,information_seeking,medium
Eri age 25 saal hai mere daat tede mede hai kya sahi ho jayenge mere daat,general,information_seeking,high
"हम पहली बार आ रहे हैं , और हम ऑनलाइन अपॉइंटमेंट बुक करना चाहते हैं कल की",general,information_seeking,medium
BMRIT internship?,general,information_seeking,high
Ortho OPD,opd,information_seeking,high
How to fill physiotherapy form,general,information_seeking,high
Is any course available for bio students,courses,information_seeking,high
Are the forms not released yet,general,information_seeking,medium
मुझे ऑनलाइन आपिमेट लेना है,general,scheduling,high
Folllow up ka option ka pr hai,general,information_seeking,high
Is lapt a flap surgery,departments,information_seeking,high
KGMU nursing officer level 7 exam kab tak hoga,exams,scheduling,medium
Contact num please,contact,information_seeking,medium
How I take online appointment,appointment,scheduling,medium
Nursing exam date kgmu,exams,scheduling,medium
i want to know the availability of seats of b pharma in your institution for the session 2026-2027 and also the registration process for the same,appointment,information_seeking,medium
Is admission start,admissions,information_seeking,medium
Kya kgmu is year dmlt courses mein new admission lega?,admissions,information_seeking,medium
Token Booking,general,scheduling,high
i need an followup appointment for my patient,appointment,information_seeking,high
booked appoitment,general,scheduling,high
Radiology department,departments,information_seeking,high
How to take appointment for opd,opd,information_seeking,high
pls cbt exam information,exams,information_seeking,medium
How to get admission in diploma of dialysis technician in paramedical in KGMU,admissions,information_seeking,high
Teel me more about B.Sc Operation Theatre Technology,general,information_seeking,high
Which days,general,information_seeking,medium
Sir I can't understand what do you said,general,information_seeking,high
Dmlt merit based form out of not,general,information_seeking,medium
anal fistula surgery,departments,information_seeking,high
Bsc nursing fee structure and hostel fee,fees,information_seeking,medium
Kgmu m online appointment kaise le gastro opd m,opd,scheduling,high
Bachelor of radiology and imaginary,departments,information_seeking,medium
Purana appointment expire ho gaya hai,appointment,information_seeking,high
Where I have post for nursing tutor vacancy,courses,navigation,medium
Appointment book karna chahta hun,appointment,scheduling,high
Want to know the fees for bpt course,fees,information_seeking,medium
How to get appointment psychiatry opd,opd,scheduling,high
Best gynee,general,information_seeking,high
Surgery department,departments,information_seeking,high
Nursing officers exam date Tell me,exams,scheduling,medium
Entrance exam se pehle kitna dinn form fill hota hai,admissions,information_seeking,medium
Kaise addmission ho Sakta hai,general,information_seeking,medium
sir mene nursing officer ka form apply kiya tha uska exam kab hoga,exams,scheduling,medium
Admission in dmlt seat,admissions,information_seeking,high
How to book my appointment,appointment,scheduling,medium
Admit card ki,general,information_seeking,medium
When is the md result coming,exams,scheduling,medium
Kgmu pharmacist scor card link,departments,information_seeking,medium
"डेंटल में दिखाना है ,कैसे क्या करे अभी",general,scheduling,high
Mujhe kgmu me admission chahiye BPT course ke liye to mai kaise le sakti hu ?,admissions,information_seeking,medium
Radiology ka corse karna hai,departments,information_seeking,medium
best neurologist in kgmu,departments,information_seeking,high
Hospital appointment,appointment,scheduling,high
Side nahin chal rahi hai,general,complaint,medium
yes want a rsearch cplloboration from your esteemed instution . we are planned to study on micro sleep. so we required the sleep lab from your instution,general,information_seeking,high
Chest department,departments,information_seeking,high
"Sir, I want an appointment for my mother suffering from various problems like piles. Digestive problems also. She did a opration of piles but not much rest has she got. So please guide us well.",appointment,scheduling,high
Piles or fissure ho to kis department me dikhaye,departments,information_seeking,high
Bpt fee details,fees,information_seeking,medium
Patient registration online,appointment,information_seeking,medium
Need appointment in order,appointment,scheduling,medium
"Please tell me short notes, can I clear the exam?",exams,information_seeking,high
Microbiology course list,departments,information_seeking,medium
bpt admission details,admissions,information_seeking,medium
BSC in radiology admission process,admissions,information_seeking,high
Divya Narayan sir skin,general,information_seeking,high
How can I take admission in bpt,admissions,information_seeking,medium
Staff nurse ki vacancy hai kya koi es t,faculty,information_seeking,medium
Darmalozist slod not a open dikha raha hai,general,scheduling,high
I want to know about admission process,admissions,information_seeking,medium
Pharmacist ka admit card,departments,information_seeking,medium
today is holiday i want to urgeant contact,contact,information_seeking,medium
Documents for cleft lip surgery,departments,information_seeking,high
Medical Social Worker,general,information_seeking,high
CBT for practicing Doctors before 2014,general,information_seeking,high
Complain for fron side of hospital Shop,general,complaint,medium
Lari me opd registration,opd,scheduling,high
Kgmu me mha ki job,career,information_seeking,high
Sir mujhe apne bhai ko neuro syketric ko dikhana hai,general,information_seeking,high
Opd ki timings kya hai,opd,information_seeking,medium
how i can check lab report of patient,general,information_seeking,medium
Peceint ka vippan card kaise banaye,general,information_seeking,medium
Nursing officer me form kaise bhre,courses,information_seeking,medium
BPT force ke liye kis tarah aavedan karun net ke marks par,general,information_seeking,medium
BMLT INTERNSHIP ALL DEPARTMENT 6 MONTH,departments,information_seeking,high
Need contact,contact,information_seeking,high
But i am not from up,general,information_seeking,medium
Regarding for registration complaint,appointment,complaint,medium
2025 kgmu nursing professors exam kb hoga,exams,information_seeking,medium
eggibilit criteria or no of post kitni h,general,information_seeking,medium
I am 658km away from hospital,general,information_seeking,high
I want to call an CT scan specialist,contact,information_seeking,high
Dental highgnist,general,information_seeking,medium
how to get admission in bsc nursing,admissions,information_seeking,medium
OT assistant post requirement kab Tak nikalegi,general,information_seeking,medium
Kya aaj O P D chalu rhegi,general,information_seeking,high
Is CNET form released?,general,information_seeking,medium
Up cnet,general,information_seeking,medium
book opd,opd,scheduling,medium
MRI BRAIN,general,information_seeking,high
how to register patient,general,information_seeking,medium
Itna time ho gya exam form bhre hue abhi tk ku nhi hua exam,exams,complaint,medium
Nursing officer exm kb h,courses,information_seeking,medium
Mujhe ot me admission lena h,admissions,information_seeking,high
Koi number hi nhi lgata hai baar baar maine try kiya hai APPOINTMENT ke liye mai bhut presan hu,appointment,complaint,medium
Appointment of Dr Rishi Sethi required:,appointment,scheduling,high
I want to apply for diploma in mri technician,courses,information_seeking,high
Fees kya hogi,fees,information_seeking,medium
its not working,general,complaint,high
Documents required for admission in md course,admissions,information_seeking,medium
How can apply for DMLT,career,information_seeking,medium
"i get message that is ""doctor not scheduled"" everytime",general,scheduling,high
"Hello, has admissions for bds course begun?",admissions,information_seeking,medium
Online appointment is available in dental department,appointment,information_seeking,high
Kya is college m bina entrest exam diye admission hota hai bsc nursing m,admissions,information_seeking,medium
Pedia surgery drs. List,departments,information_seeking,high
Bsc nursing ki fees kitni hai,fees,information_seeking,medium
Online appointment book ho skti hai??,appointment,scheduling,medium
Paramedical entrance exam date?,admissions,information_seeking,medium
2026 me admission le sakte h our kya documents hona chahiye,admissions,information_seeking,medium
Kya aaj OPD band hai,opd,scheduling,medium
Ish no. Se appointment mil skta h,appointment,information_seeking,high
Please book my time with Dr hardip singh malhotra,appointment,scheduling,high
Diploma in M.R.I. Technician,courses,information_seeking,medium
Nursing officer exam date?,exams,scheduling,medium
i want tobe admissioned in paramedical caourses,admissions,information_seeking,medium
How to book appointment in Lari,appointment,scheduling,high
Lekin ors.gov.in par abhi raat me 1 baje appointment book nhi ho raha hai,appointment,scheduling,medium
It is open in sunday also,general,information_seeking,medium
Mujhe apne pairo ke nasso ka ilaj karwana hai,general,information_seeking,high
But opd is full for cardiology,opd,information_seeking,high
लारी में ओपीडी ऑनलाइन बुकिंग स्लॉट नहीं दिख रही हैं,general,information_seeking,high
Bsc perfusionist,courses,information_seeking,high
कल हॉस्पिटल की ओपीडी खुली है या बंद,general,scheduling,medium
Ayushmaan card par ilaj hota hai,general,information_seeking,medium
How can I get admission in this college,admissions,information_seeking,medium
Job related query in biotech domain,career,information_seeking,high
Only up domicile get admission,admissions,information_seeking,medium
Yellow fever vaccination registration,appointment,information_seeking,medium
What is the fee of mpt course,fees,information_seeking,medium
My father undergone stenting from lari cardiology I want medical certificate for him,departments,information_seeking,high
Ent department location,departments,navigation,high
Heart problem,general,information_seeking,high
Bmlt course karne ke liye kaun si entrance exam Dena padega,admissions,information_seeking,medium
Syllabus of entrance,admissions,information_seeking,medium
Need nephrologist department consultation,departments,information_seeking,high
Online appointment of dr. Promila verma,appointment,information_seeking,high
पित की पथरी,general,information_seeking,high
2026 me cutoff kya hai,admissions,information_seeking,medium
DMLT course ke liye admission abhi ho rhe hai,admissions,information_seeking,medium
Vaccancy for nursing tutor,courses,information_seeking,medium
Wo doctor kab kab beth te hai,general,scheduling,high
Mujhe aapke university me bsc nursing ke liye admission chahiye,admissions,information_seeking,medium
Appointment kesari Pratap narayan singh,appointment,scheduling,high
Opd booking id,opd,scheduling,high
What are documents required for PG admission,admissions,information_seeking,high
Me apna registration number and password bhul gye hai,appointment,information_seeking,high
Online number kise lage ga,contact,scheduling,high
Appointment book kaise kare,appointment,scheduling,high
opd imformation,opd,information_seeking,medium
I want admission in Mphil clinical psychology,admissions,information_seeking,medium
Second floor,general,information_seeking,high
Can I take admission in pathology after undergraduate,admissions,information_seeking,high
I am GNM student and I am fresher can I join the kgmu in September,general,information_seeking,medium
Maine combined nursing entrance test up ka Diya hai,admissions,information_seeking,medium
Admission form,admissions,information_seeking,medium
How to book online appointment,appointment,scheduling,medium
KGMU Lucknow government medical University me bsc nursing ki fees,fees,information_seeking,medium
Aapke medical college me koi job vacancy nikli h to btaiye mujhe,career,information_seeking,high
Paramedical nhi nursing krna hai up cnet bsc nursing,courses,information_seeking,medium
DIPLOMA IN OPRATION THEATRE,courses,information_seeking,high
Kgmu mein ward boy ki job,career,information_seeking,medium
Tell me how many experience required for nursing tutor vaccancy 2026,courses,information_seeking,medium
1 jan ko cardiology mein appointment chahiye,appointment,scheduling,high
KGMU vacancy kb tak aayega,career,information_seeking,medium
Kgmu nursing exam notification 2026,exams,information_seeking,medium
Diploma in radiology application form date,departments,information_seeking,medium
Assistant security exam kb tak possible h,exams,information_seeking,high
Kgmu nursing tender name,courses,information_seeking,medium
Paramedical me kaun kaun se course aate h,courses,information_seeking,high
Seate he abhi bpt me,admissions,information_seeking,medium
How to opd make,opd,scheduling,high
doctors in medical endocrinology opd,opd,information_seeking,high
Bpt addmission process,general,information_seeking,medium
Me ne b.a sociology se kiya hai mujko m.a clinical psychology me admission mel sakta hai,admissions,information_seeking,high
When registration form comming,appointment,scheduling,medium
Acha diploma in mri technician krne baad kya job mil jati h ?,courses,information_seeking,high
KGMU ka exam kb hoga,exams,information_seeking,high
फॉर्म भरना है कैसे भरे,general,information_seeking,medium
सोमवार के दिन दिमाग़ के डॉ. बैठेते हैं,general,information_seeking,high
Medical laboratory technologist level 6,general,information_seeking,high
KGMU pharmacist cut off,admissions,information_seeking,high
How to fill addmission form for paramedical courses,courses,information_seeking,high
शर मेरी मां का हार्ट का इलाज करवाना ह क्या आप के हॉस्पिटल मैं हो जाएगा,general,information_seeking,high
When willl Kgmu bpt admission will start??,admissions,scheduling,medium
IS BPT COURSE OFFERES BY THE COLLEGE,courses,information_seeking,high
Kgmu me MSc lifescience ke kaun kaun course available hai,courses,information_seeking,medium
Haan non teaching,general,information_seeking,medium
What is OPD timing,opd,scheduling,medium
Pulmonary department,departments,information_seeking,high
My mother has cronical neck pain which department should I fill,departments,information_seeking,high
"Can i get admission in kgmu without counter sign on tc, and i am the student of up borad",admissions,information_seeking,medium
ANA tests price,general,information_seeking,high
I want a seat in paramedical course like bsc radiography,admissions,information_seeking,high
Sir I want to get admission in paramedical courses,admissions,information_seeking,medium
Mai online opd Krna chata hu,opd,scheduling,high
Student registration no.,appointment,information_seeking,medium
sir/madam hyperlink is given on kgmu.org but it is not working.,general,complaint,high
Enquiry contact number admission process,admissions,information_seeking,medium
abhi information ayi hai ki nahi,general,information_seeking,medium
What is price for MRI in KGMU,general,information_seeking,high
How to addmission for kgmu bpt course,courses,information_seeking,medium
hellosir maine Medical Social Service Officer Gr.2 Level-6 ke liye online apply kiya tha exam kab tk hone ki possibilty h,exams,scheduling,high
Kya aaj opd khula rahega,opd,scheduling,medium
Opd appointment booking,opd,scheduling,high
Opd appointment,opd,scheduling,medium
When do i apply for paramedical course at kgmu lucknow,courses,scheduling,medium
Lab technician vacancy kb tak aayegi,career,information_seeking,medium
Admit card kb tk aayenge nursing ke,courses,information_seeking,high
New opd me doctor dekhte hai,opd,information_seeking,high
मेरा रजिस्ट्रेशन हो गया अब दोबारा डॉक्टर को दिखाने के लिए उन्ही डॉक्टर को दिखाने के लिये ओपीटमेंट कैसे ले,general,scheduling,high
Kgmu me bsc optometry ka entrance exam kb hoga,admissions,information_seeking,medium
I want to know About internship program for msc biotechnology students,courses,information_seeking,medium
Kgmu mein admission kaise hota hai Paramedical course Bsc MLT,admissions,information_seeking,high
What is fees,fees,information_seeking,medium
Mujhe radiology x ray me diploma karna hi to kya admission open hi,admissions,information_seeking,high
मुझे मेरी रिपोर्ट पता करना है,general,information_seeking,high
Addmission registration,appointment,information_seeking,medium
Sir mere sister ke husband ka cancer ka operation hua surgical oncology me sir Vijay Kumar and sir Puneet Prakash ji ko jeevan khushiyan ki dua krte rahenge,departments,feedback,high
I want consultant dentist dr,general,information_seeking,high
When will be admit card come for nursing officer exam,exams,scheduling,medium
मुझे डॉक्टर को दिखाना है सोमवार को डॉक्टर शरद चंद्र को,general,scheduling,high
Blood report for online,general,information_seeking,high
dr.zain he is a surgeon in KGMU,general,information_seeking,high
Kgmu nursing officer ki exam date ?,exams,information_seeking,medium
urology men mareej ko dikhlane ke liye nomber lena hai,departments,information_seeking,high
Result x ray,exams,information_seeking,high
Kgmu online ragistration kgmu hospital mein registration,appointment,information_seeking,high
What is admission process in BPT course,admissions,information_seeking,medium
When admision open,general,information_seeking,medium
Appointment in ENT,appointment,scheduling,high
Sukrawaar ko nahi lagta kya,general,information_seeking,high
Admission process kya h?,admissions,information_seeking,medium
humko bsc nursing mein admisson lena hai without entrance ka,admissions,information_seeking,high
Brain hemorrhage accident but booking,emergency,scheduling,high
Dmlt diploma course,courses,information_seeking,medium
CAN I HAVE DISCHARGE TICKET ONLINE,general,information_seeking,medium
Kgmu me dmlt me admission karana hai or online form fill Krna hai phone se,admissions,information_seeking,medium
डॉ अक्षय आनंद अग्रवाल किस दिन बैठते हैं,general,scheduling,high
Lab report,general,information_seeking,high
Is there any events being conducted at the campus next week regarding endodontics?,general,information_seeking,high
No admission lena hai,admissions,information_seeking,high
Mujhe yeh pta Krna tha ki apke college me GNM course jo ki ek diploma course hai uski fees kitni hai,fees,information_seeking,medium
Contact details,contact,information_seeking,medium
Nahi ho raha hai,general,information_seeking,medium
what time we can show docter,general,scheduling,medium
I want to get appointment in opd,opd,information_seeking,high
Chat gpt and google says that you do not offers bpt but the website itself says,contact,information_seeking,medium
Bpt addmission ka link or information do,general,information_seeking,medium
appointment for opd,opd,scheduling,high
Contacts number,contact,information_seeking,high
Dr zain ahmed psychologist,general,information_seeking,high
Mujhe face surgery aur stone eye lagwana hai,departments,information_seeking,high
Form kb aayega optometrist,general,information_seeking,medium
I had passed in 2024 but due to some personal reasons I was not able to recieved them.. as I am late for this.. so there is any problem in recieving them? College or university will not provide my documents?,general,information_seeking,medium
mha course,courses,information_seeking,medium
Bsc radiotherapy k liye yahan koi entrance exam hoga,admissions,information_seeking,high
Online OPD,opd,information_seeking,high
Ultrasound receipt kitne din valid rahe te h,general,information_seeking,high
Hme kravai report chahiye,general,information_seeking,medium
Dr Renu Singh mam ki opd kis din rhti hai jo ki queen mary department ki dr hai,opd,information_seeking,high
Can i get free treatment from your hospital of male infertility,general,information_seeking,high
When can the result of Computer Programmer 2025 be declared?,exams,scheduling,high
appointment nahi ho raha online,appointment,complaint,high
is admission open for diploma courses,admissions,information_seeking,medium
PARAMEDICAL EXAM,exams,information_seeking,medium
When will be nursing officers exam?,exams,scheduling,medium
Meko addmission lena hai,general,information_seeking,medium
What if my tests have been already done from another clinic,general,information_seeking,high
Book opd for dental,opd,scheduling,medium
Bina cnet ke 12 me kitne mark chahiye hote hai bsc nursing ke liye,exams,information_seeking,high
I want to know about demand draft for admission.,admissions,information_seeking,medium
Merit based selection graduation or post graduation ka hota h??,general,information_seeking,medium
Sir kgmu me admission kaese le,admissions,information_seeking,medium
result of non teaching exam on 14 nov,exams,information_seeking,medium
Master's of physiotherapy he y nhi,general,information_seeking,medium
Opd contact number,opd,information_seeking,high
Nusring officer exam date ??,exams,scheduling,high
Please help me for my treatment history. I want my treatment history file pdf format,general,information_seeking,high
Nefrology me dr gulab jha ki opd kb hoti hai,opd,scheduling,high
Kgmu mein OT diploma mein admission kaise hoga,admissions,information_seeking,medium
For MBBS,courses,information_seeking,medium
bsc radiology,departments,information_seeking,high
Monday ko gastro opd nahi lagegi kya,opd,scheduling,high
Can you please tell me about exam and pattern,exams,information_seeking,high
I want to appointment of lari cardiologist depth,appointment,scheduling,high
Lari me appoinment kaise kare,general,information_seeking,high
KAL KISKI OPD HAI ADULT KE LIYE,opd,information_seeking,medium
Secorty gaurd ki job kab niklengi,career,scheduling,high
Gastroenterology OPD schedule,opd,scheduling,high
link isn't working,general,information_seeking,medium
Kya aap Lokbandhu ke bare me bata sakte hai,general,information_seeking,medium
Kgmu me peramedical bsc optometry walo ki fees kitna h mess or room ka rate sab aad krke kitana h,fees,information_seeking,medium
Bsc nursing admission information,admissions,information_seeking,medium
Department of Radiology,departments,information_seeking,high
When is the Nursing Officer exam?,exams,scheduling,high
Which mpt courses are available in your university,courses,information_seeking,medium
Kya is notification ka exam ho gya h,exams,information_seeking,medium
How to take an appointment,appointment,scheduling,medium
Sir mujhe kal yani Monday ki appointment mil sakti hai,appointment,scheduling,medium
Is admissions are opened?,admissions,information_seeking,medium
bsc mursing ka revers kab niklega form,courses,scheduling,medium
Kgmu officers admit card 2023,general,information_seeking,medium
I want medical certificate,general,information_seeking,high
Opd me dikhane ke liye ointment kaise milegi,opd,information_seeking,medium
KINDLY PROVIDE EMAIL OF CMS,contact,information_seeking,high
Kya kgmu me 25 saal ki age wale logo ki operation ho sakti hai iski safalta dar kitne percent hai aur aap ke hospital me iski operation me kitna kharcha aayega,general,information_seeking,high
Diploma dental course ki kitna fess hai,courses,information_seeking,medium
OPD booking,opd,scheduling,medium
लेकिन केजीएमयू की वेबसाइट पर डॉ विवेक अग्रवाल को ही मनोचिकित्सा विभाग के अध्यक्ष के रूप में दिखाया जा रहा है और वहां डॉक्टर श्रीकांत श्रीवास्तव का नाम नहीं है ऐसा क्यों,general,information_seeking,high
Radiology vacancy,departments,information_seeking,high
MSSO exam admit card,exams,information_seeking,medium
Ophthalmology department me eyes concern,departments,information_seeking,high
b pharmacy,departments,information_seeking,medium
MAI AJAY KUMAR MERA SISTER KO MAIND KAM NAHI KAR RAHA HAI MAI APP SE BAT KARNA CHAHTU HU,general,information_seeking,high
OPD cardiology appointment,opd,scheduling,high
Mere pass refferal card hi nhi h,general,information_seeking,high
Admit card of nursing recruitment 2025 application form,courses,information_seeking,medium
Is there skin treatment available,general,information_seeking,high
Is there any vacancy in eye department,departments,information_seeking,high
Best cardiologist doctor,general,information_seeking,high
Hey can I give CAHET exam to get admission on your college,admissions,information_seeking,medium
Sir please tell me when will be KGMU COMPUTER PROGRAMMER DV regarding information updated on office site?,courses,scheduling,high
appointment for dr Anjoo Agarwal,appointment,scheduling,medium
Hum yaha kase apply kare,career,information_seeking,medium
Lab technician vacancy link,career,information_seeking,medium
Admission in BPT,admissions,information_seeking,medium
I want doctor list of gastroenterology department,departments,information_seeking,high
Hello mujhe admission Lena ott paramedical course ka kya form relalease hogya hai kya,admissions,information_seeking,medium
Can I get admission in dmlt by upcent,admissions,information_seeking,medium
BSc radiology fees,fees,information_seeking,medium
What is the mode of payment of the fees for PG course?,fees,information_seeking,high
bsc nursing admission,admissions,information_seeking,medium
Semi private room ke liye ky charges hai ??,fees,information_seeking,high
Kya OT technician ka form abhi aya hai kya,general,information_seeking,medium
when admit card will be available to download for 3 April Examination,exams,scheduling,medium
"B.s.c in paramedical courses me admission process,",admissions,information_seeking,high
I want an appointment in ENT department. So how can get the opportunity.?,appointment,scheduling,high
Kgmu mai bpharma h,general,information_seeking,medium
Skin vibhag kaha aur kab lagta hai,departments,information_seeking,high
How can someone apply for internship in KGMU,career,information_seeking,medium
मुझे अपने पेशेंट को दिखाना है कार्डियोलॉजी डिपार्टमेंट में शनिवार को डॉक्टर विश्वकर्मा को,general,information_seeking,medium
Admitted student list mdms,general,information_seeking,medium
Cardiac doctor se dikhana hai,general,scheduling,high
Radiographar teachnician results2025 kab ayega,general,scheduling,medium
Gazzeted chhuti list,general,information_seeking,medium
Ot technician course,courses,information_seeking,high
kya kal opd hai,opd,information_seeking,high
Post basic bsc nursing sheat,courses,information_seeking,medium
Is there a psychologist here?,general,information_seeking,medium
Nursing staff Vacancy hai kya,faculty,information_seeking,medium
Nephrologist ki lie doctor konse hai,general,information_seeking,high
Dr Sandeep tiwari ka contact number chahiye,contact,information_seeking,high
Gnm faculty,faculty,information_seeking,high
Kgmu nursing officer admit card,courses,information_seeking,medium
Hello I want to book appointment,appointment,scheduling,high
Online appointment book,appointment,scheduling,medium
I want to do physiotherapy internship so where should I contact,contact,information_seeking,high
Agr 100 - 103 me aaye to,general,information_seeking,medium
How can I get admission in kgmu,admissions,information_seeking,medium
Is MPT course available?,courses,information_seeking,medium
"my dad is 74 years old with diabetes. partial stroke and prostrate, will like to bring him for treatment",general,information_seeking,high
Mujhe online report lena hai kase mila gya,general,information_seeking,medium
"Hello,I want to take admission in x ray technician .what is the admission process ?",admissions,information_seeking,high
Timing of office for calls,general,information_seeking,medium
Diploma corse me admission kaise le,admissions,information_seeking,medium
I would like to know the availability of Dr. Ashwary of cardiology department,departments,information_seeking,high
Addmission process in diploma in Optimetry,courses,information_seeking,medium
pharmacist notification,departments,information_seeking,medium
Dr Ayush shukla ka opd appointment lena hai,opd,scheduling,high
OTT ke admission exam hota h ?,admissions,information_seeking,medium
Mujhe OPD ke liye number lagana hai,opd,information_seeking,medium
Whether any advance is to be deposited before under gone a pediatric surgery?,departments,information_seeking,high
Diploma in Optimetry,courses,information_seeking,high
कार्डियोलॉजी अपार्टमेंट,general,information_seeking,high
Can i get my entrance exam result of 2022,admissions,information_seeking,medium
Mai cvts ke doctor Rahul Kumar ko heart ka problem dikatha hun kya mai cvts ke kisi aur doctor dusre din dikha sakte hai,general,scheduling,high
what is the microfilaria test price?,general,information_seeking,medium
Nursing officer exam is expected on when,exams,scheduling,high
Kgmu me bmlt ki fees kitna padega 1 year ka,fees,information_seeking,medium
How can I book for dialysis in kgmu,appointment,scheduling,high
Pathology kitte bhaje tak khuli rahti h,departments,information_seeking,high
Nephro pathology kgmu,departments,information_seeking,high
Kgmu nurses exam kab hoga,exams,information_seeking,high
I want to visit in kgmu psychiatry department how could I visit,departments,information_seeking,high
चाची के गाल में ओर होठ पे घाव है मुझे कौन सी ओपीडी में दिखाना होगा किस डॉक्टर से,general,information_seeking,high
Cardiology tenchial course,departments,information_seeking,high
Admission kaise hoge isme,admissions,information_seeking,medium
Result for ot technician,exams,information_seeking,medium
Icu technician private fee,fees,information_seeking,high
im looking for admission in bsc nursing,admissions,information_seeking,medium
Bachelor in anaesthesia and ot fee 2026,fees,information_seeking,medium
OPD Booking,opd,scheduling,medium
Mai apna resume bhej deta hu,general,information_seeking,high
How many post is available for nursing staff,faculty,information_seeking,medium
Kjmu me neurology opd kis kis din open hoti,opd,scheduling,high
Who is the chief medical superintendent,faculty,information_seeking,high
I was allotted Kgmc in r1 of Upneetpg 25 state counselling which got upgraded to Sgpgi in r2. When will my admission fees be refunded,admissions,scheduling,medium
How much score in cnet to achieve admission in kgmu nursing,admissions,information_seeking,medium
Sms ka koi reply nhi aaya,general,information_seeking,medium
"""Namaste Sir/Madam, I have passed 12th with PCB from UP. I want to take admission in BPT course. Please tell me whether admissions are currently open and how I can apply online. Thank you.""",admissions,information_seeking,medium
I want admission to the kgmu without neet,admissions,information_seeking,high
Paramedical admission form in batchelor,admissions,information_seeking,medium
1st time appointment lene ke liye kya online ho jata hai,appointment,information_seeking,high
CRT EXAMINATION RESULTS,exams,information_seeking,medium
What is the dates of examination of rest of the candidates for PCPNDT.,exams,scheduling,medium
3 April ko kgmu open hai,general,scheduling,medium
Addmission kab se start honge D optom ke,general,information_seeking,medium
मेरे को डेंटल हाइजीनिस का कोर्स करना है और मैंने पूरी योग्यता पढ़ ली है और में इसमें एडमिशन करने में योग्य हु आप बताओ एडमिशन कैसे करवाए,general,information_seeking,medium
Ent vibhag me janral vale rum me doctor mri likh dete han ya nahi,departments,information_seeking,high
Mai abhi 12 me hu pcb se mere liye koi gov. Naukari hai,general,information_seeking,medium
Non pg jr vaccancy,general,information_seeking,medium
Contact number of the medical superintendent office kgmu,contact,information_seeking,high
Optometry intership date kb aayega,general,information_seeking,medium
agar hota tomera help kar dijiye,general,information_seeking,high
addmission dircet ho jayega,general,information_seeking,medium
KGmu nursing officer admit card,courses,information_seeking,high
Mai apointment book Kiya tha message nahi aaya hai message chahiye,appointment,scheduling,medium
In which floor,general,navigation,high
Kgmu me medical dmlt ka form kab nikalata hai,general,scheduling,medium
Admission kese le,admissions,information_seeking,medium
online appointment in cardiologist,appointment,information_seeking,high
Bsc nursing direct adminison without cnet,courses,information_seeking,medium
अपना रिपोर्ट ऑनलाइन कैसे चेक करें,general,information_seeking,high
Ab kya aap mujhe yah bata sakte hain ki kaun se doctor kis din ko baithte Hain,general,information_seeking,high
Kya mujhe kgmu me admission ke liye vha ka no.mil skta h...?,admissions,information_seeking,medium
ENT TREATMENT,departments,information_seeking,high
Sir hame DMLT karna hai hamare 74 present mark hai,exams,information_seeking,medium
Opd schedule,opd,scheduling,high
list of medicine department dr. please tell me,departments,information_seeking,high
Nursing tutor Vackncy pdf,courses,information_seeking,medium
Ot technician admission process,admissions,information_seeking,high
mri cost,fees,information_seeking,high
Dr Apul Goel's OPD days,opd,information_seeking,high
गले की समस्या को किस डिपार्टमेंट में दिखाए,general,information_seeking,high
Diploma in dental hygiene course admission process,admissions,information_seeking,medium
KGMU HOLODAY CALENDAR 2026,general,information_seeking,medium
Please advise routine,general,information_seeking,high
OPD dikhana hai,opd,information_seeking,medium
Mujhe janna tha ki pairamedical course ke liye vha seat khali hai?,admissions,information_seeking,medium
kya is hospital me lab technician ki vaccancy khali hai ?,general,information_seeking,high
How to download birth certificate,general,information_seeking,high
Nos of Dr,general,information_seeking,high
Number uplebdh kra sekte he ?,contact,information_seeking,medium
Bpt admission,admissions,information_seeking,medium
Bosse board is accepted for admission,admissions,information_seeking,medium
Kaise appoinment book karu,appointment,scheduling,medium
Bsc nursing karne ke liye addmission kaise lena hoga,courses,information_seeking,high
I want an appointment in medicine department,appointment,scheduling,high
Me dr sumit rungta ko dikhana chata hu to sir kab milenge,general,scheduling,high
MBBS admission fees,admissions,information_seeking,medium
मुझे मेरे बच्चे को कल बच्चों वाले सर्जन डॉक्टर को दिखाना है,general,information_seeking,high
I am waiting outside Ayushman centre olit is supposed to open at 11 I am still out nobody showed up,general,complaint,high
दवा करवाना हैं पैर में झुनझुनाहाट होता हैं कमर दर्द होता हैं,general,information_seeking,high
I want paramedical courses list,courses,information_seeking,medium
librarian exam result,exams,information_seeking,high
Kgmu mai nursing staff ki vacancy hai kya,faculty,information_seeking,medium
Kya gnm wale bcche nursing tutor of KGMU m apply kr skte hai kaya,courses,information_seeking,medium
Nursing tutor vacancy in kgmu,courses,information_seeking,medium
Kitne number pe Mil jayega,contact,information_seeking,medium
Pathology department email I'd mujhe chahiye,departments,information_seeking,high
Make an opd appointment,opd,scheduling,medium
6 March Ko OPD open rahe ga,opd,scheduling,medium
Ye gynocamestia ka hi h,general,information_seeking,high
Oral medicine vibhaag kaha pe hai New OPD building facility mai hai kyaa ?,opd,navigation,high
Ku h samj nhi aya,general,information_seeking,medium
Jo mujhe form fill karna hai,general,information_seeking,medium
Nursing tutor interview 25th of July is postponed or not please confirm..,courses,information_seeking,medium
Mujhe gastroenterologist doctor ko dikhana hai,general,information_seeking,high
Contact no of kgmu,contact,information_seeking,high
I want to know regarding PG admissions and reporting,admissions,information_seeking,high
Diploma in x-ray tecnician,courses,information_seeking,medium
Mujhe yakin nhi tujhpe..aaj shyd open bhi ho sakta hai ..,general,complaint,medium
60 saal ki mahila hai usko head injury hue hai to kis ko dikhna best hoga,general,information_seeking,high
mobile no,general,information_seeking,high
I want to visit for treatment of hypertension,general,information_seeking,high
Dr vivek kumar medicine Department ka opd kab hai,opd,scheduling,high
Notice for remaining 32 eligible pndt candidate,admissions,scheduling,high
नहीं अभी जो सर्च किया था मैंने कि हमें डिग्री आफ ऑप्टोमेट्री यानी कि बैचलर आफ ऑप्टोमेट्री करनी है उसके लिए अपने कहा था कि गूगल पर सर्च करो उसकी ऑफिशल वेबसाइट पर जाओ और नोटिस बोर्ड पर जाओ तो मैं वहां गई तो अभी वहां कोई उसके लिए ऑप्शन वेबसाइट नहीं है यही मैं बता रही हूं,general,information_seeking,medium
will it be providing next year,general,information_seeking,medium
addmission portal link?,general,information_seeking,medium
oncology opd,opd,information_seeking,high
"14/11/2025 ko jo exam huye the, unka answer key kab aayega ?? (Computer programmer)",exams,scheduling,medium
nursing officer ka admit card kb tab ayega,courses,information_seeking,medium
deceased death certificate,general,information_seeking,medium
TIMINGS OF HOSPITAL PHARMACY,departments,scheduling,high
I am not getting appointment at ors,appointment,complaint,high
Regarding Radiotherapy Technician Exam on 3rd april,exams,information_seeking,medium
Department for prostate cancer,departments,information_seeking,high
does this university provide space for out universities' students to do 6 months internship of Bpt ?,general,information_seeking,high
Nursing officers exam date,exams,information_seeking,medium
2025 Bsc nursing exam date,exams,information_seeking,medium
Which course are available for bio class12,courses,information_seeking,high
mphil clinical psychology 2025,general,information_seeking,medium
from where shoul i login for 3rd april exam,exams,navigation,medium
What Price for CABG,general,information_seeking,high
Monday psychiatry opd,opd,information_seeking,high
Kitne pad hai abhi nursing tutor ke,courses,information_seeking,medium
Dr Jitender medicine,departments,information_seeking,high
There is a man in gandhi ward,general,information_seeking,medium
BMLT main addmission kaise mil skta h??,general,information_seeking,medium
When is the last date to apply for 2026 BPT course admission,admissions,scheduling,medium
How to get online appointment in neurology department,appointment,navigation,high
Nahi nahi merko bas itna janna hai ki Jo bacche MBBS kar rhe hai woh bacche in summer vacation era mai college ke hostels mai hi h ya Apne ghar gye hai kuch dino ke liye ya fir aadhe bacche ghar or aadhe bacche college mai hai ?,courses,information_seeking,high
Oncologist pls,departments,information_seeking,high
I want to meet gastroenterology Doctor,general,navigation,high
non medico u g student outside kgmu,general,information_seeking,medium
Recent vacancy,career,information_seeking,medium
where i can ask,general,navigation,medium
Online appointment for cardiology,appointment,scheduling,high
Is the answer key available for KGMU pharmacist 2025,departments,information_seeking,medium
Form for dental hygienist,general,information_seeking,medium
list of documents for admission in mbbs,admissions,information_seeking,medium
ot assit ka exam kab hoga,exams,scheduling,high
मे ऑनलाइन नम्बर लगाना हैं,general,scheduling,high
Notification in addmission for clinical psychology,general,information_seeking,high
courses vagera dekh li pr admission form nhi mil rha,admissions,information_seeking,medium
Paeites are admitted in room the the supply of ac,general,complaint,medium
Contractor base vacancy in pharmacy,departments,information_seeking,medium
How to get an appointment for the first time,appointment,scheduling,medium
admission in bsc radiology,admissions,admission,medium
Patient services open nhi ho raha hai,general,complaint,high
​1. डॉ. सौम्येंद्र विक्रम सिंह,general,information_seeking,high
Pathology report kaise dekhe,departments,information_seeking,high
Diploma in cardiac technician,courses,information_seeking,medium
Hi I want to know the g.n.m. vacancy,career,information_seeking,medium
November 28 recruitment form for contractual faculty is not available,faculty,information_seeking,high
Radiology course ke baare mein bataye,departments,information_seeking,high
Mujhe kal OPD oppinment chahiye,opd,information_seeking,medium
Kya dr niraj kumar aate hai,general,information_seeking,high
अभी आगे नॉन टीचिंग वेकेंसी कब तक आएगी,general,information_seeking,medium
Kgmu me bsc nursing 2026 ke liye kon sa exam dena hoga,exams,information_seeking,high
Opd kal khulga,opd,scheduling,medium
Bsc nursing admission form 2026 kab aayega,admissions,information_seeking,medium
Dr amreesh old cardiology,departments,information_seeking,high
मैं तीन घंटा से opd की लाइन में लगा हूं,opd,information_seeking,medium
Is there any entrance exam for radiology course,admissions,navigation,high
How many marks required for admission in kgmu mbbs course,admissions,information_seeking,medium
Non teaching staff recruitment result,exams,information_seeking,high
Addmission bsc nursing,courses,information_seeking,medium
What's the fee for dental doctor?,fees,information_seeking,high
"Appointment in Lari, Cardiology Department, KGMU , Urgent",appointment,scheduling,high
Mareej ki chhutti karani lama form bharba ke,general,information_seeking,high
i card,general,information_seeking,high
Mere patient ka ilaaj kgmu mein chal raha hai hematology mein vah blood cancer ki patient hai to doctor nahin hai bola hai ki aap aayushman card cancel karva dijiye uske bad Ham estimate banaenge tab aapka ilaaj sarkari sahayata se ho payega yah pura process Kya Hai Jara mujhe bataiyega unhone bola hai ki main pura process tab bataunga jab aap vahan se card aayushman card cancel kara kar lekar aaenge cancellation rasid,general,information_seeking,high
Dr Ayush shukla,general,information_seeking,high
I want my degree,courses,information_seeking,medium
is paediatric neurology department is available,departments,information_seeking,high
Kya diploma in optometry aapke yahan karvaya jata hai,courses,information_seeking,medium
ADMISSION REQUIREMENTS,admissions,information_seeking,medium
How can I contact in KGMU for more information regarding this interview,contact,information_seeking,medium
Admission Process in diploma in anaesthesia & critical care technician,admissions,information_seeking,medium
Usg charges,fees,information_seeking,high
Kgmu nursing officer forms will be available at which month?,courses,information_seeking,medium
Admissions links,admissions,information_seeking,medium
Bpt admission peocess,admissions,information_seeking,high
Follow UP,general,information_seeking,high
Trauma centre emergency,emergency,navigation,high
Kuch post ka exam hua h,exams,information_seeking,high
Mujhe bsc in dialysis therapy Krna h,courses,information_seeking,medium
Sir I know OPD doctor in pain clinic on Saturday,opd,information_seeking,high
How to download the admit card,general,information_seeking,medium
My uncle had passed away in KGMU on 28/10/2025,general,information_seeking,high
Book an appointment,appointment,information_seeking,high
Bmls course admission this year are merit based on there is any entrance exam and when,admissions,information_seeking,high
Main staff Nurse ke form bara hai,faculty,information_seeking,medium
Online booking kase kare,general,information_seeking,medium
Merit base par kis kis mai admission hota hai,admissions,information_seeking,medium
Which courses available,courses,information_seeking,medium
Oh but with that they will make which card ? That's can make us treatment free or affordable? Just my questions,general,information_seeking,medium
Addmission kaise karey mbbs key liye,courses,information_seeking,high
radiology,departments,information_seeking,high
Admission process,admissions,information_seeking,medium
STAFF NURSE ADMIT CARD DOWNLOAD,faculty,information_seeking,high
"I got admission in round 2 aiq counselling and then upgraded in round 3, now can you tell me when will I get refund of fee I deposited in kgmu?",admissions,information_seeking,medium
Limb centre,general,information_seeking,high
What all concerns department of dermatology treats,departments,information_seeking,high
When the action will take on this man?,general,scheduling,medium
Respiratory medicine opd kaha par hai,opd,navigation,high
please send report download,general,information_seeking,high
X ray technician exam related requirements,exams,information_seeking,high
Direct admission nhi ho sakta,admissions,information_seeking,high
I want to take admission in Bsc. Dialysis. Does college offer this course?,admissions,information_seeking,high
Fess sc catogry,general,information_seeking,medium
Need to book appointment for OPD with Dr. Sethi,opd,information_seeking,high
"I'm a teen having anxiety issues , pychosomatic diseases and childhood trauma .when is the opd available for me.im not a local resident",opd,scheduling,high
Kgmu me mbbs karne ke liye konsa exam clear karna padta hai,exams,information_seeking,high
Counseling number for bachelor program,admissions,information_seeking,high
KOI ONLINE SITE NHI H KYA JISME HUM UHID NO DAAL KE NIKAL LE,general,information_seeking,high
Main bmlt course me admission kese lu,admissions,information_seeking,medium
Hi can I get any contact number regarding lab technician,contact,information_seeking,medium
Sir I want book appointment,appointment,scheduling,high
How to download admit card Level 6,general,information_seeking,medium
does kgmu have degree of bachelors in physiotherapy and through which they take admissions and how many seats are there,admissions,information_seeking,high
i need information about mphil clinical psychology,general,information_seeking,medium
admission office contact details,admissions,information_seeking,medium
Yrr call Kiya kisi ne uthaya nhi,contact,complaint,medium
2025-2026,general,information_seeking,medium
Online registration ka kya timing hai,appointment,scheduling,medium
Is bsc in cardiology couse is available,departments,information_seeking,medium
Kgmu m kis basis par admission hota h,admissions,information_seeking,medium
When is MHA exam,exams,scheduling,medium
M.a clinical psychology admission form kab se suru hoga,admissions,scheduling,high
how to get admission in BPT course,admissions,information_seeking,medium
How many fees for MSC NURSING,fees,information_seeking,high
Bpt ke liye kya admission process hai,admissions,information_seeking,medium
Mujhe mere bachhe ke liye appointment Lena h,appointment,scheduling,high
I need appointment,appointment,information_seeking,high
मानसिक सेक्स क्लीनिक,general,information_seeking,high
application process as well as date of entrance exam 2025,admissions,scheduling,medium
Paramedical 2025 admission date,admissions,scheduling,medium
Bmlt entrance exam dena hota h ya nhi,admissions,information_seeking,medium
Hme jodo ke dard se related doctor ko dikhana hai,general,information_seeking,high
Opd timings,opd,scheduling,medium
What is the process of patients admitted,general,information_seeking,high
Neet ki kon se rank par mbbs set milti hai,admissions,information_seeking,medium
Batch wise md medicine pgjr list from 2015,departments,information_seeking,medium
Cnet mai 50 marks pe admission ho jayega kya,admissions,information_seeking,high
how to get opd token,opd,information_seeking,medium
Bmlt course available h kya fees kitni h,fees,information_seeking,medium
What is hematology,general,information_seeking,high
how much time it will take?,general,scheduling,medium
Mujhe apna form fill krna hai cbt exam k liye,exams,information_seeking,medium
Hi want to book appointment for Dr sn kureel,appointment,scheduling,high
Where is pediatrician surgery building in kgmu,departments,navigation,high
Paramedical ke forms kb aayenge,courses,information_seeking,medium
Fees and elegibility,fees,information_seeking,high
currently phone no 05223539333 is not working,contact,complaint,medium
I want to do Bpt in your university,general,information_seeking,medium
list of orthopedic surgery dr. with experence,departments,information_seeking,high
I want to take admission of ot technician,admissions,information_seeking,medium
For addmission,general,information_seeking,high
Knee robotic surgery,departments,information_seeking,high
dr. Ambrish kumar head of CVTS depaartment,faculty,information_seeking,high
IS THERE MHA COURSE,courses,information_seeking,medium
Nursing officer exam kb tak hogi,exams,scheduling,medium
Phir nephrologist ko dikhane ke bad vo log dialysis ka registration kar lenge and then dialysis fix ?? Private hospitals jaisa to nahi hoga ki bar bar call karke appointment lagwao aur agar nah lagwa pao to dialysis 5 6 din late ? Aur bed kisi aur ko,appointment,information_seeking,high
Lab technician ki koi vacancy hai,career,information_seeking,high
cnet ka paper mein rank nhi aaya to bhi ho jayega admission,admissions,information_seeking,high
Kgmu nursing officers exam expected exam date,exams,scheduling,high
Sleep disk he ab sir per bhut derd lgatar he or akho se km dikh rha he kis doctor ko dikhae,general,information_seeking,high
055222258880,general,information_seeking,medium
Kaise apply kre bsc nursing ke liye,courses,information_seeking,medium
Number bhej do,contact,information_seeking,medium
Kgmu me addmition lene ke liye kya krna hoga,general,information_seeking,medium
Can I take admission in any diploma course in kgmu,admissions,information_seeking,high
hamara ek baby h 2 saal ka uska pet fula hua h or blood pani ban rha h kahi use nhi le rhe kya kgmu me le lenge kitne chance h ki bed mil kr dawa suru ho jayegi,general,scheduling,high
Mai ishi saal 12th ki board exam clear Kiya hu aur nursing ki taiyari karna chahta hu,exams,information_seeking,high
Looking appointment of Dr. S k Devedi cardiologist or Dr Ayush Shukla,appointment,scheduling,medium
List of pulmonologist with experience and charges,fees,information_seeking,high
How much crowd usually gathers in ent department,departments,information_seeking,medium
Online leave portal open nahi ho raha hai,general,complaint,high
Mujhe apni beti ko dikhana hai nero surgeon ko,general,information_seeking,high
Kya mai yaha GNM cours kar skti hu,general,information_seeking,medium
Neurologist doctor,departments,information_seeking,high
Kgmu nursing officer ka exam kab tk hoga,exams,scheduling,high
I want to get online appointment of kgmu for paediatric orthopaedic,appointment,scheduling,high
Mujhe gastroentrology dr se milna hai,general,information_seeking,high
Mphil in clinical psychology admission form 2025,admissions,information_seeking,medium
What is the fee structure of BPT,fees,information_seeking,medium
contact number for bmlt teacher,contact,information_seeking,medium
contac no. degiye,general,information_seeking,medium
Endocrinology OPD day,opd,information_seeking,high
Staff nurse ki vacancy,faculty,information_seeking,medium
Hamen cardiological department chahie,departments,navigation,high
Job of staff nurse,faculty,information_seeking,high
Carrer,general,information_seeking,high
Sir ab 31 July ko dikhana hai to kaise number prapt kre online,contact,information_seeking,medium
Today opd in open or not,opd,scheduling,medium
Ent department,departments,information_seeking,high
Bachelor of physiotherapy eligibility,admissions,information_seeking,high
Nursing officer vaccancy list,courses,information_seeking,high
Emergency mey doctor neurologist or spine ke doctor milenge,departments,information_seeking,high
How can I claim funds for Cancer treatment for a patient?,general,information_seeking,high
Vaise dialysis ka rate check Kiya to 1200+ kuch hai kgmu me koi garib kaise har hafte me do bar karayega,general,information_seeking,high
Non pg recruitment,career,information_seeking,high
मैं 12 में 66 प्रतिशत अंक प्राप्त किया था 2022 में मैं वर्तमान में अपना ग्रेजुएशन पूरा कर चुका हु मै आने वाले सत्र में DMLT कोर्स में एडमिशन लेना चाहता हु मै जनरल EWS केटेगरी से आता हु तो क्या मेरा एडमिशन हो जाएगा,general,information_seeking,high
no body is picking my call on the above no,contact,information_seeking,high
Kal nephrology opd open rhi,opd,information_seeking,high
Doctor ki fee kitne hai,fees,information_seeking,medium
paramedicals admission last date,admissions,scheduling,medium
Kuchh btaya course ke bare me,courses,information_seeking,medium
Chronomedicine,general,information_seeking,high
I want to know that admission is available for ophthalmology,admissions,information_seeking,high
Mmlt course admission,admissions,information_seeking,medium
"i am psychologist from RDSO lucknow, Minisrty of railway.",general,information_seeking,medium
Complaint kaise kare,general,information_seeking,medium
Mujhe kal ka appointment chahiye.... Neurology department me,appointment,scheduling,high
Mondal ko dr sachin milenga pulmonologist department me,departments,scheduling,high
शनिवार k opd chalu hoga,opd,information_seeking,high
लारी में ऑनलाइन अपार्टमेंट कैसे लें,general,information_seeking,medium
MSc Bioinformatics students ke liye kaunse departments me chances zyada hote hain?” “Project Research Scientist ke liye required skills kya hain?”,courses,information_seeking,medium
Oncology kya hoti hai,departments,information_seeking,high
Can u please confirm me if there's any nursing tutor vacancy that is currently valid,courses,information_seeking,medium
is there msc in cardiac care technology course,courses,information_seeking,medium
List of dr in neurology department with schedule,departments,information_seeking,high
Dr Ankit Katiyar Opd timing,opd,scheduling,high
Cannyiu name the dermatologist that I wipp.visit to,departments,information_seeking,high
Nursing ke liye koi vacancies Hai,courses,information_seeking,medium
How can I get an appointment for dr. Puneet kumar( rheumatologist),appointment,scheduling,medium
My father have a severe cardic issue i want his admission in lari cardiology centre what is the process,admissions,information_seeking,high
appointment letter verify karna ha,appointment,information_seeking,high
I have sexual pshyctric problem,general,information_seeking,high
When Gaurav chandary sit in opd,opd,information_seeking,high
admit card for multipurpose post,general,information_seeking,medium
Bsc nursing ki form kab aayega,courses,scheduling,high
Without quality admission nhi hoga?,admissions,information_seeking,medium
rheumatologist doctor list,general,information_seeking,high
Which exam to qualify for MHA in KGMU,exams,information_seeking,medium
Kgmu email od,contact,information_seeking,medium
Dental hygiene for admission eligibility,admissions,information_seeking,high
I want opd list of dr shah wahiluuah,opd,information_seeking,high
nursing officer CBT exam ?,exams,information_seeking,medium
Sir kgmu me patient kase dikhaye,general,information_seeking,medium
I want to consult to cardiologist,general,information_seeking,high
please share important previous year papers,general,information_seeking,high
Who is the Deputy Medical superintendent,faculty,information_seeking,high
Sir mujhe chest me pus bn rha hai kis department me dikhana padega,departments,information_seeking,high
Eligibility for nursing tutor post,admissions,information_seeking,medium
Result date,exams,scheduling,high
Book patient appointment,appointment,scheduling,medium
Sensitive loss can I admit in emergency,emergency,information_seeking,high
Online OPD registration,opd,information_seeking,medium
I want to know if doctor is available today or not of orthopedic surgery ki kgmu,departments,information_seeking,high
Appointment kaise le skte h,appointment,scheduling,medium
Can you tell me how can I met with head of department of critical care medicine,faculty,information_seeking,high
HOW CAN I GET ADDMISSION IN DMLT,general,information_seeking,medium
Aamtaur per aapke college mein BSc nursing karne ke liye Neet mein kitne number average laane honge,admissions,information_seeking,medium
Kaun se dr. Kl baithenge,general,information_seeking,high
Dermatologist appointment for Friday,appointment,scheduling,medium
I want to know about is there any recruitment for the post of lab technician,career,information_seeking,medium
"Please do something I have problem in my right hand smaller finger , which is fractured about one month ago by an ball accident",emergency,information_seeking,high
Opretion karana hai,general,information_seeking,high
opd registration,opd,information_seeking,medium
पैर मे चोट लगा है पिंडली मे दर्द होता है 1 महीने से,general,complaint,high
why there is so much delay in pharmacisy joining,departments,complaint,medium
i want to get admission in bpt course,admissions,information_seeking,high
Appointment book karna h,appointment,scheduling,high
Sir ot course main addmission kaise hota hai,courses,information_seeking,high
how i admiison bpt in kgmu 2026,general,information_seeking,medium
Medical Social Service Officer Gr 2 Level-6 ka result,exams,information_seeking,medium
Cpet ka exma nhi pta chal raha hai tumi bta do,general,information_seeking,medium
स्टाफ नर्स भर्ती 2025 की परीक्षा कव तक होगी,general,information_seeking,medium
How to check lab report,general,information_seeking,high
Kgmu nursing,courses,information_seeking,medium
Physiotherapy internship form,general,information_seeking,high
Sir kgmu me appointment nhi mil Raha to kya kre,appointment,scheduling,high
OPD dematment ka deen kaun hai,opd,information_seeking,high
How can I take admission in paramedical courses like bpt,admissions,information_seeking,medium
Kya aaj endocrinology ki opd hai ?,opd,information_seeking,high
Bpt ka,general,information_seeking,medium
Vacancy kb aayengi,career,information_seeking,high
BPT course admission through?,admissions,information_seeking,medium
How 2 book old ortho,appointment,scheduling,high
B.Pharma,departments,information_seeking,medium
Eligibility criteria,admissions,information_seeking,medium
blood test report,general,information_seeking,high
I've only department selection option. How can i book before I booked,appointment,information_seeking,high
If I don't have refrel letter,general,information_seeking,high
best dr. of medicine. department,departments,information_seeking,high
Mujhe tb ward me marij Bharti karana h parcha chahiye,career,information_seeking,medium
Hematology opd schedule,opd,scheduling,medium
I want appointment of sumit rungta,appointment,scheduling,high
Intership related,general,information_seeking,medium
How to get admission in bot,admissions,information_seeking,medium
Bmrit ka entrance exam kab hai,admissions,scheduling,medium
Dpt me admission kaise hoga,admissions,information_seeking,medium
Bpt courses krne ke liye entrance exam. kB hota h,admissions,information_seeking,medium
BDS courses for admission,admissions,information_seeking,high
Ent vibhag ki website kya hai,departments,information_seeking,high
Can I have any contact no.,contact,information_seeking,high
Is there a holiday on Good Friday or not?,general,scheduling,high
CAN YOU PLEASE TELL ME ABOUT DR VIRENDRA AATAM,general,information_seeking,high
I want to know about the psychiatrist in KGMU,departments,information_seeking,high
Mere patient ko admit karaye 1 week ho gye hai unki saari test report normal hai unko kb tk discharge Kiya jayega,general,information_seeking,medium
Sar Mera 10th mein 83% aaya Hai aur 12th mein 75% college Mil jayega,general,information_seeking,medium
Result 14nov 2025,exams,information_seeking,medium
Which time i fill the admission form,admissions,scheduling,medium
To kya agar seat khali rahega to mujhe college mil skta hai,admissions,information_seeking,medium
Can I apply online for my bsc nursing degree so I got it at my address,campus,information_seeking,medium
is kgmu nursing officer admit out or not,courses,information_seeking,high
Kgmu me contract based vacancy hai,career,information_seeking,medium
Kgmu bharti ki pro bharti ka admit card kaise download kare,career,information_seeking,medium
Radiology technician ka result kab aayega,exams,scheduling,high
regarding demand draft required fir special recruitment drive help line number,career,information_seeking,medium
KGMU nursing officer exam date keb aayega,exams,information_seeking,medium
Any entrance exam,admissions,information_seeking,medium
Clinical hematology opd doctor schedule..??,opd,scheduling,high
I have patient's uhid number,contact,information_seeking,high
Aur 4 April ko ?,general,information_seeking,medium
Dmlt admission Lene ke liye kya process h,admissions,information_seeking,medium
Doctor name,faculty,information_seeking,high
Cardiology ke liye yha kaun kaun se course available h..??,departments,information_seeking,high
Actually shafering from overian cancer it’s possible to admitted in urgent basis,emergency,information_seeking,high
Dr kab baithe hai kaise pata kare,general,information_seeking,high
How can fill online form,general,information_seeking,medium
Blood test report kaise download hoga,general,information_seeking,high
Today is holiday or not in kgmu opd,opd,information_seeking,medium
General Surgery,departments,information_seeking,high
where is the brochur to get to know about the eligibility criteria for m phil entrance,admissions,navigation,high
Neurology Dr. Anoop Misra day and timing schedule in opd,opd,scheduling,high
Admission krne ka process,admissions,information_seeking,high
How to talk Dr rashmi shukla,general,information_seeking,high
How can I get an admission,admissions,information_seeking,medium
ADMISSION IS GOING ON BSC NURSING,admissions,information_seeking,medium
Bpt admission process,admissions,information_seeking,medium
Who is most senior doctor at neurology department,faculty,information_seeking,high
Kya koi bhi diploma course aisa nahi jisme direct bina enterance exam ke admission ho sake,admissions,information_seeking,medium
Piliya ke accha upchar ke liye kha jaye kgmu me,general,information_seeking,high
Nursing officer exam conducted in how many days,exams,information_seeking,high
For bpt,general,information_seeking,medium
One year fees of bpt,fees,information_seeking,medium
Kgmu RCT dental charge,fees,information_seeking,high
Saturday ko gastroenterologist mai khon se doctor baithe hai,general,information_seeking,high
When will come ot technician of vaccancy,general,scheduling,high
Appointment for E.N.T doctor,appointment,information_seeking,high
Fees of nursing in kgmu,fees,information_seeking,high
Dr Lokesh Kumar appointment,appointment,information_seeking,high
Eswl treatment day,general,information_seeking,high
Can i know the last date of diploma admission,admissions,scheduling,medium
PHARMACY TIMINGS,departments,scheduling,high
Which exam i should crack for cardiac nursing in kgmu,exams,information_seeking,high
General Medicine me kl present dikhana hai,departments,information_seeking,high
Appointment for opd,opd,information_seeking,high
how to msg from nepal,general,information_seeking,medium
Mere bete ko sunne me problem hai hame genetic test kerwane hai,general,information_seeking,high
चंद्रकांता maim ki opd kis din rahati,opd,information_seeking,medium
How can I book a appointment,appointment,scheduling,high
I want to know that I am suffering from mental stress which faculty I need to go for consultation,faculty,information_seeking,high
Kgmu nursing officer exm kb tk hoga,courses,information_seeking,medium
Pharm d pb couser are available,general,information_seeking,high
I want admission,admissions,information_seeking,medium
I want to book my mother's appointment,appointment,scheduling,medium
apoiment booking,general,information_seeking,high
Please share status of online registration,appointment,information_seeking,medium
i need book appointment with Dr. Sharad Chandra,appointment,scheduling,medium
Can BSc Nursing freshers apply for this opportunity?,courses,information_seeking,medium
Who is the HOD of ENT department,faculty,information_seeking,high
BmLT admission process,admissions,information_seeking,medium
Please contact nursing department,departments,information_seeking,medium
Registration,appointment,information_seeking,medium
I need information on admission for PDCC in Interventional pulmonology,admissions,information_seeking,high
Online appointment number,appointment,information_seeking,high
i want to get admission in BMLT course,admissions,information_seeking,medium
Report cash counter,general,information_seeking,medium
B phorma kitni date KYa hai,general,information_seeking,medium
paramedical BMLT addmision date,courses,information_seeking,high
I completed my bachelor of optometry from tmu moradabad and now I want to enroll in msc optometry in your college what are the process please explain me or guide me,courses,complaint,high
Online number kese lgaye,contact,information_seeking,medium
"Endocrine surgery department test , TSH , FT4 , CALCIUM TOTAL , IONIZED ye test ki kya MRP hai kgmu hospital mei exact total price bata dijiye",departments,information_seeking,high
When will the result come?,exams,information_seeking,medium
MRI visual pathway ki report kitne din me milti hai,general,information_seeking,high
Can I get contact no. Of kgmu regarding addmission,contact,information_seeking,medium
this link not opening what i do,general,information_seeking,medium
APPOINTMENT kaise milenge,appointment,information_seeking,medium
Okay sleeping pills lete hai mere jija ji unko dikhana hai kisko dikhana shi rhega,general,information_seeking,high
I want to take appointment of best senior doctor or cardiology,appointment,scheduling,high
How to download nursing officer admit card,courses,information_seeking,medium
main apne papa ko loory mein dikhana chahta hoo,general,information_seeking,high
I need to know if I want to take admission in bsc Optometry then what is the process and fees,admissions,information_seeking,medium
I want contact number,contact,information_seeking,high
I want to take admission in bachlor of optometry,admissions,information_seeking,high
"No sir, I don't have any query regarding any medical or dental courses",courses,information_seeking,high
How to take appointment for doctor,appointment,information_seeking,high
How to take follow up appointment,appointment,information_seeking,high
Abhi is time kgmu background verification karwa rha to lagbhag kitna time lagega final list aane me,general,information_seeking,medium
Hello KGMU lucknow nursing officer 2025 ka exam kb tk ho skta h,exams,information_seeking,medium
Mujhe bpt course me chhaiye ..to admission kaise lu..,admissions,information_seeking,medium
Required appointment in plastic and reconstructive surgery OPD,opd,scheduling,high
Derma,general,information_seeking,high
Nursing vacancy,courses,information_seeking,medium
List of course,courses,information_seeking,medium
Is there any department related to dental,departments,information_seeking,high
Neurosurgeon,general,information_seeking,high
Will Dr.Rekha Sachan sit in OPD this Thursday?,opd,information_seeking,high
BPT mein admission kb honge,admissions,information_seeking,medium
Registration ki bare mein bataiye,appointment,information_seeking,medium
From where can I get the migration certificate,general,navigation,medium
ECGI 2 Delco test ka price kya hai aur ye test kaise hota hai,general,information_seeking,medium
Monday ko demartology department open rahta hai,departments,information_seeking,high
Mujhe OPD me dikhana hai,opd,information_seeking,medium
Opd date 20/03/2026 ko open rahega .??,opd,scheduling,medium
Hindi me ans. De,general,information_seeking,medium
Kya yaha b pharma course hotha hai,departments,information_seeking,high
Way to opd,opd,navigation,high
Lab Technician ki vacancy ayi hain,career,information_seeking,medium
12th pass hun koi job ho to btao,career,information_seeking,medium
Pet me dard aur latreen ki kya dawa de,general,information_seeking,high
I want job,career,information_seeking,high
Opd registration,opd,information_seeking,high
Please tell me the date of bsc nursing form issue,courses,information_seeking,medium
Kya kg m u mein degree optometry ki hoti hai aur uske sarkari from yani ki admission lene ke liye mujhe June mein iska form bharna padega iska paper July mein hoga aisi hi prakriya hoti hai kya,admissions,information_seeking,high
Professor om prakash singh retired date kya hai,faculty,scheduling,high
Registrtion pdf kaise nikale,general,information_seeking,medium
On friday of this werk what is schedule of vascular surgery,departments,information_seeking,high
Trama center kitna gate number hai,campus,information_seeking,medium
How to take addmission. Like is applications from is open?,general,information_seeking,medium
Aap sure ho dono course provide krta hai,courses,information_seeking,medium
3 April ko hone wale admit card kaise download karen,general,information_seeking,medium
Msc biochemistry is available or not?,departments,information_seeking,medium
Can you give number of some doctors in cardiology department,departments,information_seeking,high
Admit card link,general,information_seeking,medium
50R/2024 advertisement ka admit card nhi nikal rha h mera 3 April ko exam h,exams,complaint,medium
8 December 2025 ko cardiology vibhag men appointment chahiye,appointment,information_seeking,high
Kgmu nurshing officer exam city allocation,exams,information_seeking,medium
sugar specialist doctor kon hai,general,information_seeking,high
General contact information for BPT,contact,information_seeking,medium
Sir I want to do a councelling season for myself,general,information_seeking,medium
how can i book appointment,appointment,scheduling,medium
Kgmu nursing officer 2025 vacancy exam date,exams,scheduling,medium
Dental Hygiene ka admission kaise hota hai,admissions,information_seeking,medium
How to get admission for bsc radiology,admissions,information_seeking,medium
How can freshers take intership in kgmu for Radiology,departments,information_seeking,high
website isnot opening from here,contact,information_seeking,medium
Kgmu nursing officer ka exam kab tak hoga,exams,scheduling,high
Hi mujhe gathiya ka ilaj karana hai,general,information_seeking,medium
In the courses section there is only BPT no MPT is showing is it really available or not,courses,information_seeking,medium
Mujhe neuro sergen k liye appointment lena h..,appointment,scheduling,high
2ed shift,general,information_seeking,medium
I have injury on my knee..and i want an appointment for orthopedic doctor,appointment,information_seeking,high
Bachelor of physiotherpy admission,admissions,information_seeking,medium
"2025 oct, MPhil clinical psychology",general,information_seeking,high
Cancer patient ko dikhana hai,general,information_seeking,high
डीओटीटी,general,information_seeking,medium
Kya ward boy job ki vacancy available,career,information_seeking,medium
Mental health jobs,general,information_seeking,high
Please do inform me,general,information_seeking,medium
Kgmu nursing officer k exam kb tk hoga,exams,information_seeking,high
Bsc nursing admissions,admissions,information_seeking,medium
April ki sarkari chutii jis din opd bandh rahega 2026,opd,information_seeking,medium
Direct admission ho jayega kya,admissions,information_seeking,medium
Bsc nursing kay liye kgmu main training,courses,information_seeking,medium
Bpt ki fee kitni hai,fees,information_seeking,medium
एडमिशन के लिए kgmu कॉलेज का नंबर दीजिएगा,general,information_seeking,medium
Mujhe appointment leni hai,appointment,scheduling,high
It's showing error,general,information_seeking,high
Application form for bpt 2026,general,information_seeking,medium
"Kal ka appointment chahiye , please help me",appointment,scheduling,medium
Today date is 26 march 2026 opd khulegi ya nahi,opd,scheduling,high
What is the fees for paramedical courses like bachelor in physiotherapy what is the fees,fees,information_seeking,high
Urology opd timing,opd,scheduling,high
Okay what was last year cutoff like 2025 ka,admissions,information_seeking,medium
Munh Mein cancer hai,general,information_seeking,high
MA Clinical Psychology entrance exam 2026,admissions,information_seeking,medium
is it available for the students of other state,general,information_seeking,medium
bsc nursing fees structure,fees,information_seeking,medium
Mera ek mdr tb ka patent hai jiska treatment chal raha hai.uski medicines khatam ho gayi hai usko kaise mangwa sakte hai.pls help,general,information_seeking,high
Mujhe gesto mein dikhana hai to kaun se doctor Sahi rahenge,general,information_seeking,high
Please give me doctor Sudheer Mishra contact number,contact,information_seeking,high
Book my vaccine yellow fever,appointment,scheduling,medium
April 3rd which exam is their,exams,information_seeking,medium
Kgmu dean,faculty,information_seeking,high
Can you provide price list for govt employees,general,information_seeking,medium
10th and 12th merit base par kis kis mai admission ho sakta hai,admissions,information_seeking,medium
Bsc rediolgy,courses,information_seeking,medium
Kgmu me addmission kab hota hai,general,scheduling,medium
OT me admission ke liye kya karen,admissions,information_seeking,high
Outsource pharmacist ki job,departments,information_seeking,high
Dr.sumit rungta ji kis din baitte hai,general,information_seeking,high
Op Singh professer ke bare me btaiye,general,information_seeking,high
Cut certificate,general,information_seeking,medium
Can you please provide me information regarding internship in optometry,general,information_seeking,high
Ok kya aaj doctor imran rizvi milenge,general,information_seeking,high
I am unable to find the number.,contact,navigation,high
i am still not able to find the contact for the Examination cell,exams,navigation,high
Orthopedic,departments,information_seeking,high
Sr. Dr time table,general,information_seeking,medium
Msc nursing ka form kab tak aayega,courses,information_seeking,medium
Dmlt courses band ho gya hai?,courses,information_seeking,medium
Oral doctor in opd on which floor,opd,navigation,high
Kgmu pharmacist result 2025,exams,information_seeking,medium
Fastula,general,information_seeking,high
Nursing tutir vacancy,courses,information_seeking,medium
I want to take admission in dmlt diploma i qant to know whole detail with fee and admission process,admissions,information_seeking,medium
Tell about mha date of entrance examination and application availability 2026,admissions,information_seeking,medium
Mujhe registration karana marij ko,appointment,information_seeking,medium
Muje parcha lagana h,general,scheduling,medium
Neurology me dekhana h,departments,navigation,high
I want to know is there bpt course available or not,courses,information_seeking,medium
यारों ऑफिस में गया था वह आपने कहा अपने डॉक्टर से पेपर बनवा है सर डॉक्टर हमारे पर बहुत गुस्सा है क्योंकि हमने लड़की चिल्ला रही थी तो हमने पलक खटखटाना लगा इसलिए बहुत हमारे पर डाटा हमसे कहा तुम बेवकूफ हो अल्लाह क्यों खटखटा रहे हो हमारी बेटी चिल्ला रही थी इसलिए हम पलट काटे थे उसने कहा हम कुछ नहीं कर सकते हैं अब अपने आप पैसे लगाओ और दबा कर आई लीजिए उसे छुट्टी का कागज ले लो अपने घर जाओ डॉक्टर कह रहे हैं छुट्टी का कागज को अपने घर को जाओ,general,complaint,high
KGMC medical college mein post basic BSc nursing ka Kitna seat hai,admissions,information_seeking,medium
I want to ask you something about college seats allotment,admissions,information_seeking,medium
what is the procedure to take admission in kgmu,admissions,information_seeking,medium
Sab mile hai KGMU me,general,complaint,medium
kya is samay koi vacancy ayi hai computer operator ki?,career,scheduling,high
I want to visit your hospital,general,navigation,medium
Assistant professor,faculty,information_seeking,medium
Kgmu fess for peramedical students bsc optometry kr liye,courses,information_seeking,medium
Neuro surgeon opd timing of Friday,opd,information_seeking,high
How to take OPD appointment,opd,scheduling,high
Is opd open tomorrow?,opd,scheduling,medium
Kgmu nursing officer exam as I filled form in 2025 and now it's 2026,exams,information_seeking,medium
Shailendra Kumar yadav sir kis department me milte hai,departments,information_seeking,high
Book my oponment,appointment,information_seeking,high
dr.sujita kumar kar kon se din opd dekhte hai,opd,information_seeking,high
Dmlt ke intrance exam kb tk honge,exams,scheduling,medium
When will MHA admission form start,admissions,scheduling,medium
Kgmu pharmacy 2025 ka paper kb tak hoga,exams,information_seeking,medium
"hello, when will the institute begin admissions for MPhil Clinical Psychology 2025?",admissions,scheduling,medium
Diploma in cardiology form,departments,information_seeking,high
Sujita kumar kar pure weak baithe h,general,information_seeking,high
Is any dr in urology department is Available on Wednesday 28 jan,departments,information_seeking,high
Batao,general,information_seeking,medium
Gnm ke kase apply,career,information_seeking,medium
I want to get admission in your reputed university in bsc nursing,admissions,information_seeking,medium
i have to submit form by hnad in the collgeg regarding NON PGJR Cardiology,departments,information_seeking,high
I can't find information about bpt on your website,contact,information_seeking,medium
I need supervisor number for complaint regarding appointment staff,appointment,complaint,medium
Bsc Radiology fees structure,fees,information_seeking,medium
How to make online OPD card,opd,information_seeking,high
Msc nursing ka एडमिशन लेना ह,courses,information_seeking,medium
please share tollfree no for booking apointment in opd,opd,scheduling,medium
RFA cost,fees,information_seeking,high
Hello sir mere ko DMLT ke baare me jankari bata do,general,information_seeking,medium
how do i select the speciality for example psychiatry,exams,information_seeking,high
Mujhe apni apni wife ka orthopedic oncology se ilaaj krana h dr shelinder se kb opd mil skti h..,opd,scheduling,high
Ot technician,general,information_seeking,high
Bsc nursing mien admission lene ke liye kya krna padwga,admissions,information_seeking,high
Main KGMU se dmlt Krna chahti hu,general,information_seeking,medium
Admisson councler ka no dijiye,general,information_seeking,medium
Mam mughy dmlt Krna mughy btaeye ki dmlt ka form kb se niklega,general,information_seeking,medium
Ultrasound kis jgha hota hai,general,information_seeking,high
Kgmu orthopaedic department me private room charges,fees,information_seeking,high
How i can take admission in DPT,admissions,information_seeking,high
Dr. Rajkumar Maurya,general,information_seeking,high
I want to take appointment for dental check up,appointment,scheduling,high
Kya ham online opd me appointment book kr sakte hai,opd,scheduling,high
Recruitment related queries,career,information_seeking,high
Mujhe opd m urology ka number lgvana h,opd,scheduling,high
Cardiology tecnician ki vacancy kb niklegi,departments,information_seeking,high
Are you pyschopathy,general,information_seeking,high
App link,general,information_seeking,medium
Bhai please batao na jaise mai entrance du paramedical ka aur uske through mujhe aapke college mey diploma in cardiac technology mil sakti hai,admissions,information_seeking,medium
Registration for ug courses are open or not,appointment,information_seeking,medium
Bpt admission kaese le,admissions,information_seeking,medium
Finally notice kab tak aati hai,general,information_seeking,medium
बच्चे को दिखाना ह,general,scheduling,high
Book appointment in opd,opd,scheduling,high
Medical,general,information_seeking,high
No one is picking call please help,contact,emergency,high
Need appointment in LARI,appointment,scheduling,high
Opd scheduled,opd,information_seeking,high
Fee structure of msc nursing at kgmu,fees,information_seeking,high
Non PG JR Position?,general,information_seeking,medium
I want to take admission in mphill,admissions,information_seeking,medium
"I am studying at masters surgery, when I will get vacations?",departments,information_seeking,medium
When will be the forms out for kgmu paramedical admissiion,courses,information_seeking,medium
Department of gastroenterology,departments,information_seeking,high
Is there bsc in microbiology in this College,departments,information_seeking,medium
PATIENTS HISTORY,general,information_seeking,medium
BSc nursing allotment ho gaya hai kya cal admission sel khula rahega,admissions,information_seeking,medium
When admission form will be released?,admissions,scheduling,medium
Kgmu nursing office ki admit card kb tk aayega,courses,information_seeking,medium
Msc exam entrance test,admissions,navigation,medium
mujhe koi bhi update aaye to mujhe milta chahiye aisa koi contact details do,contact,information_seeking,medium
Fibrid ka best treatment,general,information_seeking,high
Kgnu dermatology post graduation student list 2025,departments,information_seeking,medium
Post basic bsc nursing ka course hota hai ?,courses,information_seeking,medium
Hod of pediatric Orthopedics,faculty,information_seeking,high
"i have alloted a md curse , i aleady took admission now i want to know about joining dates",admissions,information_seeking,medium
Kitni post hain nursing tutor kiii,courses,information_seeking,medium
Calling in,general,scheduling,high
What is the process for hair transplant,general,information_seeking,high
Kya present time me Koi computer operator ki vacancy nikli hai,career,information_seeking,medium
Hamen yellow fever lagwana hai kya aapke pass available hai,general,information_seeking,high
How can i get admission in BPT Cousre,admissions,information_seeking,medium
Diploma ka first assessment exam hoga 2025 batch ka,exams,information_seeking,medium
Bsc in radiology admission process,admissions,information_seeking,high
Hlo mai kgmu me BOPTOM course Krna chahti hu,courses,information_seeking,medium
Mujhe ye pata karna tha mera mareej waha admit hai general ward me me ushe private ward me karna chatha hu kyaa mujhe charges starting se dena hoga ushka ya jis din se waha sift hoga ush din se,fees,information_seeking,medium
Eye specialist?,general,information_seeking,high
Darasal mujhe apke bhai ka pair dikhna hai,general,information_seeking,high
Form apply for dmlt,career,information_seeking,medium
Kis subject se kitna quistion puchhta jata hai,general,information_seeking,medium
I meant from any other site because ors.gov.in is not working,appointment,complaint,medium
how many courses offer in kgmu,courses,information_seeking,medium
I want to visit hospital for hypertension,general,information_seeking,high
Medical gastrology OPD day,opd,information_seeking,high
“ APPLY ONLINE AGAINST Pre-Conception and Per-Natal Diagnostic Techniques Examination 2025”,exams,information_seeking,medium
Cardiology mein Saturday ko kis doctor ki OPD hai,opd,information_seeking,high
Kha pr kyese kare dekhe hp nhi rha,general,information_seeking,medium
price of pap smear,general,information_seeking,high
Anesthesia admission process,admissions,information_seeking,high
Hlo hm ki appointment lena tha,appointment,scheduling,high
Govt krna hai,general,information_seeking,medium
I admission in BSC nursing how,admissions,information_seeking,medium
Nhi ho Raha hai,general,information_seeking,medium
Dr.sharad chandara ka appointment chahiye,appointment,scheduling,high
cms ed me addmission ho rahe hai,general,information_seeking,medium
Where to contact regarding recruitment of kgmu,career,navigation,high
Opd neurology,opd,information_seeking,high
Teaching staff,faculty,information_seeking,high
Bsc ot ka kitna fees hai,fees,information_seeking,medium
Admit card of non teaching post,general,information_seeking,high
Who is senior doctor of gastroenterology,faculty,information_seeking,high
I was check the website of kgmu but here is not any information about the exam date,exams,scheduling,high
Bhakander ke doctors,general,information_seeking,high
DMLT entrance exam syllabus,admissions,information_seeking,high
Kgmu me pement compilation kaise kare,general,information_seeking,medium
Non clinical post website,contact,information_seeking,medium
Dr Ashish ke baare me orthopedic surgery ke baare me,departments,information_seeking,high
Is kgmu offers mns course accordingly neet result ?,admissions,information_seeking,medium
ओपीडी में अगर देखने का टाइम,general,information_seeking,high
Pharmacist ki vacancy aayi hai kya,departments,information_seeking,medium
Details,general,information_seeking,high
how to get admisson in BPT course,courses,information_seeking,medium
But Friday appointment done,appointment,information_seeking,high
Hi have to do the breast check and treatment for that I want to take dr appointment,appointment,scheduling,high
Kai jagah yah detail hai ki pathology report kgmu.online Jo website hai vahan per mil jayegi sari report lekin kijiye munh dot online jo hai vah to uska domen ka Ishu hai vah to website khul hi nahin Raha 404 error de raha hai,departments,complaint,medium
Mujhe lari ki opd online booking chahiye,opd,scheduling,high
Admission exam hota h ?,admissions,information_seeking,medium
I can't find a link to register or book an appointment,appointment,scheduling,medium
application form kab aayega,general,information_seeking,medium
MD. Medicine,departments,information_seeking,high
B optometry registration date kab aayega,appointment,information_seeking,medium
As a patient kgmu guest house me room mil skta hai,general,information_seeking,medium
How can I download my blood test report,general,information_seeking,high
Radiographer technician farm fill k last date btao details,general,scheduling,medium
I tried but no luck,general,information_seeking,high
BSc nursing ke liye apply karna hai,courses,information_seeking,medium
कान दर्द कर रहा है,general,information_seeking,high
Appointment lena hai neurology,appointment,information_seeking,high
Book appointment dr Gaurav Chaudhry,appointment,scheduling,medium
How can i book my opd,opd,scheduling,medium
Kgmu dental technician,general,information_seeking,high
What is the admission process for B.Sc Nursing?,admissions,information_seeking,medium
"Mera UHID kaam nahin kar raha hai , koi bhi new appointment kisi bhi vibhag me nahin ho pa Raha hai",appointment,information_seeking,high
Mujhe dmlt course mein direct addmission mil sakta hai,courses,information_seeking,medium
I need QR to scan for token generation,general,information_seeking,high
KGMU radiographer results 2025,general,information_seeking,medium
admit card for nursing officer,courses,information_seeking,medium
Nhi open h link,general,information_seeking,medium
Not open,general,scheduling,high
when is admission to pdh program 2025,admissions,scheduling,medium
Bpt me admission kaise milegaa,admissions,information_seeking,medium
"Hello, i needed some information regarding admissions",admissions,information_seeking,medium
Vaccancy nursing officer,courses,information_seeking,medium
राम सेंटर का हेल्पलाइन नहीं हमको नई बिल्डिंग ओपीडी के यारों का नंबर दीजिए,general,information_seeking,medium
Mughe punnet kumar rhemotolagy se dikhana hai,general,information_seeking,medium
How to become bsc rediolgy after 12 in your university,courses,information_seeking,medium
For allied health courses,courses,information_seeking,medium
Kgmu dwara kaun sa e am conduct kraya Jatan h,general,information_seeking,high
Ep study fees,fees,information_seeking,high
I nursing officer exam kab hoga,exams,scheduling,medium
DPT to bpt,general,information_seeking,medium
Ot assistant selected candidate list kb tkk aayegi,general,information_seeking,medium
Ky paramedical me addmission marit list pe higa,courses,information_seeking,high
neurology doctor ko dikhana hai,departments,information_seeking,high
the above link is not working,general,complaint,high
Please send apply link,career,information_seeking,medium
admission for bpt,admissions,information_seeking,medium
Patient online report my mom,general,information_seeking,medium
Can I email this so that I can get treatment quickly?,contact,information_seeking,high
Lekin mujhe balo ki samasya hai mere sare Baal chale gaye hain alopecia areata ho gaya hai,general,information_seeking,high
Kya kal opd khuli h KGMz,opd,scheduling,high
want to take admission in b.sc nursing,admissions,information_seeking,medium
Fibroscan test rate,general,information_seeking,medium
12 ke baad upums se ho jaye to or acha h,general,information_seeking,high
"I am student of Kgmu college of nursing. Earlier, information was collected from us regarding the hpv vaccine, we have not received any further update or information about since then.",courses,information_seeking,high
Short Term appointment for S.R. (Un-reg.) & Non PG JR Walk-in-interview on 03rd July 2025. https://www.kgmu.org/upload_file/user_download/68f46dd99901313cb883c7d7bcc5a20c.pdf,appointment,scheduling,medium
Bsc nursing 4years course karna he kgmu se,courses,information_seeking,medium
Medical Welfare officer,general,information_seeking,high
When will admission open for Bsc radiology?,admissions,information_seeking,medium
My brother name Mohammad Imaran Ali,general,information_seeking,high
What is tha fee of bsc nursing in kgmu of 4 year by upcnet exam,exams,information_seeking,medium
Kgmu nursing officer ka Exam kab hoga,exams,scheduling,high
I want to join ph.d what's the process,courses,information_seeking,medium
Result for non teaching post,exams,information_seeking,medium
How to book an appointment for gastro opd.,opd,scheduling,medium
I’m looking for Critical care nursing course,courses,information_seeking,medium
Kya B optometry hota h yaha,general,information_seeking,medium
Mujhe nursing tutor ke post k liye apply karna tha,courses,information_seeking,medium
ऑनलाइन पर्चा अपॉइंटमेंट कैसे kre,general,information_seeking,medium
when is Kgmu Nursing exam,exams,scheduling,high
OPD ke liye keya karna padta he ji,opd,information_seeking,medium
Where I get 5 th floor patient records,general,navigation,high
Orthopedic opd dr list,opd,information_seeking,high
BMLT me Admition मेरिट लिस्ट पर नहीं होता है अगर होता है तो कैसे बताइए,general,information_seeking,medium
What is time for pg on OT day og MD anasthesia,courses,scheduling,high
This link is not found showing,general,information_seeking,medium
Physiotherapy course admission kabse start hai,admissions,information_seeking,medium
Dr ambuj yadav ki opd kab hai,opd,information_seeking,high
Bmls fee structure,fees,information_seeking,medium
Kgmu nursing officer 2026 syllabus,exams,information_seeking,medium
Dr name share me pls,general,information_seeking,high
How I downloaded pyq paper for nursing officer kgmc vacancy,exams,information_seeking,medium
eligibility,admissions,information_seeking,high
Mujhe online appointment leni hai,appointment,scheduling,high
Mere yellow parcha khoo gya h,general,information_seeking,high
Koi number available ni h,contact,information_seeking,medium
Ent doctors sedule,departments,information_seeking,high
Dandruff problem,general,information_seeking,high
And blood agar kabhi blood kam hua to transfusion hoga to vo blood free me ya kitne ka milega ? And iron epo ke injection lagenge ? To vo kitne ke ?,general,information_seeking,high
क्या कल ओपीडी खुला रहेगा,general,scheduling,medium
Maine check kiya websites open krke but not found aarha hai,general,scheduling,high
Kitne marks aane chaiye upcnet me 2026 me qualitative ke liye kgmu me,general,information_seeking,high
As a patient room mil skta hai,general,information_seeking,medium
Hii OPD will be open on Monday 2March 2026?,opd,scheduling,medium
How do I pay for online appointment,appointment,scheduling,medium
Please send test report online website link,contact,information_seeking,high
Are the admission in bmls course still open?,admissions,scheduling,medium
What process after booking online appointment?,appointment,scheduling,medium
Looking at admission for M.Phil in clinical psychology,admissions,information_seeking,medium
I want to know about contractual vacancy,career,information_seeking,medium
How can we apply for dmlt course as ug student,courses,information_seeking,high
मुझे ओपीडी जाना है,general,navigation,high
In bsc radiology,departments,information_seeking,medium
The admission process,admissions,information_seeking,medium
Can i directly visit the hospital after getting my ors appointment,appointment,scheduling,medium
Mujhe BMRIT me admission Lena h,admissions,information_seeking,medium
Mujhey doctor ki jankari cahhiye,general,information_seeking,high
माइक्रोबायोलॉजी रिपोर्ट,general,information_seeking,high
I want to register in opd on monday in chest department,opd,scheduling,high
Name MOHAMMAD IMARAN ALI WARD GANDHI WARD,general,information_seeking,high
Sir diploma in Dental highgnic ke from kab tak aayege,courses,information_seeking,medium
Admission for bpt,admissions,information_seeking,medium
As health city hospital,general,information_seeking,medium
Just The M.S. office number for job interview,career,information_seeking,high
Receptionist post ki final selection list aa gyi?,general,information_seeking,medium
03/04/2026ko opd open hai ya close,opd,scheduling,medium
Online report kaise download kre,general,information_seeking,high
Hi walk in interview for nursing Tutor on 25 July 2025 Is postponed ? What is the next available date of interview please update asap,courses,scheduling,medium
nursing staff ka admit card kab aayega,faculty,scheduling,medium
Tb department.doctor name is not clear on prescription.,faculty,information_seeking,high
Please tell me whom I need to mail for this and what is the email ID.,contact,information_seeking,high
I want to know that department of Dermatology,departments,information_seeking,high
Can u plz tell me about the contract base nursing tutor vacancy in kgmu nursing college,courses,information_seeking,medium
I have emergency case of nurologist,emergency,information_seeking,high
Gastro department mein budhwar ko कौन-कौन doctor baithte Hain,departments,scheduling,high
I like book appointment,appointment,scheduling,medium
I want my result for programmer post,exams,information_seeking,high
MBBS admission process,admissions,information_seeking,medium
opd me dikhana hai,opd,information_seeking,medium
Cpnet or up cpet,general,information_seeking,medium
tooth extraction,general,information_seeking,high
I need to know the holidays in kgmu,general,information_seeking,high
Nursing officer syllabus,exams,information_seeking,medium
Is there is any lab technician vacancy,career,information_seeking,medium
BLS course,courses,information_seeking,high
Mujhe ye janna tha ki ultrasound ke liye kaun sa course hai vha,courses,information_seeking,high
ऑनलाइन अप्वाइंटमेंट कैसे लें,general,scheduling,high
Pcpndt form,general,information_seeking,high
Nursing officer exam admit card,exams,information_seeking,medium
Recruitment 2026 for assistant professor public health community medicine department,faculty,information_seeking,medium
मैं लखनऊ से बाहर का हूं मेरे पास रेफरल नहीं है तो भी मै डॉक्टर को दिखा सकता हूं,general,information_seeking,high
Aaj Sam mey jae to doctor mil jaenge,general,information_seeking,high
Gravience portal live hai but results not available,general,information_seeking,high
how to apply for bcs in physiotherepy,career,information_seeking,medium
ORS portal is not responding from 15 days,general,complaint,high
Procedure for opd registration,opd,information_seeking,high
Abhi admission ho rahe h ya nahi ?,admissions,information_seeking,medium
what uniform for bsc nursing student please explain,courses,information_seeking,high
Can I get admission in paramedical,admissions,information_seeking,medium
Admit card kaise download kre,general,information_seeking,medium
if i want to take admission in bachelor of physiotherapy then how i can get admission in kgmu ?,admissions,information_seeking,medium
Book an appointment with Dr. SHARAD CHANDA CARDIO LARI,appointment,scheduling,high
Kya CUET paper Dene k baad mai yaha se bsc radiologist kr shakta hu,exams,information_seeking,medium
where can i complain regarding kgmu,general,navigation,high
KGMU institute number,contact,information_seeking,high
Mujje narshing course karna hai please feec btaiye,courses,information_seeking,medium
I need contact number of doctor Rajkumar,contact,information_seeking,high
Ent department schedule,departments,scheduling,high
Kgmu vacancy for nursing tutor and nursing assit profesor,courses,information_seeking,medium
admission process,admissions,information_seeking,medium
Gynaecology monday opd doctors name,opd,information_seeking,high
Pro? Means in hindi,general,information_seeking,medium
Online discharge,general,information_seeking,medium
Mam pharmacy ke liye apply karna tha,departments,information_seeking,medium
Lari hospital kgmu lucknow ka appointment lene ke liye helpline number chahiye,appointment,information_seeking,high
Sir gandhi ward mai hi hui thi death lakin kaafi time ho gya hai to kya hospital se mil sakta hai,general,scheduling,high
4. Diploma in Psychiatric/Mental Health Nursing,departments,information_seeking,medium
Tell me about the course,courses,information_seeking,medium
Where did I find bpt course admission,admissions,information_seeking,medium
I want to take admission in paramedical course,admissions,information_seeking,medium
Hi hello let me know how to do bsc nursing from kgmu,courses,information_seeking,medium
Kgmu me gastroenterologist ke best doctor kaun hain,general,information_seeking,high
मुझे ऑप्टोमेट्री में bsc करना है,courses,information_seeking,medium
i want to know how many beds in KGMU orthopedics centre lucknow,departments,information_seeking,high
Mujhe eye donet karna hai kese kare,general,information_seeking,high
Appointment kaise le online,appointment,scheduling,high
My appointment on 6 june so what I can do for opd,opd,scheduling,high
Where to apply for permanent degree of mbbs,courses,information_seeking,medium
admission in para medical,admissions,information_seeking,medium
no for recruitment form apply new registration,appointment,information_seeking,medium
Dr Puneet Kumar kaun se din,general,information_seeking,high
KGMU results kaise check kre,general,information_seeking,medium
Dmlt 2026,general,information_seeking,high
Kgmu nsg officer expected exam month,exams,information_seeking,high
I want to apply for may degree I had passed my bsc nursing in 2024 april,courses,information_seeking,medium
केजीएमयू जो टेस्ट रेट,general,information_seeking,high
2026 ki cut off kitni hogi nursing ki,admissions,information_seeking,medium
14 nomvober ma jo paper hua tha usaka answer key kb tha aaya ka pharmacist ka,exams,information_seeking,medium
Muze staff aur students ke bare me rule jane hai kya was aap loga ki line me hart apna treatment Kara sakte hai,faculty,information_seeking,high
looking for nursing program,courses,information_seeking,medium
physiotherapy,general,information_seeking,medium
Kya up cnet se KGMU BSC nursing ka admission hota hai,admissions,information_seeking,high
Kgmu me koi autism me bhi doctor hai,general,information_seeking,high
Registration fee,appointment,information_seeking,medium
Can you tell me email of cms,contact,information_seeking,high
net ke marks par,general,information_seeking,medium
Cardiyoloji bhibhag me apament chahiye,general,information_seeking,high
DOTT me admission?,admissions,information_seeking,high
For i want aappointment,general,information_seeking,high
Id card form,general,information_seeking,medium
I want to take appointment of dental issue,appointment,scheduling,high
Anesthesia tech ke job,career,information_seeking,medium
"My cousin she is 16 years old facing a emotional trauma wants to consult with psychiatrist in KGMU,so we need an appointment",appointment,scheduling,high
Isme kisi bhi din aa skte hai.,general,information_seeking,high
Nursing officer form last date 2026,courses,information_seeking,medium
Xray radiographer result 14november 2025,exams,information_seeking,medium
Bachelor of physiotherapy admission,admissions,information_seeking,medium
Admission in bpt course,admissions,information_seeking,medium
nursing office exam date,exams,information_seeking,medium
Urgently needed O-ve blood group,general,emergency,high
Kgmu 2025 cho ka admit card kab tak aayega,general,scheduling,medium
Main OTT karna chahta hu kya karu,general,information_seeking,high
Why I want to know that about results,general,information_seeking,high
Ham is samay new PD mein hain,general,navigation,medium
मुझे अपने 5 साल की बच्ची के दांत दिखाना है किस डिपार्टमेंट में जाना होगा,general,information_seeking,high
Hello dmlt ka from kab aayega,general,information_seeking,high
when do admissions for bpt start,admissions,scheduling,medium
How to know peramedical program asddmition,courses,information_seeking,medium
Kal OPD khulega ya nhi kal Sunday hai,opd,information_seeking,medium
Aap ke pass kon se courses available hai 12 pcb mein,courses,information_seeking,medium
Radiotechnician which tume form fill 2026,general,information_seeking,medium
Opd qr code,opd,information_seeking,high
Need death certificate,general,information_seeking,medium
Urologist ka appointment lene ke liye apply,appointment,scheduling,high
PGDLMT course,courses,information_seeking,medium
"वहां मुफ्त दवाई मिल जायेगी, किसी भी मोबाइल से अपॉइंटमेंट मिल सक्ता है, क्या",general,information_seeking,high
Maine arthritis department me dr.abhishek maurya ko opd.me dikhaya tha...jo dawa unhone likhi h wo medical store wale ko samajh nhi aa rhi h kya aap mujhe bataa sakti h...mai door se hu,opd,information_seeking,high
De-addiction clinic,general,information_seeking,high
Bina neet dihe hu admission ho sakta hai hindi mai bataye,admissions,information_seeking,high
Online Registration,appointment,information_seeking,medium
Is your college provide physiotherapy via neet score,admissions,information_seeking,medium
How may I get appointment in gastroenterologist kgmu,appointment,information_seeking,high
Paramedical me BMLT,courses,information_seeking,medium
Nursing officer Pariksha 2026 kab hoga,exams,scheduling,medium
Diploma in ott,courses,information_seeking,medium
Doctor acche Di kis din hoti hai,general,information_seeking,medium
Mujhe mri technician ki training krni thi,general,information_seeking,medium
When the kgmu nursing officer exam admit card released,exams,scheduling,medium
When I get admission form for 2026 d pharm,admissions,scheduling,medium
skin opd kab hoti hai,opd,information_seeking,high
To phir thik hai vaise aap koi web ki link ya koi jankari de skte dialysis ki cost ki vo aur janna hai baki sab fix,fees,information_seeking,high
Sports medicine,departments,information_seeking,high
Ot technician vacancy 2026,career,information_seeking,high
Omfs course fee per annum,fees,information_seeking,high
Opd appointment phone no.,opd,scheduling,high
Are admission open in the University,admissions,scheduling,medium
Mere cervical pain hai to kisse dikhana chahiye,general,information_seeking,high
Nursing officer emam date 2025,courses,scheduling,medium
To resistance date to nikal gai,general,information_seeking,medium
3 April ko jaana tha yaar mujhe..opd me,opd,scheduling,medium
Kya mere addmission bsc nursing me ho skta h,courses,information_seeking,medium
Does the lari opd is open tommorow,opd,scheduling,high
Lab technician jobs,general,information_seeking,medium
Ent opd location kya hai,opd,navigation,high
Can you tell me that when kgmu entrance form for DmLT 2026,admissions,information_seeking,high
Sir mere bacche ki पेनिस khul nhi Rahi hai aur bachpan me dhyan nhi diya to thodi si खाल चिपक गई,general,information_seeking,high
Dr Prashant Thandi OPD kis din dekhte hai,opd,information_seeking,medium
ADMIT CARD DOWLOAD,general,information_seeking,medium
Me kaise dikhaya,general,navigation,high
Diploma in physiotherapist,courses,information_seeking,medium
"I am in rohtak haryana , this us too far from my home . So it's difficult to me to go directly",general,information_seeking,high
Heart ki dhadkan sunai deta hai 3sal se gale me phadphati hai,general,information_seeking,high
Dr. Vishwajeet singh ki opd kab hoti hai,opd,scheduling,high
Is there a course bachelor of physiotherapy,courses,information_seeking,high
Dental Hygnist form kub aye ga admission ka,admissions,information_seeking,high
Bsc nursing ke requirement,courses,information_seeking,medium
Kgmu mai admission ke liye cnet mai kitne num hone chahiye,admissions,information_seeking,medium
Call kitne bje ke bad kru,contact,scheduling,medium
Dental hygienist course,courses,information_seeking,medium
Any recruitment for nurses ?,career,information_seeking,high
Kya KGMU LUCKNOW me BMLT course available hai ?,courses,information_seeking,high
Basic laboratory techniques,general,information_seeking,medium
How to book appointment for opd at qmh,opd,scheduling,high
Nahi mera Mtlb hai infected pateint ki dialysis hoti hai nah kgmu me ? And iska rate,general,information_seeking,high
3 teno option nhi ho raha hai,general,information_seeking,high
Pediatric resident doctor,departments,information_seeking,high
do you provide internship oppurtunity to the BTECH biotechnology students,general,information_seeking,medium
Where i download my test report,general,information_seeking,high
Is admissions open?,admissions,information_seeking,medium
Can expired opd card to renew,opd,information_seeking,medium
Opd appointment book kerna hai,opd,scheduling,medium
Plastic surgery department ki OPD me dhikane ke liye kya process hai,opd,information_seeking,high
Online book ho gya tha pr payment ni hua,appointment,information_seeking,medium
"I want to take admission in bpt KING GEORGE'S MEDICAL UNIVERSITY INSTITUTE OF PARAMEDICAL SCIENCES, LUCKNOW please help",admissions,information_seeking,high
Form aaya hn yh nahi,general,information_seeking,medium
KGMU exam kab hoga,exams,scheduling,high
BPT ke liye kaise admission hoga,admissions,information_seeking,medium
Exam date of Nursing officer in kgmu,exams,scheduling,medium
Wednesday opd in dermatology,opd,information_seeking,high
pro contact number,contact,information_seeking,high
What are the courses for ug,courses,information_seeking,medium
Opd kab khulegi,opd,scheduling,high
Dmlt ka jo from h merit list pr kb ayega,general,information_seeking,medium
Bpt admision process,general,information_seeking,high
Dr satendra sonkar,general,information_seeking,high
Mujhe bpt course ke baare me btao,courses,information_seeking,medium
Online OPD booking,opd,scheduling,high
Endocrine department kis building me hai,departments,navigation,high
When did nursing officer exam will be conduct?,exams,scheduling,medium
Kya is university me 12 keep merith ke adhar per medical course milta hai,courses,information_seeking,high
I want to know about bsc in radiology course,departments,information_seeking,high
Kgmu pharmacist exam result 2025,exams,information_seeking,high
nursing officer exam,exams,information_seeking,high
Please neurology,departments,information_seeking,high
Book my opd appointment,opd,information_seeking,high
Registration for exam,appointment,information_seeking,medium
Kl open hai opd,opd,information_seeking,high
8887019134,general,information_seeking,medium
Sir i want my report,general,information_seeking,medium
I want to know about how to get seat for bsc. Radiology at kgmu,admissions,information_seeking,medium
Opd ki list de skte ho pulmonary department ki,opd,information_seeking,high
Job for pediatric dentistry,departments,information_seeking,high
मुझे आर्थोपेडिक हॉस्पिटल में कंसल्ट करना है,general,information_seeking,high
Mujhe addmission chahiye,general,information_seeking,medium
Where to go to opd in surgery department,opd,navigation,high
Admin process kya h,general,information_seeking,medium
Professor narendra singh kushwah 15 tareekh ko baithenge opd me,opd,information_seeking,high
Dr. Arun Sharma ki OPD kis din lagti Hai,opd,information_seeking,high
Kal opd open hai,opd,scheduling,high
I Want know abhi Nursing Tutor Vacancy,courses,information_seeking,medium
I want book old appointment,appointment,scheduling,medium
Is opd open on 24/11/2025,opd,scheduling,high
Kya kgmu me gynaecology hai,departments,information_seeking,high
Sir kgmu staff nurse ka exam kb tk hogaa please btaye hm sare bacche dipression me hai ki km hoga exam,exams,information_seeking,medium
Nose bone se ralated medicine ke liye,departments,information_seeking,high
I have been diagnosed with allergic rhinitis with Ige level 1023 which department should I look up to in kgmu,departments,information_seeking,high
Mphil 2025 merit list?,general,information_seeking,high
Apointment chahiye lari ka,general,information_seeking,high
Book opiment,appointment,scheduling,high
Opd ragistration kaise karaye,opd,information_seeking,high
Can I know the details for msc in perfusion technology,courses,information_seeking,medium
Book appointment for opd online,opd,scheduling,medium
Iska form kab aata hai,general,information_seeking,medium
Ot technician ka vacancy aaya hai kya,career,information_seeking,medium
Mujhe ent me dikhana h,departments,information_seeking,high
We can apply for BPT,career,information_seeking,medium
Do we have doctors for hair issues,general,information_seeking,high
Nurology ward me aaj phir se Pani nai aa rha h,general,information_seeking,high
Kon se floor per hai,general,information_seeking,medium
Pancreas ki problem hai to kis vibhag me dikhaye,departments,complaint,high
How much time will it take to make a medical certificate,general,information_seeking,high
Cardiology OPD me dikhane ke liye kya process h,opd,information_seeking,high
Dental ka doctor saturday ko opd me baithate है,opd,scheduling,high
What is the admission process for bsc nursing,admissions,information_seeking,medium
How to appoint in online,general,information_seeking,medium
How आई can book online appoinment,appointment,information_seeking,high
Sahwaliullah opd day?,opd,information_seeking,high
Kya hm CNET ka form bhare bina aap ki university ka form bhar sakte hai,general,information_seeking,medium
Kya me ye Jan sakti hun ki mbbs ka syllabus Hindi medium me ho sakta hai,exams,information_seeking,medium
Kgmu se discharge kr diya gya h mera ghr door h budhwar ko fir bulaya h to thoda problem hogi ane jane me,general,information_seeking,medium
Fellowship,general,information_seeking,high
Kal 302 room me dr swastika se apointment mil sakta hai,general,scheduling,high
Is BMLS available in KGMU,general,information_seeking,high
Kya kgmu me bina cnet ke bhi admission Hota hai,admissions,information_seeking,medium
How can I download my lab reports ?,general,information_seeking,high
I have expired patient card can I renew or make a new card ?,general,information_seeking,medium
BSc radiology and imagine technology,departments,information_seeking,medium
Vacancy for non pg jr,career,information_seeking,medium
Bsc nursing ka form kb aayega,courses,information_seeking,medium
"Is opd closed tomorrow, 2nd March 2026?",opd,information_seeking,medium
How to apply for admission in bpt.,admissions,information_seeking,medium
does kgmu offers paramedical courses,courses,information_seeking,medium
job for me,career,information_seeking,medium
Whatsapp no. Of kgmu,general,information_seeking,medium
Does any notice regarding nursing tutor vacancy are present,courses,information_seeking,high
BSC nursing ke liye fees kitani hai,fees,information_seeking,medium
Diploma dental course fees,fees,information_seeking,medium
Ot technician ke course ke leye kgmu mai entrance hota hai ka,admissions,information_seeking,medium
I'm looking for fully funded scholarship for Iraq student in Dentistry,fees,information_seeking,medium
My opitment number not send to my phone,contact,complaint,high
Hame bsc rodiology ki jankari de kaise ho admission kab ho ga admission,admissions,information_seeking,medium
Hum gauriganj se mlt ka form online bhar sakte iske liye hume kya choose Krna hoga,general,information_seeking,medium
Kgmu me b pharmacy hota h,departments,information_seeking,medium
Bsc radiologist,departments,information_seeking,medium
NURSHING OFFICER ADMIT CARD,general,information_seeking,high
Can I get admission into bsc in cardiology,admissions,information_seeking,medium
DEATH CERTIFICATE BANWANA HAI,general,information_seeking,medium
Hlw online appointment booking hota hai pulmonary department main?,appointment,scheduling,medium
I want to get admission in d pharma through jeecup merit I have 244 no and rank 1366 can I get admission in general category,admissions,information_seeking,medium
Kab tak hoga admission aur entrance exam ke liye online kaise karenge jisse ki Mera BMLT me addmission ho jaye,admissions,scheduling,medium
स्तन कैंसर के लिए कौन से डॉक्टर बैठते है,general,information_seeking,high
Kya kgmu bpt aur mpt dono course provide krta hai,courses,information_seeking,medium
Dmlt course ka application kab niklega,courses,information_seeking,medium
Neurologist for today,departments,scheduling,high
How to book OPD,opd,scheduling,medium
can you give me contack no.,general,information_seeking,medium
104 tender,general,information_seeking,medium
is there any way to take online appointment,appointment,scheduling,medium
Int vibhag me doctor kis din aate hai,departments,information_seeking,high
12th me kitna % chahi eligible ke liye,admissions,information_seeking,medium
I want to know about dr Rajkumar Maurya,general,information_seeking,high
How can I do registration,appointment,scheduling,high
Cardiology tenchian course,departments,information_seeking,high
I want to opt bsc nursing course from KGMU,courses,information_seeking,high
Ye college jaha pr bana hua hai uska purana history kya hai,general,information_seeking,high
i have doubts related to cut off,admissions,information_seeking,medium
ot technician ka form kab ata hai,general,information_seeking,medium
how to book appointmernt,appointment,scheduling,medium
Opd me appoinment book kerna he,opd,scheduling,medium
Eligibility criteria for mha,admissions,information_seeking,medium
DMLT diploma course dikha nahi raha,courses,information_seeking,medium
Vacant post of nursing officer,courses,information_seeking,medium
I have already sent email there is no response,contact,information_seeking,medium
KGMU NUrsing office exam date for 2025,exams,scheduling,medium
How to appointment in cardiology dipartment,appointment,scheduling,high
Mujhe mlt me admisson lena h,general,information_seeking,medium
Koi vecancy I Hai kgmu hospital mein,general,information_seeking,medium
MUJHE APPORMENT LENA HAI,general,information_seeking,medium
Dr urmila dhakad ji ko dikhana hai,general,information_seeking,medium
"There's nothing on website , it's been more than 6 months when application form filled. Give some tentative month idea to us atleast.",contact,scheduling,medium
i wanted to know when will the bachelor in medical laboratory sciences course commence,courses,scheduling,medium
Dental hygienist course me admission process,admissions,information_seeking,medium
Appointment for cardiologist,appointment,scheduling,medium
Report aur cd nhi mili h mujhe,general,complaint,high
Bsc nursing course,courses,information_seeking,medium
Do Dr they recommend the blood tests,general,information_seeking,high
Vishwajeet singh sir ki opd kis din hoti hai,opd,information_seeking,high
Hme admission Lena h bsc nursing 4 years wale me to kya direct admission ho jayega kitni fees rahegi ai,admissions,information_seeking,high
Is there any recruitment regarding family medicine doctor post,departments,information_seeking,medium
up bsc नर्सिंग ka admit card कहा milega,courses,information_seeking,high
What is current procedure to consult doctor in OPD?,opd,information_seeking,high
Bsc nursing ke set available h ky,courses,information_seeking,medium
0083543858 this is my registartion number and i am not able to login in my account.,contact,complaint,medium
Do this University only have BSC Radiotherepy no other bsc for paramedicals,courses,information_seeking,medium
Kgmu staff nurse out souce vacancy 6 hai iska kaha se milega,faculty,information_seeking,medium
Current nursing assistant professor vaccancy ka advertisement,faculty,information_seeking,medium
Dr.for mouth cancer,general,information_seeking,high
Online appointment kaise le,appointment,information_seeking,high
Multiple recruitment exam 2025 radiology technician result pdf,exams,information_seeking,high
Please how can a foreign student like me enter your MBBS program,courses,information_seeking,medium
Nursing ke liye abhi koi vacancy,courses,information_seeking,medium
i want to ask how many leaves are allowed in the course,courses,information_seeking,medium
Hume ek patient ki jankari chahiye,general,information_seeking,medium
my father is having vwry high PSA . Can we get screening test to check what is the main issue,general,information_seeking,high
I have ear issues can I meat ent specialist today,departments,scheduling,high
Give your number for admission purpose,admissions,information_seeking,medium
blood test hai uska result चाहिए,exams,information_seeking,high
As a nursing tutor i want so what about for this? Please tell me.,courses,information_seeking,medium
And where the centre for this exam,exams,information_seeking,high
Hii sir hame rbs ki test karna hai tho kitna paisa lagega,general,information_seeking,high
After entrance exam what we should do,admissions,information_seeking,high
paramedical me admission ke liye steps,admissions,information_seeking,medium
BSC nursing ke liye,courses,information_seeking,medium
Please send any contact number,contact,information_seeking,high
Result kaha dekhe,exams,information_seeking,medium
Sever not found,general,information_seeking,high
What is the steps,general,information_seeking,high
bachelour of physiotherapist,general,information_seeking,medium
HEART PROBLEM,general,information_seeking,high
How to check patient discharge status,general,information_seeking,medium
appointment status check,appointment,scheduling,medium
have you private ward,general,information_seeking,medium
Yaha ki 1 year ki bsc nursing ki fee,fees,information_seeking,high
Mene website check kri smjh nhi aarha matlb mri technician ka kese check kare ke kab admission or entrance form aayege?,admissions,scheduling,high
cardiology me appointment kaise kare,appointment,scheduling,high
Kya aap mujhe previous year ke questions paper de sakte hai jisse mujhe practice ho jaye,exams,information_seeking,medium
Mere bete ka admission hona hai BSC nursing me lekin intrens me 51 no hai to kya kre,admissions,information_seeking,medium
Meri lab report Abhi Tak nahin Mili Hai message dwara,general,information_seeking,medium
I want to consult with same doctor in lari cardiology centre emergency dept. I want to know his OPd timing or availability. Kindly provide contact number,opd,scheduling,high
any job in nursing officer,courses,information_seeking,medium
admission,admissions,information_seeking,medium
Paramedical addmission process,courses,information_seeking,medium
Admission time for the courses..?,admissions,information_seeking,medium
Gym emergency admit karna h,emergency,information_seeking,high
What is the full fee of bsc radiology in KGMU,fees,information_seeking,high
Ot assistant post ki joining kb tkk hogi,general,information_seeking,medium
Bsc nursing total fee,fees,information_seeking,medium
Mai login nhi kar pa raha hu,general,complaint,medium
Hi Kgmu non teaching recruitment ka result kab aayega please reply,exams,scheduling,high
Mujhe bsc nursing me admission chaiye,admissions,information_seeking,medium
Affidavits required for joining pg course,courses,information_seeking,high
Mujhe admission ke regarding bt karni hai,admissions,information_seeking,medium
Ent dekhana,departments,information_seeking,high
Nursing officer ka kab exam h kyu nhi ho rha exam vice chancellor kyu nhi krva rhi exam,exams,complaint,high
DDH FORM Released date 2026,general,information_seeking,medium
Entrance exam ke liya form fill kab hoge,admissions,information_seeking,medium
Mujhe d.radiology ki fees janna hai,fees,information_seeking,medium
Ager mene CUET ka exam diya to usme kitne number me aapke university me admission mil sakta hai,admissions,information_seeking,medium
Tell me about Nursing tutor vacancy,courses,information_seeking,medium
Kya opd me jo doctor dekhta hai dusri baar usi doctor ko dikhana pdta hai,opd,information_seeking,high
Vacancies for junior doctor,general,information_seeking,high
Give offical wedsite and also give contact number of office,contact,information_seeking,medium
Yellow parcha dubara niklwana h ussi idd ka Hume idd no maloom h,general,information_seeking,high
Hi dear I want appmet please,general,information_seeking,medium
Koi fees to nahi lgti? Opd me dikhane ke liye pateint ko,opd,information_seeking,high
Do i get same doctors every monday,general,information_seeking,high
Kam se kam number neet ug me kitne me hoga mbbs for obc,admissions,information_seeking,medium
Will opd be open on Good Friday,opd,information_seeking,medium
Mera kgmu ka admit ars ni aya jo ki mene april 2025 me bhara na koi notification or na hi kuch information na exam date bas Mera paise le lia gya hai,exams,complaint,medium
Private room charges,fees,information_seeking,medium
Dr. P tandon Contact information,contact,information_seeking,high
Online appointment book nahi ho raha hai slot not open dukha raha hai,appointment,complaint,medium
वेबसाइट खोल दीजिए,general,information_seeking,medium
Form ka pata karna ha,general,information_seeking,medium
bsc optometry kitne saal ka course h,courses,information_seeking,high
Recruitment process for dialysis technician,career,information_seeking,high
Appointment kaise la,appointment,scheduling,medium
neet se,admissions,information_seeking,high
Kindly I need information about assistan of Dr.Faraz Ahmad,general,information_seeking,high
3 april,general,information_seeking,medium
"Ok, you can provide me specialist doctor name.",faculty,information_seeking,high
Dr sudhir Singh,general,information_seeking,high
b pharma,departments,information_seeking,high
Abhi picchle msg main tumne btaya tha nahi hoti Saturday ko OPD,opd,information_seeking,high
I want to do dott,general,information_seeking,medium
Syllabus kay hota hai entrance exam kaa,admissions,information_seeking,high
Para medical course details,courses,information_seeking,medium
is there gasologist department or not,departments,information_seeking,high
I wana apply for nursing tutor 2026,courses,information_seeking,medium
where is opd in kgmu,opd,navigation,medium
Online booking time,general,scheduling,medium
kya saturday ko opd appointment book ho jayega,opd,scheduling,medium
Any information for Msc in nuclear medicine,departments,information_seeking,high
Kis din kon se dr bethte h kaise pta kre,general,information_seeking,high
Nursing officer vecancy for LV pwd candidate,courses,information_seeking,medium
Kgmu k exam date kab ki hai non tech,exams,scheduling,medium
Dental mechanic admission process,admissions,information_seeking,medium
Online appointment kese book kare,appointment,scheduling,medium
Mbbs ki fess kitni hai kgmu me,courses,information_seeking,medium
"Expected date for examination , any possible date",exams,scheduling,medium
patient name: Uma shankar Kushwaha Doctor's name: Rishi Sethi Contact no: 7355985398,faculty,information_seeking,high
pcpndt cbt test,general,information_seeking,medium
Pata karna hai kab kun se dr baithe ge,general,information_seeking,high
Orthopedics department m dikhana h appointment kaise le,appointment,scheduling,high
मंगलवार को गैस्ट्रोलॉजी विभाग में कौन सा डॉक्टर बैठते हैं,general,information_seeking,high
Lab technician ke liye koi vacancy hai,career,information_seeking,medium
What date exam of pharmacy,exams,scheduling,medium
City slip in exam 3 April,exams,information_seeking,medium
Blood bank kaha hai,emergency,navigation,high
Neurologist,departments,information_seeking,high
Psychiatry department,departments,information_seeking,high
Pathology report kese download kre,departments,information_seeking,high
How can i take addmissions in diploma in ot technician,courses,information_seeking,high
Mujhe iss university me admission chahiye,admissions,information_seeking,medium
Kgmu opd ki jankari kaha se prapt karen,opd,information_seeking,medium
Appointment book Krna hai,appointment,scheduling,medium
Hlo mujhe apna admit Card download karna hai,general,information_seeking,medium
portal is open for the admission in bpt,admissions,information_seeking,medium
Main apna report download kaise kar sakta hun,general,information_seeking,medium
I want to see eye doctor,general,navigation,high
Bpt course details,courses,information_seeking,high
मेरा मोबाइल नंबर दवा आने की सूचना व्हाट्सएप ग्रुप के माध्यम से मिल जाती थी किसी तरह से ग्रुप से बाहर हो गया हूं मेरा मोबाइल नंबर 8737821328 ग्रुप में जोड़ने की कृपा करें।,general,complaint,medium
Skin ke doctor कौन-कौन se din baithte Hain,general,information_seeking,high
Is there any intership on next generation sequencing,general,information_seeking,medium
is there any requirement for emergency admission?,admissions,information_seeking,high
Mujhe avedan Krna h,general,information_seeking,medium
The old one or a new dental,general,information_seeking,medium
My mother has cronical neck pain so I don't know which department should I fill can I fill more than one department,departments,information_seeking,high
How can I enroll in BPT at kgmu,general,information_seeking,high
Pharm. D course available?,courses,information_seeking,medium
Mughe DNA chromosome CMA test krwana hai,general,information_seeking,high
Hume appointment book karna hai line me na lagna pde barr code bhejiye,appointment,scheduling,high
General surgery department,departments,information_seeking,high
Can other state students get admission also easily please tell,admissions,information_seeking,medium
Mere jo qualification h who master of commerce h or olevel complete h typeing bhi ati h ab bato kha pr mera selection hoga,general,information_seeking,medium
Pcpndt exam,exams,information_seeking,high
Is there dental non-pg seat,admissions,information_seeking,high
Want booking for Dr gaurav choudhary cardiology,departments,scheduling,high
Appointment for yellow fever vaccine,appointment,scheduling,medium
And tell me about neurology department,departments,information_seeking,high
Ot ka form kb nikalega,general,information_seeking,high
When will be the exam conducted,exams,scheduling,medium
Dott kaise kare,general,information_seeking,high
Link not opening,general,information_seeking,high
Job for mds student in department of pediatric dentistry,departments,information_seeking,high
Merit list of mha exam,exams,information_seeking,medium
How to form fill for admission,admissions,information_seeking,medium
Sir paramedical mai bachelor ke koi degree hai,courses,information_seeking,medium
How can i get death certificate online,general,information_seeking,high
केजीएमयू में फार्मासिस्ट भर्ती कब निकलेगी,general,information_seeking,medium
Deat form BMLT appy,general,information_seeking,high
वहाँ पर क्या कीमत है अभी,general,information_seeking,medium
Kon kon se cors available hai,general,information_seeking,high
Ophthalmology surgery time,departments,scheduling,high
Kya kgmu me post BSC nursing,courses,information_seeking,medium
admission in optometry,admissions,information_seeking,medium
Dr. Arisha alam ki opd kab hai,opd,scheduling,high
How to book for OPD,opd,scheduling,medium
HOW TO BOOK OPINTMENT,appointment,scheduling,medium
Gastro opd open tomorrow,opd,scheduling,medium
I want to know about the admission procedure and fee map for post basic b sc nursing,admissions,information_seeking,medium
Opd book karna h,opd,scheduling,high
Mujhe anaesthesia and critical care technician course mei admission Lena hai,admissions,information_seeking,medium
if i have 49 percent in pcbe and not given entrance exam like upcet instead i have give neet and have in general categeory and have given 12 th board from maharashtra i can be elligible for bsc nursing,admissions,navigation,medium
Bsc nursing 733 post exam date,exams,information_seeking,medium
किंग जॉर्ज मेडिकल यूनिवर्सिटी फार्मासिस्ट 2025 का रिजल्ट आ गया है क्या,general,information_seeking,high
Neurology doctors day time date,departments,information_seeking,high
blood bank department,departments,information_seeking,high
Where can I register in ISPRP,general,navigation,medium
Non teaching exams centre list,exams,information_seeking,medium
mujhe apne bachay ko dikhna hai 5 yesrs old,general,information_seeking,high
Marks of 2022 md pediatrics,departments,information_seeking,high
medicine,departments,information_seeking,high
Vacancy of nursing tutor,courses,information_seeking,medium
Paramedical course ke liye,courses,information_seeking,medium
Dental hynist Karna Hai humko,general,information_seeking,medium
Kgmu BDS dean,faculty,information_seeking,high
How to get enroll for paramedic courses,courses,information_seeking,medium
How to admission in dental mechanic,admissions,information_seeking,medium
Abhi nursing officer ki Koon si vacancy aayi hai,courses,information_seeking,high
S aldosterone test price,general,information_seeking,high
Mujhe medicine opd me appointment Lena kaise le,opd,scheduling,high
Hod number,faculty,information_seeking,high
Gynecologist,general,information_seeking,high
Mujhe Dr Anzaar hussain ko dikhana hai,general,scheduling,high
"I Wanna take admission in kgmu in bpt, tell me what's the eligibility criteria",admissions,information_seeking,medium
Recruitment for staff nurse,faculty,information_seeking,medium
Opd registration karwana hai,opd,information_seeking,high
Dr fraz ahmed online appointment,appointment,scheduling,medium
8887019134 yahi wala number tha,contact,information_seeking,medium
Kya apke yha psychology department hai?,departments,information_seeking,high
Bsc nursing officer ke admit card kaise download karen,courses,information_seeking,high
Paramedical courses form,courses,information_seeking,medium
How to get addmission form,general,information_seeking,medium
Opd Schedule kgmu orthopedic specialist department,opd,scheduling,high
Addmition process ka content do,general,information_seeking,medium
Wanted to register an appointment for tmrw,appointment,scheduling,high
I want to know dr. Akshay Pradhan sir available in this week because I want to book an appointment for cardiology for my uncle,appointment,information_seeking,high
Doctor name in opd,opd,information_seeking,high
Mujhe KGMU ke plastic surgery department ka online appointment mil gya hai.ab mujhe kya Krna hoga or 50 rupees fee kese jma krni hogi,appointment,information_seeking,high
I want to take appointment,appointment,scheduling,high
Want to take admission for bsc nursing,admissions,information_seeking,medium
How to take admission in bachelor of physiotherapy,admissions,information_seeking,high
M.a clinical psychology nhi hai,general,information_seeking,high
neurology,departments,information_seeking,high
Fees kitna hai,fees,information_seeking,medium
Multipurpose post non tech results,general,information_seeking,medium
D optom ka diploma karna h,courses,information_seeking,medium
patient condition is critical,general,information_seeking,high
Nursing tutors,courses,information_seeking,medium
New opd management complain against to blood container provide,opd,complaint,high
DMLT ke bad sidhe kaise admision hoga,general,information_seeking,medium
How can i find my registration number for exams of level 6 radiotherapy,appointment,information_seeking,medium
Can I know the names of 2026 batch psm Jr's?,courses,information_seeking,high
Can yo give slot on next friday,appointment,scheduling,medium
I want to take admission in kgmu in bpt,admissions,information_seeking,medium
Kgmu ka fram,general,information_seeking,medium
HSG test karwana hai,general,information_seeking,high
For cancer,general,information_seeking,high
Ji but mujhe bta diye receptiones ki koi job ho,career,information_seeking,medium
Lab report kgmu badi pathology contact number,departments,information_seeking,high
MERE DAAT ME KHEDA LAGA HAI HAM KYA KARE,general,information_seeking,high
There is any bachelor course for health care administration,courses,information_seeking,medium
I need course of medical doctor and fee,fees,information_seeking,high
jaisi website hai waisa hi ai hai,contact,information_seeking,high
In the iccr it is not providing dental course,courses,information_seeking,medium
Paramedical ke cours me darecit admission le sakte hai,admissions,information_seeking,high
For physiotherapy faculty,faculty,information_seeking,high
What is the syllabus for abvmu cpet ug,exams,information_seeking,high
Kgmu counselling,admissions,information_seeking,medium
addmison process kya hai ?,general,information_seeking,medium
Pg admission genetic and molecular microbiology ke bare me pta Krna h start kb se hai,admissions,information_seeking,medium
Fees kya h 1 saal ki,fees,information_seeking,medium
Not able to navigate the link,general,information_seeking,medium
merit based ho ra hai or agr enttrance hai tho konsa,general,information_seeking,medium
KGMU me ilaaj kesa hota hai,general,information_seeking,medium
is neet marks not eligible,admissions,information_seeking,medium
please send the number for online appointment,appointment,scheduling,medium
Please i want admission in kgmu for medical courses,admissions,information_seeking,medium
KGMU ka pairamedical ka entrance exam ka papper pattern do and syllabus,admissions,information_seeking,high
What is the process,general,information_seeking,medium
which exam do you have to give,exams,information_seeking,medium
I want to register,general,information_seeking,medium
How can I take admission in pathology,admissions,information_seeking,high
Hospital mein hydrocel ke marij ko Kahan dikhayen,campus,navigation,high
Nursing officer vacancy,courses,information_seeking,high
Undergraduate courses offered and it's eligibility,admissions,information_seeking,medium
Wah phir to kgmu great hai salute to kgmu and our government ❤️,general,feedback,medium
Form kab fill kiye jayen gen,general,scheduling,high
Admission are going on,admissions,information_seeking,medium
Yaha ki fees kitni hogi,fees,information_seeking,high
I am from Nepal I am want study bsc mit what is the process,courses,information_seeking,high
Sir gnm me kitna number aana chaiye jisse college me admission mil jaiyega,admissions,information_seeking,medium
Administrative officer contact number,contact,information_seeking,medium
WHAT WAS YOUR CLOSING AIR CUTOFF IN 2024 FOR MBBS,admissions,information_seeking,medium
College me addmission kese milega,general,information_seeking,medium
I want to take admission for bsc nursing in this college,admissions,information_seeking,medium
2023 में जो नर्सिंग ऑफिसर एग्जाम हुआ था उसका स्कोर कार्ड कहां से देखें,general,information_seeking,medium
Mera online appointment nhi ho pa rha hai,appointment,scheduling,medium
Optometry intership hota hai,general,information_seeking,medium
मुझे कार्डियो सर्जन को दिखाना है।ए वी आर केस है।,general,scheduling,high
I want to do bsc optometry,courses,information_seeking,high
BMLT course fees,fees,information_seeking,medium
General medicine doctor,departments,information_seeking,high
I want my previous health report,general,information_seeking,high
If u say online appointment then why need printout only from hospital,appointment,scheduling,medium
पेट के डॉक्टर कल बैठेंगे,general,information_seeking,high
Sir I have been in a waiting list my name is amritansh in orthodox when my number will come,contact,information_seeking,high
Mujhe admission lena hai,admissions,information_seeking,medium
Appointment needs,appointment,scheduling,medium
Kab tak opd dekhenge,opd,scheduling,high
Hlo mai yek GNM 3rd year student hu mujhe kgmu me job Krna hai mai kya kru,career,information_seeking,medium
Kya mtlb for your safety,general,information_seeking,high
yellow vaccine registration,appointment,information_seeking,high
When the phd admission start,admissions,scheduling,medium
उन्होंने एचडी कहां से किया है,general,information_seeking,high
Hamare cardiologist patient hai jo bahut serious hai unko admit karna chahte hain,general,emergency,high
Abhi kitni seat bachi h,admissions,information_seeking,medium
How to apply,career,information_seeking,medium
Addmission form kab tak niklenge,general,information_seeking,medium
Nefrologist,general,information_seeking,high
Yes please explain the eligibility criteria application procedure of nursing,admissions,information_seeking,medium
Merit list mai select hone ke baad brmit mai fee kit,fees,information_seeking,medium
Is there any latest nursing vacancy,courses,information_seeking,medium
What is the criteria to get addmission in diploma in emergency medicine and trauma,departments,information_seeking,high
Brochure?,general,information_seeking,medium
Orthopaedic me Dac aradhana sukla ke baree bataye,departments,information_seeking,high
Form filling date kb se start hai,general,information_seeking,medium
opd booking appointment,opd,scheduling,medium
KGMU me currently kaun se research projects active hain jisme MSc students apply kar sakte hain?” “Latest project-based vacancies kaise check kar sakte hain?,courses,information_seeking,medium
Best neurophsycatrist doctor in kgmu,general,information_seeking,high
I want to know about nursing officer recruitment exzm 3026,courses,information_seeking,medium
Sir kya aap mujhe bta sakte hai ki kgmu se bmlt course kr sakte hai,courses,information_seeking,medium
Online appointment for cardiologist,appointment,scheduling,high
Nak ki haddi tedi hai aur phabosa,general,information_seeking,high
How to make appointment?,appointment,scheduling,medium
Mujhe cardiology me patient ko dikhana hai OPD me,opd,information_seeking,high
Ma sapana yadav kgmc k form fill krne k bad apna id password miss kr diya aur ab admit card aya hua h kaise nikale admit card,general,information_seeking,medium
On which date dr.manish Singh is available,general,information_seeking,high
Detal dikhana kis diparment me jaye,general,navigation,high
Naseem Akhtar ko dikhana Kaisa rahega,general,information_seeking,high
Can I visit today for pulmonary critical illness,general,information_seeking,medium
Sir job ke liye apply kaise kare,career,information_seeking,medium
Plastic surgery burn ICU 1st floor death date 25 october 2025,departments,scheduling,high
Wednesday available doctor,general,information_seeking,high
Radiology information,departments,information_seeking,high
Psm faculty,faculty,information_seeking,high
Piles ki surgery hoti hai,departments,information_seeking,high
Book my appointment,appointment,scheduling,medium
Electrophysiology (EP) study cost,fees,information_seeking,high
Kya aaap bta skti jo acche se ilaj kr ske,general,information_seeking,high
Okay so you are saying that first i need to book online appointment and then u need ti download the slip to my phone and then need to visit gate 2 where I will ask about online appointment quie there I validate my appointment by showing the digital slip on my phone from there I will get token or slip and from there I will go to room no. 303 and visit dermatologist...am I missing Ani steos,appointment,information_seeking,high
full body blood test KGMU ho ho jayege kya,general,information_seeking,high
When will it be online,general,scheduling,medium
14 january ko KGMU me opd open rahegi,opd,scheduling,medium
I need one of the docter contact information,contact,information_seeking,high
And opthalmologist department,departments,information_seeking,high
MARIJ DIKHANE KE LIYE KYA KARE,general,information_seeking,medium
Nursing exam,exams,information_seeking,high
Apply for bpt admission,admissions,information_seeking,medium
Liver gestro ki opd kb kb khulti h,opd,information_seeking,high
how to get admission in diploma in optometry,admissions,information_seeking,medium
Koi vacancy ho to btao,career,information_seeking,medium
Saturday ko kaun sa doctor OPD mein dekhte hain cardiology mein,opd,information_seeking,high
अपॉइंटमेंट बुक करना है डॉ. A Pradhan cardiology professor,faculty,scheduling,high
Results,general,information_seeking,high
"Hi, I was looking for jobs here as a mbbs doctor",courses,information_seeking,high
Bsc radiology and diploma mri technology kya dono alg alg hin,departments,information_seeking,medium
What is the admission criteria for general category in BPT,admissions,information_seeking,medium
Bsc nursing ka form kab aayega,courses,scheduling,medium
When will nursing officer exam 2025 happen,exams,scheduling,high
I'm finding for pharmacist job,departments,information_seeking,medium
What is office of dean of student welfare,faculty,information_seeking,medium
Ji han OPD number bataiye,opd,information_seeking,medium
City cord not open multiple post,general,scheduling,medium
I want to do my rajitration for the janch can I do online,general,information_seeking,high
I want addmission in mbbs,courses,information_seeking,high
Bmlt Admission enters exam rasitestion,admissions,information_seeking,high
Otorhinolaryngology doctors list,general,information_seeking,high
Kindly advice what is the procedure to get appointment with a pediatric surgon,appointment,scheduling,high
Mujhe dmlt karna h,general,information_seeking,medium
Trichologist Hai,general,information_seeking,high
Job vacancy for nursing teacher,courses,information_seeking,medium
Can you provide online OPD registration status,opd,information_seeking,medium
गलत जानकारी दे रहे हो,general,information_seeking,medium
November 14 2025 radiographers recruitments exam is done when I get my result?,exams,scheduling,high
Tommorow opd open yes or no,opd,scheduling,medium
what is difference between OPD and IPD,opd,information_seeking,high
How to book an appointment in Cardiology department in kgmu,appointment,scheduling,high
Can you give me number so that I can talk about bpt,contact,information_seeking,medium
Connet to hospital staff,faculty,information_seeking,high
Mujhe ye janna hai ki kya dlt karne wale students ko aapke collage mein hostel provide hoga,campus,information_seeking,high
मैंने मीठा पर पूछा तो उसमें बताया कि 25 में से 10 जून के बीच में एंट्रेंस फॉर्म भरे जाएंगे,general,information_seeking,medium
How can I get a appointment,appointment,scheduling,medium
Bsc nursing apply to kgmu,courses,information_seeking,medium
MHA hospital management course,courses,information_seeking,high
I want to know the fees structure of bds in kgmu,fees,information_seeking,high
Ai appointment kaise lagega? Pahle kaha Jana hoga nephrologist ke pas ya dialysis centre me kgmu me ??,appointment,scheduling,high
mujhe rishi sethi sir ko dikhana hai opd me,opd,information_seeking,high
Can I get any contact no. For admission inquiry,admissions,information_seeking,medium
How much charges for RCT tretment,fees,information_seeking,high
Job for lab technucian,career,information_seeking,medium
Bsc Hons courses for which subjects,courses,information_seeking,medium
Muje hepatitis b ke liye kon doctor se milna hoga or kaha,general,navigation,high
I addmission to bsc nursing please GIVE me addmission form,courses,information_seeking,medium
It cell email if kgmu,contact,information_seeking,medium
Admission for BSC nursing,admissions,information_seeking,medium
Cardiology department me appointment chahiye,appointment,scheduling,high
Fees kya hai,fees,information_seeking,medium
How complain in kgmu,general,information_seeking,high
opd ke liye online booking kaise kare,opd,scheduling,high
I want opd appointment for urology,opd,scheduling,high
Psoriasis ka dikhana h,general,information_seeking,high
Nursing officer exam of kgmu,exams,information_seeking,high
i have visited but see details,general,information_seeking,medium
What is the annual fee for d pharma and their admission pr8,admissions,information_seeking,medium
please share,general,information_seeking,high
Qween marry hospital faculty very bad,faculty,complaint,medium
How to book appointment in opd,opd,scheduling,high
Opd timing,opd,scheduling,medium
Bds classes kab start hain,general,scheduling,high
Kgmu me pharmacist job hai ??,departments,information_seeking,medium
Physiotherapist addmission process,general,information_seeking,medium
डॉक्टर कृष्ण कुमार पाल गैस्ट्रोलॉजी में किस दिन बैठते हैं,general,information_seeking,high
Operation theatre technology couse,general,information_seeking,high
बड़ी पैथोलॉजी में सैंपल दिया था जांच के लिए उसका रिपोर्ट चाहिए व्हाट्सएप पर,general,information_seeking,high
Book an appointment in cardiology department on Monday,appointment,scheduling,high
APPOINTMENT,appointment,information_seeking,high
Kgmu narshing officer ka exam kab Tak ho ga,exams,scheduling,high
Radiology me admission lena h kaise hoga,admissions,information_seeking,high
need admit cards,general,information_seeking,medium
Plastic surgery opd schedule,opd,information_seeking,high
"मैं तो जौनपुर से हूं। रेफरल नहीं है , तो कैसे एप्वाइंटमेंट मिलेगा",general,information_seeking,high
Which entrance exam I have to do for bsc nursing course,admissions,navigation,medium
How to find diploma course admission process,admissions,navigation,medium
Best nephrologi doctor,general,information_seeking,high
Can you suggest me stes,general,information_seeking,high
B.sc nursing entrence exam,exams,information_seeking,medium
Mujhe biopsy ki report chahie,general,information_seeking,high
How to book opd,opd,scheduling,medium
Today is opd in ENT dept,opd,information_seeking,high
Where to go for lithium test,general,navigation,high
but on google it is showing we can get admission through neet ?,admissions,information_seeking,medium
Hinglish me,general,information_seeking,medium
Ent department me kon kon Dr. He,departments,information_seeking,high
Endocrynology department opd time,opd,information_seeking,high
Msw in clinical and physraitry,general,information_seeking,high
x ray technician course,courses,information_seeking,medium
Is there a course of bsc Hons in biology or bsc Hons in neuroscience,courses,information_seeking,high
KGDI01 Admission process,admissions,information_seeking,medium
Need appointment for Dr. Gaurav Chaudhary,appointment,scheduling,medium
Kya nursing se related job aayi h,courses,information_seeking,medium
Kgmu me ot taknisiyan cross hai,general,information_seeking,high
KGMU nursing office ki exam date kab ki hai,exams,scheduling,high
Addmission process kya hai kgmu ka bds ka liya,general,information_seeking,high
OPD me पहले से वेटिंग तो नहीं है,opd,information_seeking,high
Is there any vacancy for nursing staff,faculty,information_seeking,high
Orthopedic department,departments,information_seeking,high
contact number of Clinical Psychology department,departments,information_seeking,high
Complete cartilage damage also,general,information_seeking,high
Nursing officer exam date 2025?,exams,scheduling,medium
Kal 24 November ko opd open rhegi ya band,opd,scheduling,high
"To fir Jo upsm aisi ka jo form hai usmein hamara merit list se tenth aur twelfth ke percentage per admission hota Hai , aur usmein hamen private college milta Hai government nahin",admissions,information_seeking,medium
Find my report,general,navigation,medium
Prof Dr A Alam (MD) available for tomorrow OPD,opd,information_seeking,medium
X-ray tecnician diploma ki admission date,admissions,information_seeking,medium
Opd book Krna hai,opd,scheduling,high
I want to get admission for BMLS,admissions,information_seeking,medium
12 pass out hai..66%se,general,information_seeking,high
Dear I want to take admission in dental hygienist in KGMU please help me,admissions,information_seeking,medium
So what help pateint welfare officer will do ? Do they will make dialysis free,general,information_seeking,high
कल लारी हास्पिटल की OPD चलेगी क्या,opd,scheduling,high
BDS for NRI,general,information_seeking,medium
I sent sms no reply yet,general,complaint,medium
The PRO OFFICE ALSO IS NOT LISTENING,general,complaint,medium
I am paramedical students e t c t fresher job,courses,information_seeking,medium
Is the preference given to state students or all india in kgmu in bpt,general,information_seeking,medium
Fees structure dott,fees,information_seeking,medium
Opd no.,opd,information_seeking,high
Is phh ration card comes under Bpl ? It will help,general,information_seeking,medium
Form fill,general,information_seeking,medium
Nursing officer level 7 ka exam date kya h,exams,information_seeking,medium
Lary Heart Center Lucknow,general,information_seeking,high
Mai janna chahta hu ki mujhe insurance claim lena hai jiske liye kGMU ki mail id ki avashyakta hai,general,information_seeking,high
Ot technician k liye kon sa exam lenge,exams,information_seeking,high
Sabse phle addmission notification kaha ati hai aur usko book mark kaise kare,appointment,information_seeking,medium
Kaise doctor se mile,general,information_seeking,high
Pharmacy vacancy,departments,information_seeking,medium
Doctor appointment,appointment,scheduling,high
Bpt me admission chahiye,admissions,information_seeking,medium
Can I get my opd card day before my first appointment,opd,scheduling,medium
list dr. of medicine department with specialty please tell me,departments,information_seeking,high
Diploma me admission kaise le,admissions,information_seeking,medium
I would like to know the exam date of nursing officer post 2025,exams,scheduling,medium
how can i book an appointment in neurology department,appointment,scheduling,high
Does jgmu provide BPT and MPT,general,information_seeking,medium
How we appointment online,appointment,scheduling,medium
Can you provide me any contact number for admission related queries,admissions,information_seeking,medium
What what criteria we need for dmlt course,courses,information_seeking,high
Score card,general,information_seeking,medium
Booking,general,scheduling,medium
Kgmu nursing officer syllabus,exams,information_seeking,medium
I want to take a appointment,appointment,scheduling,medium
Online registration foropd,appointment,information_seeking,medium
Kgmu upcomming nursing officer exam syllabus,exams,information_seeking,medium
April me kis kis din opd band rahega,opd,scheduling,medium
Appointment book nahin Ho pa raha hai sab kuchh okay hai fir bhi,appointment,scheduling,medium
Mbbs fee ia applicable for how many year's?,fees,information_seeking,high
BSC nursing admission process,admissions,information_seeking,medium
Registration of rheumatology,appointment,information_seeking,high
Bsc nursing ki cut off kya rahti hai aapke yha par,admissions,information_seeking,medium
Pharmacist ji job vacancy,departments,information_seeking,medium
Mujhe apne hath ke sarjary karvane hai,general,information_seeking,high
Arthology doctor,general,information_seeking,high
NURSING OFFICER EXAM DATE ?,exams,scheduling,medium
Dr. Virendra atam,general,information_seeking,high
mujhe bsc radiology krne ke liye offline form fill kr sakte hai,departments,information_seeking,high
PDCC course in fetal medicine,departments,information_seeking,high
Book my appointment for br ayush shukla,appointment,scheduling,high
Main yahi pooch rha hoo ki kisi joining hui ki nhi,general,information_seeking,medium
Form fillup pcpndt exam 2026,exams,information_seeking,medium
Bds कोर्स की फीस कितनी है और क्या योग्यता,general,information_seeking,medium
31 march yani kl opd open h ya close,opd,scheduling,high
Please you can help me and dmlt exam date check and send,exams,scheduling,high
Where to get appointment in psychiatry opd,opd,scheduling,high
Online appointment samay time table,appointment,scheduling,medium
How can i contact to someone for admission enquiries,admissions,information_seeking,medium
डॉक्टर अतुल गुप्ता गोयल को दिखाना है,general,navigation,high
Is bpt admission started,admissions,information_seeking,medium
How I can register online,general,information_seeking,medium
Fees of pharm f courses,fees,information_seeking,high
Nursing officer exam date kab hi 733 post form fill up may,exams,scheduling,medium
May I know when will be exam for the post of asst security officer,exams,scheduling,medium
How much does bpt cost,fees,information_seeking,medium
Pharmacist gr 2 result,exams,information_seeking,high
opd booking,opd,scheduling,high
Kya neet jruri h,admissions,information_seeking,medium
Computer programmer result,exams,information_seeking,high
14 aprail 2026 ko opd open rhega,opd,scheduling,medium
How can I get a appointment in ENT department,appointment,scheduling,high
Admisson through neet or not,admissions,information_seeking,medium
Nephrologist opd kitne time start hogi,opd,information_seeking,high
Appointment letter,appointment,information_seeking,high
kgmu nursing tutor apply link,courses,information_seeking,medium
How can i take appointment in cardiology dipartment,appointment,scheduling,high
Not regular emergency and critical,emergency,information_seeking,high
Fistogram mri cost,fees,information_seeking,high
There are admission going on,admissions,information_seeking,medium
For nursing officer when next date will be released,courses,scheduling,medium
Bpt addmission form are out???,general,information_seeking,medium
Appointment kaise book kare,appointment,scheduling,high
To mtlb phle direct orthopaedic wale doctor ke pass Jana hua?,departments,information_seeking,high
I want to that there is any staff nurse vacancy,faculty,information_seeking,medium
lari me dikhana hain,general,information_seeking,high
Where to book opd if ors.gov is not working,opd,complaint,medium
Tell me about dr sonkar,general,information_seeking,high
Is there any vacancy for nursing tutor?,courses,information_seeking,medium
KGMU Lucknow nursing officer ka exam kab tak hoga,exams,scheduling,high
मुझे लारी में दिखाने के लिए अपॉइंटमेंट लेना है मैं पुराना मरीज हूं,general,scheduling,high
mujhe M.Phile entrance exam ka syllabus janna hai,admissions,information_seeking,medium
Kis vibhag me admit hai,departments,information_seeking,high
Appointment kesari Pratap narayan singh 8887019134,appointment,scheduling,high
Dermatology appointment,appointment,scheduling,high
Kgmu nursing officer ka exam kb hai,exams,scheduling,medium
मुझे अपनी ब्लड रिपोर्ट किस तरह देखनी हैं तो क्या आप बता सकते है,general,information_seeking,medium
hey i want to have appointment,appointment,scheduling,medium
Skin problem,general,information_seeking,high
i want quary regarding notice no 153/reet/2025,general,information_seeking,high
Treatment for mouth ulsar,general,information_seeking,high
Any non pg junior residents vacancy,career,information_seeking,medium
hi can i connect with mentinance department,departments,information_seeking,medium
Online opd registration kaise karu,opd,information_seeking,medium
Nursing tutur vacancy,courses,information_seeking,medium
Hello aaj opd band rahegi kgmu ki,opd,scheduling,medium
Neet ug 2025 me sc category ka admission kitne marks par hua tha,admissions,information_seeking,medium
Refer karawake jana hai ki direct,general,information_seeking,high
Admission lena tha,admissions,information_seeking,medium
For admission regarding,admissions,information_seeking,medium
I want to book appointment in cardiology,appointment,scheduling,high
Opd registration for PMR. I have to book a appointment for my daughter Ms Pragati singh,opd,scheduling,high
Ghutne me dard evum soojan kaun se doctor ko dikhaye,general,information_seeking,high
Ye hospital sarkari hai,general,information_seeking,medium
Bachelor digri kaun kaun si h,general,information_seeking,high
I want mobile no of neurology professor,faculty,information_seeking,high
Bpt forms?,general,information_seeking,medium
Non pg jr result,exams,information_seeking,high
"I want to know about nursing officers recruitment examination ,",exams,information_seeking,medium
opd appoinment,opd,information_seeking,medium
Opration theatre assistant ka form kab tk nikalega,general,scheduling,high
I want to take appointment online,appointment,scheduling,medium
When will be there an admission of dental hygienist happen,admissions,information_seeking,medium
Kgmu nursing officer ka application form kb se start ho raha hai? 2026,courses,information_seeking,medium
Kgmu me ot assistant ki joining kb tk hogi,general,information_seeking,high
Msso grade 2 ka 03 april ko exam hia tha uska result up date kar de ya pass out condidate ki list nezh de,exams,information_seeking,medium
kya kgmu m ja kr form fill kr sakte hai ab,general,information_seeking,high
How to get admission in MHA program in kgmu?,admissions,information_seeking,medium
How i can get kgmu nursing officer admit card,courses,information_seeking,medium
नेफ्रोलॉजी में दिखाना है अर्जेंट में मेरे पिताजी का क्रिएटिनिन 2.64 आया है,general,information_seeking,high
Bsc nursing me kitna fees lagega,fees,information_seeking,medium
Kgmu mai 12th based par admission ho skta hai kya bsc nursing,admissions,information_seeking,high
Arrhythmia clinic available?,general,information_seeking,high
Can you send me the link of application form to for entrance exam,admissions,information_seeking,medium
Bmlt admission date,admissions,scheduling,medium
Mtlb percentile ke basis me admission hota hai na,admissions,information_seeking,medium
ADMIT CARD,general,information_seeking,medium
Contact number tell me,contact,information_seeking,medium
Admit card provided,general,information_seeking,medium
Nursing vacancy exam,exams,information_seeking,medium
Sir mujhe eyes problem h,general,information_seeking,high
how to download lab report,general,information_seeking,medium
Is root planing done using laser,general,information_seeking,high
bsc nursing me admission ke liye kya lgata hai,admissions,information_seeking,medium
Bsc rediolgy ka course hota hai?,courses,information_seeking,medium
Bpt subject,general,information_seeking,medium
Kgmu nursing officer exam date when comes,exams,scheduling,medium
Iska exam 3 April 2026 ko hua tha,exams,information_seeking,medium
Appointment phone number,appointment,information_seeking,high
Kgmu me purana application kaise download kare,general,information_seeking,medium
I need naac ssr report,general,information_seeking,medium
Email ID,contact,information_seeking,high
Ky Kausar Usman sir Thursday bethte h,general,information_seeking,high
I want to fix Appointment,appointment,information_seeking,high
DMLT course,courses,information_seeking,medium
अप्वाइंट,general,scheduling,high
Date slots available,general,scheduling,high
Can you tell me about bsc nursing,courses,information_seeking,medium
NURSING officer exam kab hoga,exams,information_seeking,medium
How to make online appointment,appointment,scheduling,medium
started or not,general,information_seeking,medium
when the application form release of 2026-27,general,information_seeking,medium
I dont have apointmemt online what shoukd i do,general,scheduling,high
Second list document verification ki kb aayegi,general,information_seeking,medium
What's the official date of its application form,general,scheduling,medium
Information regarding pcpndt exam,exams,information_seeking,high
Mujhe DMLT ke bare mein information chahiye,general,information_seeking,medium
Have any gnm students vaccancy,general,information_seeking,medium
agar mujhe diploma in cardic techinician karna hain kaise hoga,courses,information_seeking,high
Tuesday opd open or not,opd,scheduling,high
"Hello Sir, I would like to enroll in the radiologist course.",departments,information_seeking,medium
How to take a appointment for doctor,appointment,scheduling,high
Teeth implant ki cost kitni,fees,information_seeking,high
Facilities,general,information_seeking,medium
Result of paramedical recruitment paper held on 14 November,exams,information_seeking,high
Is there any vacancy of nursing tutor or nursing assistant professor,faculty,information_seeking,medium
MSc nursing entrance exam kab nikalta hai,admissions,scheduling,medium
parcha banvana hai,general,information_seeking,high
Education links,general,information_seeking,high
i want to download my admit card for kgmu u nursing officer exam,exams,information_seeking,high
I'm not from up ..am I eligible,admissions,information_seeking,medium
Respiratory opd,opd,information_seeking,high
When the nursing officer exam held any date,exams,scheduling,high
Please book appointment net department,appointment,scheduling,medium
Please informed about KGMU ASO Examination-25 regarding.,exams,information_seeking,high
"1, 2 3 april ko kis kis din opd chalu rahega",opd,scheduling,high
What is the criteria for getting admission in Diploma of medical laboratory,admissions,information_seeking,medium
Nityanand karana nhi cha rhi h,general,information_seeking,high
Pideartic hematologist,general,information_seeking,high
How to find online appointment cardiologist doctor,appointment,scheduling,high
Information about Pharmacist vacancy,departments,information_seeking,high
DHR MRU,general,information_seeking,high
im serch to see when available my kgmu staff nursing officer admit card is on,faculty,scheduling,medium
I want to see patients report,general,information_seeking,medium
Application form,general,information_seeking,medium
admission process for paramedical course,admissions,information_seeking,medium
Pharmacy,departments,information_seeking,high
I have to make an appointment for dental checkup and treatment,appointment,scheduling,high
ENT doctor,departments,information_seeking,high
Kgmu nursing officer recruitment 2025 exam,exams,information_seeking,medium
Is College me kon kon se course karaye jate hai,courses,information_seeking,medium
Reply nhii aa rha,general,information_seeking,medium
Surgical department kaha hai,departments,navigation,high
Bsc Radiology,departments,information_seeking,high
Is today kgmu closed,general,information_seeking,medium
Kgmu me bsc radiology ki admission process,admissions,information_seeking,medium
How can I take admission in KGMU?,admissions,information_seeking,medium
bds admissions,admissions,information_seeking,medium
Mai aapke college me admission lena chahti hu,admissions,information_seeking,medium
How can I get registration for opd,opd,information_seeking,medium
Bpt registration,appointment,information_seeking,high
Is dr. Mayank Mahendra available on Monday-friday,general,information_seeking,high
Koi satisfaction nahi mil raha,general,information_seeking,medium
M.A psychology internship details,general,information_seeking,high
Dental opd,opd,information_seeking,medium
aaj k duty medical officer ka number,contact,information_seeking,medium
"Vascular Surgery Centre, KGMU, Lucknow, Uttar Pradesh appointment",appointment,scheduling,high
Radiotherapy technologist exam date kb hai,exams,scheduling,high
OPD BOOKING SLOT,opd,scheduling,high
NURSING OFFICER 2025 ADMIT CARD DATE,courses,scheduling,medium
Tomarrow is my counselling needs to know what documents required,admissions,information_seeking,high
OPD help ke liye Bharti nikali hai kya,opd,information_seeking,medium
None of those URLs are opening,general,information_seeking,high
Entrance exam ka form bharne h deploma ka,admissions,information_seeking,medium
7905811060 kya ye number register hai,contact,information_seeking,medium
kgmu ka jo result aaya h uska dv kb hoga,exams,information_seeking,medium
Dermotology ओपीडी लिस्ट,general,information_seeking,high
Ia the dr. Sumit rungta is available tomorrow OPD,opd,scheduling,high
KGMU me MSc Bioinformatics/Biotech students ke liye internships available hain kya?,courses,information_seeking,medium
Do u have BSC in optometry,courses,information_seeking,high
Admissions dayrect nhi hota kya,admissions,information_seeking,high
Want to book appointments,appointment,information_seeking,high
Any help line number for appointment,appointment,scheduling,medium
I want to take admission in bsc cardiovascular technology,admissions,information_seeking,medium
KGMU nursing officer ka exam kb h,exams,information_seeking,medium
Admission for d pharma,admissions,information_seeking,medium
On which day Dr ML Patel Sir's OPD is held,opd,information_seeking,high
DHLS available?,general,information_seeking,high
Nursing officer vacancy 2025 ke exam kab tak honge?,exams,scheduling,medium
Kya kgmu me nursing officer ki post ke liye inc ka ragistration jaruri hai,courses,information_seeking,medium
Kitna fee lagta h full course,fees,information_seeking,medium
book appoinment,appointment,scheduling,medium
Lari me Appointment kaise le,appointment,scheduling,medium
Mujhe tb ki ganth ke liye best tb doctor ko suggest kre,general,information_seeking,high
Kya KGMU m pharmacist ke vacancy aaye h kya,departments,information_seeking,medium
Sir MBBS ki one year ki fee kitna hogi,fees,information_seeking,medium
paramedical result pharmacist ka dekhna hai,exams,information_seeking,high
Lab technology post exam admit card,exams,information_seeking,medium
How can I apply online in opd,opd,information_seeking,high
Kgmu nursing officer exam date 733 vacancy 2025,exams,scheduling,medium
Appointment,appointment,scheduling,medium
Online booking,general,scheduling,high
I need OPD appointment for Wednesday,opd,scheduling,high
Fee kaha dikhegi,fees,information_seeking,medium
I want to book online opd,opd,scheduling,high
contact number of admissions office,admissions,information_seeking,medium
Apoiment booking problem,general,complaint,high
How patient meet doctor?,general,information_seeking,high
Jr medical lab technologist level 5 post admit card,general,information_seeking,medium
"Kgmu hospital me cbc ,lft ,kft ,pt,inr ka report kitne din Tak ata hai",general,information_seeking,high
How can I get in the admission university,admissions,information_seeking,medium
Medical lab technician admit card recrutemnt,general,information_seeking,medium
Kya hum gauriganj se online lucknow ke sarakari college me form bhar sakte hai,general,information_seeking,medium
Sir mujko dental highgnic corse karna hai but pata birthday hai kaise admission ke liye apply kru,admissions,information_seeking,medium
Thanks 😊 jaise bsc nursing hota hai kya diploma in nursing hota hai??,courses,information_seeking,high
"Achha ye btao kl respiratory dept open hoga, timing kya hoti h",general,scheduling,high
Last application fees of nursing officer exam,exams,information_seeking,high
Cardiology OPD KA,opd,information_seeking,high
Surgery dr abhay ki opd Monday ke alawa kis kis din hote hai,opd,information_seeking,high
30 novber 2025 ka pharmacist ka result dekhna hai dikha do,exams,information_seeking,medium
USG ka kya price hai,general,information_seeking,high
Sir diploma in physiotherapy me admission lena tha,admissions,information_seeking,medium
What is the process of taking admission in bpt,admissions,information_seeking,medium
Can you give me syllabus or KGMU nursing officer may 2025,exams,information_seeking,medium
Is there vaccancy are out for nursing staff ??,faculty,information_seeking,medium
Kab hoga addmision,general,scheduling,high
Can you give me the number of admission office,admissions,information_seeking,medium
Ka course kene ke liye,courses,information_seeking,medium
"Appointment expired, then follow up valid",appointment,information_seeking,high
Appointment slip kitne bje nikalta hai,appointment,scheduling,high
Appointment kaise book karen,appointment,scheduling,high
Share UHID,general,information_seeking,high
site not working,general,complaint,medium
Nursing college admission open,admissions,scheduling,high
Examination date for nursing officer,exams,scheduling,high
Md ka supplybexam ka result when will come,exams,information_seeking,medium
Sarkari hospital me to free ilaj hona chahiye to bhir ayushan ka kya use,general,information_seeking,medium
Mujhe online nhi smjh aarha to ja skte heaha,general,information_seeking,high
Appointment for neuromuscular on 15th april of 2026,appointment,scheduling,high
I want to take admission in rci registered clinical psychology course,admissions,information_seeking,high
Admission ke bare,admissions,information_seeking,medium
Offline opd rules in hindi,opd,information_seeking,medium
opd in urology,opd,information_seeking,high
BPT COURSE IS AVAIABLE,courses,information_seeking,medium
KGMU pediatric ward orientation report,departments,information_seeking,high
KGMU LARI ONLINE OPPIMENT,general,information_seeking,high
I have applied for the post Medical lab. Technologist (lab) as per advertisement number 42/R-2024. I wanted to know when the selection process will be conducted?,contact,scheduling,medium
My uhid number,contact,information_seeking,high
Jaise Mera jo new OPD mei parcha bana hai wo nhi lagega kya,opd,information_seeking,high
In fetal medicine or reproductive endocrinology,departments,information_seeking,high
Admission kese le skte hai MBBS mai,admissions,information_seeking,medium
I want admission in bpt,admissions,information_seeking,medium
Lab technician vacancy,career,information_seeking,medium
Kah Rahe Hain ki sarvar nahin chal raha hai,general,complaint,medium
recruitment exam,exams,information_seeking,medium
Doctor time to dete hai na bheed jyda ki wajah se koi dikkat to nhi hoti,general,scheduling,high
How to get admission in lab technicians,admissions,information_seeking,medium
Dr Abhishek Agarwal opd day,opd,information_seeking,high
Admission form BPT,admissions,information_seeking,medium
Holiday in March,general,scheduling,medium
Ott course Krna h admission lena h,admissions,information_seeking,high
मुझे लारी कार्डियोलोजी में opd में दिखवाना है,opd,scheduling,high
Can you please send opd scanner for token generation,opd,information_seeking,medium
Heart ki nason mein stunt dalvane ka Kitna kharcha aaega,general,information_seeking,high
Mujhe lari mai dikhana hai,general,information_seeking,high
I WANT TO VERIFY THE DEATH CERTIFICATE,general,information_seeking,high
will college be open 15th aug for admission,admissions,scheduling,medium
Hi to apply for senior resident post in general medicine,departments,information_seeking,high
gynaecologist,departments,information_seeking,high
Kya kgmu me diploma in operation theatre technician course karne ke liye addmission milega cuet ke through yadi milega to kaise milenge,courses,information_seeking,medium
How to get admission in bsc radiology image technology,admissions,information_seeking,high
how to book an appointment,appointment,scheduling,high
पीलिया विभाग,general,information_seeking,high
How can fill the form of Diploma in Dialysis Technician,courses,information_seeking,medium
I want my mri report,general,information_seeking,high
Is there any vacancy for nurses in 2026 if yes than till which mnth form will release,career,information_seeking,medium
What is the process for addmission in neuroscience research,research,information_seeking,high
Advt number 38/R-2024 technician Radiology level 6 ka result kab tak aayega,exams,information_seeking,medium
BSC nursing ke liye direct admission le skte h,admissions,information_seeking,medium
online registration time to open,appointment,information_seeking,medium
Ot assistant ka result kab tak aaayega,exams,information_seeking,medium
I want appointment,appointment,scheduling,medium
Ok official webside send me,general,information_seeking,high
Mujhe addmision lena hai,general,information_seeking,medium
I want to appointment of lari cardiologist dept,appointment,scheduling,high
Pg student admitted list 2024,general,information_seeking,medium
Dekho meri aankhe thodi bhar ki taraf ko jati hai matlab thedi hai ek aankh,general,information_seeking,high
But I I don't know this course is available or not,courses,information_seeking,medium
Admission in mphil psychology,admissions,information_seeking,high
Any idea regarding joining,general,information_seeking,medium
I want to know about bmlt,general,information_seeking,high
Admission in B.Sc radiology,admissions,information_seeking,medium
Nursing ki post ka exam sir kb hoga,exams,information_seeking,high
agar hum sirf entrance de de accha rank nhi aaya tabhi hi jayega,admissions,information_seeking,high
Paas ka nhi hu yaar bhut door ghar hai,general,information_seeking,medium
Any advertisement for nursing associate professor,faculty,information_seeking,medium
Nhi hai,general,information_seeking,high
Course of bachelor of physiotherapy is available for class 12th student PCB student how is the admission process,admissions,information_seeking,high
Want book appointment,appointment,information_seeking,high
how i get online appointment in lorry cardiology,appointment,scheduling,high
Whatever objective they will ask me in the upcoming exam,exams,information_seeking,high
Lab technician Key vacancy,career,information_seeking,medium
Ot technician course Krna hai mujhe,courses,information_seeking,high
recruitment exam nursing officer,exams,information_seeking,medium
Aaj mahavir jayanti hai,general,information_seeking,medium
Kl chooti to nhi hai,general,scheduling,medium
i want to apply for kgmu nursing tutor vacancy which advertisement notice on july 5th 2025,courses,information_seeking,medium
I was taken appointment through online portal ors. Gov. In but king George medical college does not recognise my appointment,appointment,complaint,high
Op singh,general,information_seeking,high
Me apna registration number bhul gya hu kya karu,appointment,information_seeking,medium
2026 ka paramedical ka admission kis months se start hai,admissions,scheduling,medium
Give me list of paramedical courses,courses,information_seeking,high
"Yes, when will merit list for M. Phil Clinical Psychology getting released ?",general,scheduling,high
Apki cut off kitni jati hai bsc nursing ke liye obc me,admissions,information_seeking,medium
MBBS degree,courses,information_seeking,medium
Plz tell me gnm vacancy date,career,information_seeking,medium
What was is timing for registration,appointment,scheduling,medium
Document for bds admission,admissions,information_seeking,high
tell something about allergy clinc,general,information_seeking,high
आपके यहां कौन सी भर्ती निकली है,general,information_seeking,high
Contact for emergency ambulance,emergency,information_seeking,high
new opd,opd,information_seeking,high
गले का विभाग है,general,information_seeking,high
Outsourcing vacancy,career,information_seeking,medium
Bsc OTT,courses,information_seeking,high
new opd plastic surgry facolty,opd,information_seeking,high
"hi, price of different procedyres",general,information_seeking,high
SIR MAI PSYIATRY DEPARTMENT ME DR SE CONSULT KRNA CHAHTA HU KAISE POSSIBLE HAI?,departments,information_seeking,high
Answer key kab aayegi,general,information_seeking,medium
Please provide me paramedical all courses program available on scholership,courses,information_seeking,high
Parcha kitne ka banata hai,general,information_seeking,high
Hr office,general,information_seeking,high
Non teaching result,exams,information_seeking,high
how much is the stipend for 1st year PG residents?,fees,information_seeking,high
KGMU lucknow mai online OPD apointment lene ke baad kya karna hota hai,opd,information_seeking,medium
Dental hygiene course fees,fees,information_seeking,medium
"I want to know, what is estimate cost of lithotripsy in kgmu",fees,information_seeking,high
Kgmu daliganj,general,information_seeking,high
I have pain in my left knee,general,information_seeking,high
Kya kal neurology ki opd khula rahega,opd,scheduling,high
Orthopedic ke doctor ko kaise dikhae ? First Appointment kaise lena hai ?,appointment,navigation,high
How to apply for BPT COURSE 2025,courses,information_seeking,medium
How to apply for nursing tutor vacancy,courses,information_seeking,medium
New opd plastic surgery,opd,information_seeking,high
Dmlt course karna hai,courses,information_seeking,high
When will be kgmu nursing officer exam occurs,exams,scheduling,medium
I want to take admission in BSC.RADIOTHERAPY,admissions,information_seeking,high
Why it's cost 1800,fees,information_seeking,medium
nursing tutor vacancy forms,courses,information_seeking,medium
I need to talk with your Saicatary doctor,general,information_seeking,high
is lasik surgery operated in kgmu,departments,information_seeking,high
Daliganj,general,information_seeking,high
Friday phychitary opd,opd,scheduling,high
"addmision for Bsc, nursing is closed or not",courses,information_seeking,medium
kgmu nursing officer exam date?,exams,scheduling,high
Hme job ki need h,career,information_seeking,medium
I want to get CT scan,general,information_seeking,high
I am a cardiologist,general,information_seeking,high
Bpt ka addmission kaise hota hai,general,information_seeking,medium
I want a medical doctor course,courses,information_seeking,high
Next week Monday,general,information_seeking,high
What to do,general,information_seeking,high
हमको अपने दांत के विषय में दांत डॉक्टर से परामर्श लेना हैं,general,information_seeking,medium
Anti hepatitis c virus (hcv) positive hu,general,information_seeking,high
Where I can fill application form for ot,general,information_seeking,medium
1 april ko opd band rahega kya,opd,scheduling,medium
mera neet ke through kg mu main mbbs mila hai sc catagory main mujhe yes ki fee kaise jma hoti hai dd ya on line,admissions,information_seeking,medium
I want to do bsc radiology,departments,information_seeking,medium
Yha pr dr ko kaise dikhaye,general,information_seeking,high
Online nomver,general,information_seeking,high
Ayushman card se ho jayega,general,information_seeking,high
I treatment for teeth pain,general,information_seeking,high
Kya kgmu me asani se admission mil jaega mri technician ke lie?,admissions,information_seeking,high
Skin grafting hota hai vitiligo case me,general,information_seeking,high
Mujhe admission Lena hai,admissions,information_seeking,medium
Pl sankhwar mam date,general,scheduling,high
Gas ki bimari ki dipartment ko dikhaye,general,information_seeking,high
Iske enterance exam ka syllabus kya h,exams,information_seeking,medium
Radiographer,general,information_seeking,high
MHA ki kitni seats hain?? Isme form ki last date kya hai??,admissions,information_seeking,medium
Admission for paramedical courses,admissions,information_seeking,medium
Give any other option,general,information_seeking,high
1 july ya 2 july ko open rhega,general,information_seeking,medium
What is elagiblity of class 12 marks nneded for mbbs admission,admissions,information_seeking,high
Lari me appointment ke liye bhi yahi,appointment,scheduling,high
When will I get refund of fee I deposited in round 2 aiq counselling,admissions,information_seeking,medium
Faculty recruitment notification,faculty,information_seeking,high
When will be your entrance exam for pata medical course will be held,admissions,information_seeking,medium
प्लास्टिक सर्जरी का ऑपरेशन डे कौन सा दिन में होता है,general,information_seeking,high
Pathology report kaise download kare,departments,information_seeking,high
Kgmu nursing officer notification session 20x,courses,information_seeking,high
How to take addmission,general,information_seeking,medium
Process of applying appointment,appointment,scheduling,medium
Mph form,general,information_seeking,high
how to take appointment through online,appointment,scheduling,medium
Direct admission for DPT is possible or not,admissions,information_seeking,medium
ACL tear 2 surgery cost?,fees,information_seeking,high
Ma clinical psychology course,courses,information_seeking,medium
Bsc radiology image technology form release date,departments,information_seeking,medium
Mujhe online smjh nhi aarha tbhi ja ne ki soch rhi hu,general,information_seeking,high
Kgmu mai nursing tutor ki post ka notification chahiye,courses,information_seeking,medium
I have to done ugi endoscopy test how it costs,general,information_seeking,high
Mujhe orthopedic me appointment lena hai,appointment,scheduling,high
Kgmu entrance test for bpt,admissions,information_seeking,medium
Can I download Kgmc report plz suggest to me,general,information_seeking,medium
How I take addmission for bsc nursing,courses,information_seeking,high
How i get an appointment in kgmu,appointment,scheduling,medium
Nurology OPD Doctor Day,opd,information_seeking,high
Admission karwana hai,admissions,information_seeking,medium
How i get in kgmu lucknow for bsc nursing wht is procedure,courses,information_seeking,medium
Radiographer result 2025,exams,information_seeking,medium
His age is 11 years and he is paralyse,general,information_seeking,high
Exam city check,exams,information_seeking,medium
Can I get admission in bpt course as my marks in neet 2025 is 367 and in cuet ug 2025 885 out of 1250,admissions,information_seeking,medium
Kgmu nursing officer exam date kya h,exams,scheduling,medium
Dr reetu Verma kon h,general,information_seeking,high
Mujhe apni Mata ji ka ilaaj karvana hai vahan per admit kaise kiya jaega,general,scheduling,high
Bsc radiology me kaise addimison le,departments,information_seeking,medium
Bmlt ke form kab milega,general,scheduling,medium
Kgmu hospital ki sarkari chutii april aur may,general,information_seeking,medium
Kya hum gauriganj se lucknow ke sarkari college me online form bhar sakte hai,general,information_seeking,medium
list of neurology department dr,departments,information_seeking,high
Old patient next appointment,appointment,scheduling,medium
Tell me the exam dates of ct scan second year final examination,exams,information_seeking,high
Can I get price list of endoscopy colonoscopy and ct scan,general,information_seeking,high
Skin OPD,opd,information_seeking,high
Mera iss bar bsc final hoga,courses,information_seeking,medium
Mujhe private room ward ki jarurat kyuki genral ward me Mera pection ghabrata h,general,information_seeking,high
sir mera messege delete ho gya hai jisme apaiment tha bhagwati devi name se,general,information_seeking,medium
kya staff nurse ka exam 3 April ko hi hai,exams,information_seeking,medium
BSC NURSIG FEES,fees,information_seeking,high
Kitne mai. Ye sab kaam ho jayega,general,information_seeking,medium
Neuro wale dr opd me Kab baithte h,opd,scheduling,high
Q no.1-yarr mere ko bahut drd h and maine bahut se hospital me dikha diya h unhone bss xray krake thik h bol diya h and mere ko ye chhot September m lagi thi to ab drd nhi hona chahiye tha and mere ko karana hi karana h mri taki confirm ho jae but agr doctor nhi bolega to kaise manauu? Q no. 2- ye refferal kya h ? Me to Uttarakhand bageshwar se aaya hu udhr kisi hospital m nhi tha mri to m idhr aaya hu kya hota h ye refferal and mujhe kya Krna chahiye?,general,information_seeking,high
book opd appointment,opd,scheduling,high
When admission start in lab technician,admissions,scheduling,high
Help me to download admit card,general,information_seeking,medium
Nsg offcer ka exam kab tak joga 2026,exams,information_seeking,medium
mere papa cardiology ke purane paticent hai,departments,information_seeking,high
Mai iska koi entrance exam hota hai,admissions,information_seeking,medium
Online appointment ki website kaam nahi ker rhi call lag na rhi sms seen nhi ho raha,appointment,scheduling,medium
Nursing tutor vaccancy,courses,information_seeking,medium
Pathology department me kaun kaun Senior residents hai,departments,information_seeking,high
Opd oppiment,opd,information_seeking,medium
Email id,contact,information_seeking,high
Is there any vacancies available for Staff Nurse,faculty,information_seeking,high
Kya ham jan sakte hai ki lab technician ki vacancy hai ki nhi,career,information_seeking,medium
Mujhe aaj ka appointment chahiye Neurologi department ka,appointment,scheduling,high
Contrect base pjrmacist job ke liye kese pta kre kisse mile,career,information_seeking,medium
Appointment OPD,opd,scheduling,medium
Mujhe Esme lab lections me admission Lena hai,admissions,information_seeking,medium
Book appoinment,appointment,scheduling,high
Bsc Nursing fee,fees,information_seeking,medium
सर मेरे पास फील्ड का 15 साल का एक्सपीरियंस है मैं प्राइवेट मेडिकल कॉलेज में 4 साल मेडिकल सोशल वर्कर के पद पर रह चुका हूं ऐसे कानपुर नगर में इस वक्त पेशेंट की देखरेख के लिए कार्यरतों कस लेवल पर स ए नॉन मेडिकल पैरामेडिकल कर्मी के तौर पर पिछले 10 सालों से मेरे पास टोटल 15 साल का एक्सपीरियंस है हेल्थ डिपार्टमेंट का और भी उसके पहले का 2 साल का एनजीओ सेक्टर का वह भी वर्ल्ड हो लेवल के गोस का सर मुझे मेडिकल सोशल वर्कर ऑफीसर ग्रेड 2 की पद की बहुत कार्य करने का मन है मैं आशा रखता हूं कि आप मेरी सहायता करेंगे,general,information_seeking,medium
DANTAL cancer best specialist Dr. Name,general,information_seeking,high
Opd CARDIOLOGY kaise select kare,opd,scheduling,high
Complain ke liye,general,complaint,high
Non teaching post requirements 2024,general,information_seeking,medium
Mujhe kl ka nephrology me appointment Lena h,appointment,information_seeking,high
kis exam se bsc nursing milta hai,exams,information_seeking,high
Schedule of dr. Abhishek Singh,general,scheduling,high
Andrologist Dr KGMU me available hain OPD hoti hai ya nahi,opd,information_seeking,high
gastro opd day and timing,opd,information_seeking,high
Report check,general,information_seeking,medium
Skin doctar,general,information_seeking,high
Otolorylogy kis chamber me hai,general,information_seeking,high
Kya kgmu bsc nursing 2026 ke liye up cnet exam nhi dena hoga,exams,information_seeking,high
M janna chahta hu ki pathology Sunday ko khuli rahti h,departments,information_seeking,high
Pcpndt practical examdate,exams,scheduling,high
Kiya 14 nov 2025 exam result out ho gya hai,exams,information_seeking,medium
book appointment,appointment,scheduling,medium
Ccm ki opd trauma centre,opd,information_seeking,high
Merit list mha 2025 exam,exams,information_seeking,medium
What are the charges for a surgery of Inguinal Hernia of a child in general ward,fees,information_seeking,high
Orthopedic surgery wale,departments,navigation,high
Mai ye janne ki koshish hai ki Pradhan mantri ayushman card aalow hai,general,information_seeking,high
Fees for diploma in cardiology technician,fees,information_seeking,high
Direct admission bsc nursing,admissions,information_seeking,medium
Apk collage me admission k liye kya karna hoga,admissions,information_seeking,medium
M.sc mlt ke admission form kab aaenge,admissions,scheduling,medium
Anm nurse k admission kb hoge,admissions,information_seeking,high
Sir mujhe dmlt ke karna h,general,information_seeking,medium
Registration kiya par ors . Gov par kgmu show nahi ho raha hai,appointment,complaint,high
Can you tell me the opd timing of dr awnish kumar,opd,scheduling,medium
Appointment kaise le,appointment,scheduling,medium
Okay so where I can contact?,contact,information_seeking,medium
Paid seat for BS nursing ki h kya?,admissions,information_seeking,high
Bsc in mlt at kgmu lucknow,courses,information_seeking,medium
Does it have bachelor's in paramedical courses,courses,information_seeking,medium
Where is opd,opd,navigation,medium
Kisi insaan ka no. Hai koi reply nhi aaya,general,information_seeking,medium
Endocrinologist doctor today is Dr arpita or any other doctor?,general,information_seeking,high
Mujhe pharmasist ka result janna hai,exams,information_seeking,medium
i want yellow fever vaccine,general,information_seeking,high
Lab technician admission form date,admissions,scheduling,medium
Mujhe addmission chahiye tha waha,general,information_seeking,high
Neurology ke dr kb milenge,departments,information_seeking,high
ओपीडी अपॉइंटमेंट लेना है,general,scheduling,high
Ye no kitne bje chalu hote hai,general,information_seeking,medium
holder jaanchmein Kitna time lagta hai,general,information_seeking,high
Bsc nursing admission,admissions,information_seeking,medium
How many days before slots are open for bookin,general,information_seeking,high
Up CNET admit card,general,information_seeking,medium
I want to take appointment for yellow fever vaccination,appointment,scheduling,high
Result for 14 November exam,exams,information_seeking,medium
Appointment kaise milta hai,appointment,scheduling,medium
list of neulogy department dr. please tell me,departments,information_seeking,high
Pharmacist get 2025 exam ki answer ki,exams,information_seeking,high
How to addmission in deploma course,courses,information_seeking,medium
Paramedical Admission form kab aayega,admissions,scheduling,medium
Follow up appointment kaise le,appointment,information_seeking,high
Kya kgmu ki opd kal band hai?,opd,scheduling,medium
opd timings,opd,scheduling,medium
who is Avadhesh Kumar,faculty,information_seeking,high
How to book a appointment,appointment,information_seeking,high
डॉ रंजीत सर का कांटैक्ट no मिल जाएगा,general,information_seeking,high
Admission kaise hota hai Kgmu mai,admissions,information_seeking,medium
How can be online appointment,appointment,scheduling,medium
मेरे बच्चे को बार बार बुखार आ जाता है किस डॉक्टर को और किस दिन आकर दिखाऊं,general,information_seeking,medium
Appointment book,appointment,scheduling,medium
How to take admission in paramedical courses in kgmu,admissions,information_seeking,medium
paramedical admission notary link,admissions,information_seeking,medium
How can I get admission into bachelor of physiotherapy,admissions,information_seeking,medium
2026me bpt course me addmission kaise hoga,courses,information_seeking,high
My doctor call me on that date but its a holiday of guru teg bahadur martyrdom so I wanna ask what should I do,contact,scheduling,high
I want to do BMLT and I want to know whether this time admission will be based on 12th marks or will I have to appear for the exam?,admissions,information_seeking,high
What will be the cost of metal braces,fees,information_seeking,high
I want to take admission in BPT 2,admissions,information_seeking,medium
Medical social service officer grade -2 ki vacancy ke lie written exam planned hai 3 april 2026 ko usi ke admit card ke bare me puchh raha hu,exams,information_seeking,medium
Link open nhi ho raha,general,scheduling,medium
Admission lene k liye kitne number chaiye sc k liye,admissions,information_seeking,medium
Mere pesent ki id mobail me kaise khulegi,general,information_seeking,high
Room 203,general,information_seeking,high
MSc nursing application form,courses,information_seeking,medium
Maine kai uttar pradesh aayojan vibhag ke jariye kgmu me hospital attendant ka form fill Kiya hai kya mera ho jayega isme,departments,information_seeking,medium
Neurologi opd,opd,information_seeking,high
Mujhe braces k price k bare me janna tha,general,information_seeking,high
I need to know about the admission process of MHA course 2026,admissions,information_seeking,medium
Patient dikhana hai kgv m u mein cardiology Rishi sab theek ho,departments,scheduling,high
I'm all ready let for the entrance exam. I'm 10+2 passed from patna bihar board.now have any chance to take the admission directly.,admissions,navigation,medium
Entrance exam kab hai,admissions,information_seeking,medium
Dr name opd मंगलवार. के सारे डॉक्टर नाम को दर्द 5 स्टार्ट रेट हो न्यूरो,opd,information_seeking,high
Tell me all gastro doctor name in opd,opd,information_seeking,high
Mujhe cardiology department mai 3 December ko dikhana hai apni dadi ko opd mai,opd,information_seeking,high
List of pg admission 2026,admissions,information_seeking,medium
I want food,general,information_seeking,high
(Non teaching) OT assistant examination result announcement date ?,exams,scheduling,high
How to get admission without cnet in bcs nursing,admissions,information_seeking,medium
Book karo,appointment,information_seeking,medium
Severe neck pain which department I should consult,departments,information_seeking,high
Dr Ram Mishra’s info give me please,general,information_seeking,high
Need consultation,general,information_seeking,medium
12 mei kitni percent honi chaiye,general,information_seeking,high
Hello I want admission in KGMU,admissions,information_seeking,medium
Is the admission open ?,admissions,information_seeking,medium
kgmu me dmlt ka course hota h ya nhi,courses,information_seeking,medium
Physiotherapy,general,information_seeking,medium
Apimnetnt buk karna hai,general,information_seeking,medium
Mhujhe bsc nursing ke liye admission lena h,admissions,information_seeking,high
What is cost of pcnl,fees,information_seeking,high
Abhi iss time phone kar sakte hai book karne ke liye,appointment,scheduling,medium
Can u give me the link for appointment,appointment,information_seeking,medium
If I come with my father for checkup in opd and cancer department is available,opd,information_seeking,high
Hi kya bmlt ke liye admission form fill ho rhe h,admissions,information_seeking,medium
ab king george ka alag se entrance dena hi kya,admissions,navigation,medium
Link is not working,general,complaint,high
Aaj kqb tak opd chalega,opd,information_seeking,high
Xray aur ecg ka kitna rupya lagta hai new opd me,opd,information_seeking,high
Pet ki tv jach kitne din me milti h,general,information_seeking,high
"9 साल की बेटी को nasal polyps है , किस डिपार्टमेंट में दिखाएं",general,information_seeking,high
Paramedical addmission from 2026 kab aya ga,courses,scheduling,medium
Dr Rekha ka baithati hai,general,information_seeking,high
Can I write email,contact,information_seeking,medium
Appointment slip hai fees kaise pay kare,appointment,information_seeking,high
Ot tech 2nd year saleb,general,information_seeking,high
Opd doctor name,opd,information_seeking,high
sir mbbs kyia hai,courses,information_seeking,high
Kal mujhe appointment chahie urin doctor ke,appointment,scheduling,high
Opd dr Ashish ki kis jagah par hai,opd,information_seeking,high
hard apointment,general,information_seeking,high
ऑनलाइन अप्वाइंटमेंट,general,information_seeking,medium
Plastic surgery,departments,information_seeking,high
Kya cardiology me opd ka parcha kaise bnega online,opd,information_seeking,high
"Namaskar, i had alloted to forensic medicine at kgmu, in this neet pg counselling",admissions,information_seeking,high
KGMU me skin and VD ke gents doctor hai,general,information_seeking,high
8887019134 ispe APPOINTMENT LIKH KAR BHEJ DUNGA TO KYA KGMU KE DERMATOLOGY DEPARTMENT KA HI OPD APPOINTMENT BOOK HOGA,opd,scheduling,high
Online report kaise check karu,general,information_seeking,medium
Opd time,opd,scheduling,high
Haeamotology doctor sudhir verma and rajeev verma timing,general,information_seeking,high
Hostel fees for post graduate,fees,information_seeking,medium
No mention bpt fees,fees,information_seeking,medium
"Applications are invited for Regular Appointment of Nursing Officers at King George's Medical University (KGMU), Lucknow.kab hoga",appointment,scheduling,medium
Where is nursing officer vacancy that apply last date 27/626,campus,information_seeking,medium
Dr Naseem akhatar timing,general,scheduling,high
Nursing tutor ki vaccancy ayi h kya,courses,information_seeking,medium
BSc radiology admission start,admissions,information_seeking,medium
opd की बुकिंग कैसे कर सकते हैं,opd,information_seeking,medium
Cho traning 2021 marksheet download,general,information_seeking,medium
Paramedical mei admission process,admissions,information_seeking,medium
Sir please required joob pharmacy and wodboy,departments,information_seeking,medium
मैं अपने पापा को डॉ शरद चंद्र जी को लारी ओपीडी में दिखाना चाहता हूं,general,scheduling,high
Give out the names of Faculty of OBG Department.,faculty,information_seeking,high
BPT admission,admissions,information_seeking,medium
Kal psychiatry opd kiski hain,opd,information_seeking,high
I want list of doctors opd for endocrinology,opd,information_seeking,high
How much fees required for nursing assistant professor post,faculty,information_seeking,medium
Is refferal mandatory for patients coming from outside lucknow,general,information_seeking,high
I want to book appointment for pediatric OPD,opd,scheduling,high
Best neurologist doctor name,faculty,information_seeking,high
tell me best doctor for Appendix Surgery,departments,information_seeking,high
Mujhe doctor SP Verma ka apartment lena hai Monday ko,general,information_seeking,high
My hair are white in teenagers 17 years and very white hair in my head,general,information_seeking,high
Gestro opd khulne ke din,opd,information_seeking,high
Howmany seets for bsc nursing there,courses,information_seeking,medium
BDS externship,general,information_seeking,high
Head scalp infection,general,information_seeking,high
Ot technician admission,admissions,information_seeking,high
December me kis din hospital band rahega,general,information_seeking,high
Koun sa form fill karna hota hai,general,information_seeking,medium
Rajkumar,general,information_seeking,high
Hi ..is there anything regarding neet pg,admissions,information_seeking,medium
Dermatology appointment for hyperhidrosis neededProblem: excessive sweating. ORS not working.”,appointment,scheduling,high
Eye dekha ni ho to,general,information_seeking,high
It's also not working,general,complaint,medium
NHI BUS HIME YELLOW CARD KI HI JARURAT H MAIM KYUKI JAB SE MERA YELLOW CARD KHOYA H TAB SE HUM BAHUT PARESAN DOCTOR DAAT BHI RAHE H,general,information_seeking,high
Kgmu paramedical ki answer key kab ani hai,courses,scheduling,high
Bpt course is available now,courses,information_seeking,medium
I send the message but there is no reply,general,information_seeking,high
हेपेटाइटिस बी के डॉक्टर,general,information_seeking,high
Appointment for cardio for patient.,appointment,scheduling,high
IT SHOULD BE IN PERFECT FORMAT,general,information_seeking,medium
Please tell me how to download KGMU previous year questions papers for NURSING officers,courses,information_seeking,medium
Gastroenterology k,general,information_seeking,high
Result dekhana haj,exams,information_seeking,medium
KGMU me kon kon sa cousre available hai,general,information_seeking,high
Msc pathology elegibility,departments,information_seeking,high
Abhi ye 16 june chal rha hai sir,general,information_seeking,medium
RADIOLOGY TECHNICIAN RESULT KAB AYEGA,exams,scheduling,high
Site khulti nhi h,general,complaint,medium
we can not open the site http://www.ors.gov.in,appointment,scheduling,medium
Nursing officer recruitment examination date,exams,scheduling,medium
Icu bed availablity,emergency,information_seeking,high
Cardiology technician vacancy,departments,information_seeking,medium
Does kgmu have nri quota?,general,information_seeking,medium
चेस्ट रोग विशेषज्ञ से ओपीडी में दिखाने की प्रक्रिया क्या है,general,information_seeking,high
How could you supposed to help me,general,information_seeking,high
Hamko ot technician mein addmission chahiye,general,information_seeking,medium
Admission kab se hoga,admissions,scheduling,medium
Rheumatologist department,departments,information_seeking,high
Gnm hai kgmu me,general,information_seeking,medium
I wanted to book appointment in Gestro department,appointment,scheduling,high
Diploma in dental hygienist 2026-27 के लिए entrance exam की अंतिम तारीख क्या है ?,admissions,information_seeking,medium
Bhai ors portal per glitch aa rha,general,complaint,medium
Child and adolescent psychiatry fellowship,departments,information_seeking,high
I need one appointment on tuesday,appointment,scheduling,medium
Is there admission in bpt 2026 in in kgmu without neet,admissions,information_seeking,medium
Baal rog vivag me piliya ka ilaj roj chalta hai,general,scheduling,high
Kl yani monday ko surgery oncology ki opd hai h ?,opd,information_seeking,high
Want to take admission in bsc nursing,admissions,information_seeking,high
Mujhe bsc nursing ke liye addmission lena,courses,information_seeking,medium
Nursing officers exam date kya hai,exams,scheduling,medium
Give the list of doctors for all days,general,information_seeking,medium
Where is critical care medicine department of kgmu,departments,navigation,high
Appointment whatsapp number,appointment,scheduling,medium
Msc pathology fees,fees,information_seeking,high
Mujhe cheat ke Dr ko dikhana hai OPD kis department me appointment lu,opd,information_seeking,high
Bsc OTT ka fee kitna hota h maximum,fees,information_seeking,medium
Kya nursing tutor ki baccancy h,courses,information_seeking,medium
Mujhe parcha banwana hai,general,information_seeking,high
Urology department ke baare mein hame dikhana hai,departments,information_seeking,high
Molecular biology and cytogenetics department,departments,information_seeking,high
How to create AHBA,general,information_seeking,high
Can I take addmission without neet here?,admissions,information_seeking,high
Mujhe radiology course,departments,information_seeking,high
Kya aap mujhe addmission kaise mil sakta bata sakte hain,general,information_seeking,medium
Bpt course available hai ya nhi,courses,information_seeking,medium
How can I get admission to pursue BPT? I scored 86% in my 12th HBSE 2026,admissions,information_seeking,medium
Diploma admission details?,admissions,information_seeking,medium
Mujhe medical ot m admission lena h toh kaise form fill kru,admissions,information_seeking,high
What's the last date to apply,career,information_seeking,medium
Bsc ot technician ke liye kon sa exam hota hai,exams,information_seeking,high
Radiology department ka contact number chaiye internship lena h mujhe,departments,information_seeking,high
Mujhe college admission ke baare me janna tha,admissions,information_seeking,medium
Exam result,exams,information_seeking,medium
Mera phele appointment tha ye mera follow up checkup hai to kya kare?,appointment,scheduling,high
Kgmu BDS dean number,faculty,information_seeking,high
ज़िंदा आदमी ले कर जाओ मुर्दा ले कर आओ बहुत ही खराब मेडिकल है,general,information_seeking,medium
Pharmacist 38 post 2024-25 ka answer key kab tak aayega sir jo exam 14/11/2025 ko hua tha,exams,scheduling,high
If someone didn't register,general,scheduling,high
KGMU pharmacist ka result 2025 kb tk aayega,exams,information_seeking,high
Dr Mayank Rajput Room no,general,information_seeking,high
Mujhe kgmu nursing officer ke admit card aur exam kab hoga uske baare me pata karna hai,exams,scheduling,medium
Dr somya vikram Singh Prosthodontics,general,information_seeking,high
I m looking for yellow fei m looking for yellow fever vaccination ver vaccination,general,information_seeking,high
DOTT ka notification kb tk aayega,general,information_seeking,medium
Mujhai parcha banwana hai,general,information_seeking,high
mphil clinical psychology admission form 2025,admissions,information_seeking,medium
Followup appointment,appointment,scheduling,high
please tell how to take appointment online,appointment,information_seeking,high
New appointment,appointment,information_seeking,high
when will couselling will held related to exam ?,exams,information_seeking,medium
What about BDS,general,information_seeking,high
How to fill the form of kgmu nursing tutor,courses,information_seeking,medium
Is there any online registration system for lari opd,opd,information_seeking,high
OPD doctor puneet Kumar kab baithte hai,opd,scheduling,high
How to get admission in bpt ?,admissions,information_seeking,medium
In how much marks i required to admission for bsc nursing in kgmu 2026,admissions,information_seeking,medium
seat availability for ews category,admissions,information_seeking,medium
Sir nursing officers exam kb hoga,exams,information_seeking,medium
Ortho opd,opd,information_seeking,high
Health care,general,information_seeking,high
Sir I am preparing of bsc nursing entrance exam,admissions,navigation,medium
Kya hamen toll free number mil sakta hai jisse ki Ham sampark kar sake,contact,information_seeking,medium
Kgmu me dmlt course h,courses,information_seeking,medium
Pharmacist admit card,departments,information_seeking,medium
Kgmu non teaching staff requirment,faculty,information_seeking,high
BSC Physician assistant,courses,information_seeking,medium
"Hi i am sudhir from Butwal, Nepal and i am looking for best doctor for pulmonologist. So plz suggest. I would like to visit for treatment at your respected hospital. I have some history documents of treatment at butwal and dhangadhi but the problems are still same so would like to go for best treatment.",general,information_seeking,high
I want to take admission for bpt,admissions,information_seeking,medium
Kya admission ho raha h ki nahi,admissions,information_seeking,medium
Sujit sir opd day,opd,scheduling,high
Mujhe amita Pandey mishra doctor ko dikhana appointment kaise le unka,appointment,information_seeking,high
Radiographer technician k last date btao kgmu m,general,scheduling,medium
How to apply for bsc radiology course,departments,information_seeking,high
General ka cut-off kitna jata hai?,admissions,information_seeking,medium
Hey should i go for tomorrow dermatology,departments,scheduling,high
Bsc nursing ki admission process kya hai?,admissions,information_seeking,high
"Myself Dr. Vaishnavi Patekar, BDS graduate from Sharad Pawar Dental college and Hospital",general,information_seeking,medium
"Sir I want to get admission in Diploma in Radiology, will it be possible without NEET",admissions,information_seeking,high
kgmu ka2026-27 entrance exam kab hoga,admissions,information_seeking,medium
Ye entrence exam useully kab hota hai or registation date kya thi 2026 ki,exams,information_seeking,medium
testes ka ilaaj kis vibhag may karaye,departments,information_seeking,high
I want to see details of the latest notice for faculty recruitment,faculty,information_seeking,high
Job opportunities,career,information_seeking,high
"Kya 12 air 10, keep merit key adhar per admission ho raha hai",admissions,information_seeking,high
MRI department open timing,departments,scheduling,high
Ji ha kya yahan crdiyo taknisiyan me diploma kar sakte hai,courses,information_seeking,high
SMS whatsup per karni hai ya text?,general,information_seeking,medium
YHI date h aur name bhi YHI h,general,scheduling,medium
Please provide me pro office contact of queen marry hospital lucknow,contact,information_seeking,medium
When the form will out,general,information_seeking,medium
Admission process nhi mila,admissions,information_seeking,medium
I want to do diploma in ct technician,courses,information_seeking,medium
Opd list,opd,information_seeking,high
I want to about pediatric department,departments,information_seeking,high
Please give me some instruction about hand surgeon,general,information_seeking,high
Give me the schedule OPD in neurology department and psychiatric department,opd,information_seeking,high
I need general surgery department contact number,departments,information_seeking,high
Needs dean academic number,faculty,information_seeking,high
Urologist doctors meeting me,general,information_seeking,high
Mere pass UHID NO HAI,general,information_seeking,high
M.a clinical psychology course hai,courses,information_seeking,high
I want to fill the form for doing ug course in kgmu for bsc in radiology,departments,information_seeking,high
Opd booking,opd,scheduling,medium
2024 mbbs admission list,admissions,information_seeking,medium
मेरे बाल टूट रहे हैं उसका इलाज कराना है,general,information_seeking,high
Kya yahan per ilaaj free hai,general,information_seeking,high
Can I take admission in private BAMS,admissions,information_seeking,medium
Nurse vacancy,career,information_seeking,medium
Addmission ho sakta hai kya,general,information_seeking,medium
Opd. Cardiology,opd,scheduling,high
Lucknow,general,information_seeking,high
Monthly Visit me Injection lagata hai Indocrin vibhag se Name - Neha Srivastava,departments,information_seeking,high
Fix an appointment with Dr SHARAD CHANDA CARDIO LARI on coming Monday,appointment,scheduling,high
Mai neet ka taiyari karta hu aur mai chahata hu ki mai kgmu se mbbs karu,admissions,information_seeking,high
New Appointment ortho,appointment,information_seeking,high
I have an appointment for yellow fever vaccination. Where can I get that vaccination done?,appointment,scheduling,high
Gynaecologist,departments,information_seeking,high
I want to know about BMLT,general,information_seeking,medium
When shantanu sir opd,opd,scheduling,high
Hindi me batao,general,information_seeking,medium
What are the ood schedul of vascular surgery on 22 nd may,departments,information_seeking,high
I have completed my Document Verification for the post of OT Assistant under Multiple Post Recruitment Exam 2025. My Roll No. is 1116340431 and my overall rank is 16 (UR). I would like to kindly inquire about the expected date of joining/appointment letter.,appointment,scheduling,high
Mujhe report chahiye,general,information_seeking,medium
Where is recruitment cell no.,campus,navigation,high
I want to know about doctor salman khan,general,information_seeking,high
How to get dental records,general,information_seeking,high
In cardiology department,departments,information_seeking,high
Mai kgmu me addmission kaise lu,general,information_seeking,high
I want my pathology report,departments,information_seeking,high
Tooth implant cost,fees,information_seeking,high
जी हां,general,information_seeking,high
Pharmacy second grade ka exam,exams,information_seeking,medium
Opd helper post,opd,information_seeking,medium
Bpt admission requirements,admissions,information_seeking,high
Dr P k sir hai,general,information_seeking,high
Cardiologist the best doctor name please,faculty,information_seeking,high
"Om prakash age 73 Ko gastroenteritis, Neurologist cardiologist Emergency doctor ko dikhana hai today",departments,information_seeking,high
Aaj art plus centre open rahega ya nahi?,general,information_seeking,high
I want to know about bsc in bpt information,courses,information_seeking,medium
Admission kabtk ho skta hh,admissions,information_seeking,medium
Online registration kaise kare,appointment,scheduling,high
MPhil clinical psychology,general,information_seeking,high
प्लास्टिक सर्जरी प्राइवेट वार्ड का २४ घंटे का चार्ज कितना है,general,information_seeking,high
i didn't recieve any email regrading the admint card,contact,information_seeking,high
गुर्दा dr opd,opd,information_seeking,high
bsc nursing me admission lena hai kya kare,admissions,information_seeking,medium
Course documents,courses,information_seeking,medium
I want a letter of 2022 ..,general,information_seeking,medium
Kab tak appointment ho sakti h,appointment,information_seeking,medium
Can i get information about vacancies available for lab technician post,general,information_seeking,medium
Any vacancy for dietitian?,career,information_seeking,high
For Nephrology department,departments,information_seeking,medium
Main yah Janna chahta hun ki mera ek percent hai jo eurology Mein use systems copy rgp ke liye use admit karna tha Kyunki Mera Pila wala per check ka photo aur mobile number liya tha abhi tak Ek Hafta ho gaya hai phone Nahin Aaya Hai Main Kaise Pata karun,contact,information_seeking,high
Satff nursing Kgmu me 1 sit gls ka mik jayega please help me sir maim,courses,information_seeking,medium
Mujhe paramedical entrance exam ki papper pattern do,admissions,information_seeking,high
Pathology,departments,information_seeking,high
Holidays in 2026,general,information_seeking,medium
Matlab janch free hogi kya,general,information_seeking,high
When will the form for BSC operation theatre be released?,courses,information_seeking,medium
Reply aya tha but otp mang rhe the vo bhi dusre content se meeso se,general,information_seeking,medium
How much fees of BSC nursing,fees,information_seeking,medium
KGMU Recruitment Medical Lab Technologist Ka Exam Date expected kya h? Ya kb tak declare hoga?,exams,scheduling,medium
Bmlt diploma me addmission lene ka process kya hai,courses,information_seeking,high
Mode of payment for joining pg general surgery,departments,information_seeking,high
"Skin, disease",general,information_seeking,high
I have to take a appointment,appointment,scheduling,high
pharmacist ka rusult kab tak aayega,departments,scheduling,medium
I want to know examination scheme of mbbs 2023 batch,exams,information_seeking,medium
Sexologist,general,information_seeking,high
How to get physical copy of online appointment,appointment,scheduling,medium
Fistula Sergen,general,information_seeking,high
"Pharmacist recruitment result date.,?",exams,scheduling,high
book appointment for yellow fever vaccine,appointment,scheduling,high
I want download lab report,general,information_seeking,medium
Please give me helpline,emergency,information_seeking,medium
Bsc radiology is available,departments,information_seeking,medium
Opd no of Dr.sanjiv kumar,opd,information_seeking,high
Lab technician karna hai koi college me sheet ho sakti h,general,information_seeking,medium
Hello mere ko BMLT addmission ke jana hai department ka address batào,departments,information_seeking,high
If I registered through online appointment then can I go directly to opd,opd,information_seeking,high
can a BSc nursin ggraduate join the MHA program?,courses,information_seeking,medium
How i can apply on your university still am from tanzania?,career,information_seeking,high
pain fellowship,general,information_seeking,high
Genral wali ke liye 2025,general,information_seeking,medium
Recepsnist post exam date,exams,scheduling,high
Course of neuroscience research addmission,courses,information_seeking,high
Neurology department open,departments,information_seeking,high
Ma'am sit nhi khali h kya,general,information_seeking,medium
Radiology ke liye,departments,information_seeking,high
Online appointment lene ke liye kya prakriya hai,appointment,information_seeking,high
Kgmu offer msc in clinical psychology,courses,information_seeking,high
What is the fees,fees,information_seeking,medium
Plz send me helpline number,emergency,information_seeking,medium
Mujhe gynecomastia ki surgery karani hai,departments,information_seeking,high
No. Lagwana h,general,scheduling,high
When nursing officer exam admit card release,exams,scheduling,high
Dr achay pradhan lari cardiologist,general,information_seeking,high
Dental hygenist,general,information_seeking,high
Mujhe Bpt course k fees k regarding information...,fees,information_seeking,medium
Today is a public holiday,general,information_seeking,high
What kind of medical fitness certificate is needed in bmls paramedical admission.. Is there any specific format??,admissions,information_seeking,medium
How I download my fee receipt of my 1 year BDS,fees,information_seeking,medium
Admission for M.Phil in Clinical Psychology 2025,admissions,information_seeking,medium
2026 me addmision karana hai mere ko bmlt me,general,scheduling,medium
Respiratory,general,information_seeking,high
I'm interested in BPT. When is the application date?,general,information_seeking,medium
You can't help me about any information for further process,general,information_seeking,high
Is admission for session 2025-2027 begin?,admissions,information_seeking,medium
Radiology girls ko hostel milta h kgmu me,departments,information_seeking,medium
Msso ka sir paper kab tak hoga,exams,scheduling,medium
sir i want know about GNM course and total fee structure,fees,information_seeking,medium
I need to book an appointment,appointment,scheduling,medium
When doctor visit,general,scheduling,high
have any vacat post for nursing tutor,courses,information_seeking,medium
Can I check online report kgmu hospital lucknow,general,information_seeking,medium
Any job for mds student,career,information_seeking,high
OPD me registration karane ki timing kya hoti hai,opd,scheduling,high
My bachelor 's is in bsc and masters in clinical psychology Am I eligible to apply for m.phil clinical psychology RCI aproved,admissions,information_seeking,high
Pediatrics kya hota hai,departments,information_seeking,high
Like the situation is I have already booked an appointment but not done with the payment yet as you said payment is done before filling the details but I've booked it and there was no option for payment,appointment,scheduling,high
Non teaching post results,general,information_seeking,medium
Mai yh Janna Chati hu ki bsc ott ki merit list mb Jari hogi aur selection ka pta kb chlega kb admission start honge kb classes start hongi,admissions,information_seeking,medium
Any muslim psychologist,general,information_seeking,high
hostel fee,fees,information_seeking,medium
Mai kgmu me bpt cource kai liye entrance exam form fill kese kru,admissions,information_seeking,medium
Mujhe KGMU new nursing tutor vaccancy k bare m jann na tha,courses,information_seeking,medium
Iska koi app hai,general,information_seeking,medium
सर मुझे आनलाईन पंजीयन करना है। कैसे करें?,general,information_seeking,medium
Syllabus,exams,information_seeking,medium
Mai from kese baru,general,scheduling,medium
Bmlt form,general,information_seeking,medium
Admission form of paramedical courses,admissions,information_seeking,medium
How can I donate My body after death,general,information_seeking,high
Lari hospital mein appointment book karna chahta hun Lucknow,appointment,scheduling,high
I want to take admission in kgmu in msc biotechnology Or microbiology Or mlt any of them what I have to do for this,admissions,information_seeking,high
May I know about any seats available for internship in dentistry for the academic year 2026,admissions,information_seeking,high
Wanted to know if there is vacancy in General Surgery department for Senior Residents?,departments,information_seeking,high
Non teaching recruitment pharmacist ka result kb tk aega,exams,information_seeking,high
I want to fill form regarding kgmu nursing tutor,courses,information_seeking,medium
Mujhe ye puchna h jo cpet ka exam iska course kya rehta h,exams,information_seeking,high
पैट्रियोटिक सर्जन सबसे अच्छे कौन है,general,information_seeking,high
DMLT admission Karana hai,admissions,information_seeking,medium
Do KGMU offers BPT,general,information_seeking,medium
Bsc radiology ka from kb aayega,departments,information_seeking,medium
Last day kab hai,general,information_seeking,medium
In kgmu there are no. Of Healthcare missions are regulating ... I am graduate with diploma in Healthcare... can you suggest me for any Healthcare mission in 2026,courses,information_seeking,high
list of medicine dr. please tell me,departments,information_seeking,high
My lab report online kaise download kar sakta hun,general,information_seeking,medium
Diploma in psychiatry entrance exam date,admissions,scheduling,high
"104/KGMU/HRF/Medicine/2025 this the tender number i want to submit some documents, to prepare the documents can you help me with model documents",departments,information_seeking,high
Fill form for nursing tutor,courses,information_seeking,medium
Degree,courses,information_seeking,medium
DMLT me addmission process kya hai,general,information_seeking,medium
I am finding previous year question paper of Bsc nursing,exams,navigation,high
WHEN HE MEET AT,general,scheduling,medium
About pgdmlt course,courses,information_seeking,medium
Chest me pain hai mere mummy ko kon se department me dikhau,departments,information_seeking,high
du have any whatsapp mobile number,contact,information_seeking,medium
Is number pr lgataar well jaa rhi hai lekin phone receive nhi ho rha hai,contact,complaint,high
"Subject Complaint Regarding Poor Hygiene and Non-Functional Washrooms in Cardiology Department Respected Sir/Madam, I am writing to bring to your attention the poor hygiene conditions in the Cardiology Department, where my grandfather is currently admitted for bypass surgery. While the general cleanliness of the ward area is satisfactory, the condition of the male washrooms is extremely concerning. Out of five washrooms, only two are functional, forcing patients and attendants to stand in long queues despite the availability of facilities. The remaining washrooms are either damaged or unusable. Additionally, there is no handwash facility available inside the washrooms, which poses a serious hygiene risk, especially in a department dealing with cardiac patients. The washroom doors are damaged, and in some cases, there is no proper latch/lock from inside, causing inconvenience and lack of privacy. The wash basins are in very poor condition, with gutka stains and spit marks visible. In some areas, water is not draining properly. The waiting hall is also unhygienic, with visible stains on windows and basins. I understand that public behavior also contributes to such issues; however, it is the responsibility of hospital management to ensure proper maintenance and hygiene standards, particularly in a healthcare facility where infection control is critical. I kindly request you to take immediate corrective action to improve sanitation and ensure functional washroom facilities for patients and attendants. Thank you for your attention to this serious matter. Sincerely, Shivam Singh",departments,complaint,high
Information regarding phd in nursing,courses,information_seeking,medium
In which month admission taken in diploma in dentalhygienist,admissions,information_seeking,high
Are the department of medical gastroenterology and department of surgery gastroenterology same or different?,departments,information_seeking,high
Mujhe cardiology Dr. Se appointment kese milega,appointment,scheduling,high
i want to apply for bsc nursing,courses,information_seeking,medium
Ot technician ke leye form aa gaye kyaa,general,information_seeking,medium
Aapko kab pta chalega,general,scheduling,medium
Sir pharmacy ki vacancy kab aayegi,departments,scheduling,medium
kgmu nursing officer admit card,courses,information_seeking,high
Nursing tutor ka vacancy aane wala hai,courses,information_seeking,medium
Kgmu nursing officer exam 2026 kb tk hoge,exams,information_seeking,medium
I want to take an appointment for today,appointment,scheduling,medium
Ent specialist me Tuesday ko opd me kaun bithata hai,opd,information_seeking,high
What about paramedic courses,courses,information_seeking,medium
But their is diploma mujhe bachelor of dialysis therapy Krna h,courses,information_seeking,medium
Dr Garima Jaiswal,general,information_seeking,high
How can I take admission here in bmrit,admissions,information_seeking,medium
Bmrit ki kitni seats hai 2026 me,admissions,information_seeking,high
3 April 2026 good Friday hai ..opd open hogi aaj ?,opd,scheduling,medium
I want inffor bsc nursing?,courses,information_seeking,medium
Kgmu nursing exam date ??,exams,information_seeking,high
I would like to have covid vaccine,general,information_seeking,high
I want to know about the paramedical courses,courses,information_seeking,medium
When will be joining of assistant security officer expected ?,general,information_seeking,medium
How can i apply for psychology internship,career,information_seeking,high
when will the application forms for Mphil Clinical Psychology be out for 2025?,general,scheduling,high
Emergency appointment,appointment,scheduling,high
hey i want to know that in socme courses like bpt and bmlt we take addmisiion directly in kgmu,courses,information_seeking,medium
When is the date of Nursing officer exam,exams,scheduling,medium
When was nursing officer exam to be held,exams,information_seeking,medium
Dialysis technician ke post pe,general,information_seeking,high
Gastologist ke doctor kis din baithte hai,general,information_seeking,high
Mujhe GNM admission se related help chahiye,admissions,information_seeking,medium
Bsc in rediothiripy admision,courses,information_seeking,medium
what is bond amount for bsc nursing,courses,information_seeking,medium
How can we contact admission department,admissions,information_seeking,medium
Admission for bsc radiology,admissions,information_seeking,high
मुझे किडनी स्पेशलिस्ट से डॉ से दिखना है,general,information_seeking,medium
Blood report kaise dekhen,general,information_seeking,high
Sir pharmacist ka exam kb hoga,exams,information_seeking,medium
mai lari me dikhna chahta hoo kaise hoga,general,scheduling,high
Dr s.n kureel ka day kaun sa hai opd k liye,opd,information_seeking,high
Isiliye mai nhi diya but number same hai,contact,information_seeking,medium
Vacancy available hai kya,career,information_seeking,medium
is there a service available for consulting with rishi Shethi in the evening opd which is an exclusive opd as compare to general opd,opd,information_seeking,high
Hello sir ... I want addmission in kgmu for ot tecnician corse,general,information_seeking,high
Pdcc courses available …??,courses,information_seeking,high
Doctor pharmacy karne ke bad internship mein admission karaen,admissions,information_seeking,medium
नमस्ते मेरा नाम विनय चौधरी है मैं गोरखपुर का रहने वाला हूं मुझे न्यूरो के डॉक्टर से मिलना है उसके लिए मैं एक समय सुनिश्चित करना चाहता हूं जिससे मैं उनसे सलाह ले सकूं अपने आप को दिखा कर।,general,information_seeking,high
Non teaching staff vacancy result,exams,information_seeking,medium
Admission process for bpt course in 2026,admissions,information_seeking,medium
Lastest nursing tutor vacancy,courses,information_seeking,medium
Can i get information regarding the Classes of BDS first year. It would be very helpful if I can get the contact number of concerned person relating to administration of BDS first year. Kindly reply,contact,information_seeking,high
I want to book an appointment in urology department on Monday,appointment,scheduling,high
Dmlt karna chahte h aur uski last date kb h.,general,information_seeking,high
ENT Specialist panel,departments,information_seeking,high
Bsc radiology ka intrance online hota h?,departments,information_seeking,medium
King George's Medical University,general,information_seeking,medium
which department i should i book appointment for?,appointment,scheduling,high
Kgmu nursing officer exam please release notification,exams,information_seeking,high
mai maharashtra ki hu aur registration mp ka hai kya mai apply kr Sakti hu,appointment,information_seeking,medium
When the form application begins for admission of paramedical science in KGMU,admissions,scheduling,medium
Permanent pacemaker price,general,information_seeking,medium
27 /03/2026 Ko ram navmi ko avkash hai,general,scheduling,high
notic board no show this details,general,information_seeking,high
Kgmu lucknow nursing officer,courses,information_seeking,medium
Admission to MHA program,admissions,information_seeking,medium
Mujhe bsc nursing mein admission Lena hai,admissions,information_seeking,high
Mujhe ot technical course Krna hai,courses,information_seeking,high
Maam hamko nursing job ki jarurat hai vacancy hai,courses,information_seeking,medium
Kgmu nursing officer 2026 ka exam kab hoga,exams,information_seeking,medium
where i can find the result,exams,navigation,medium
Is hospital is open Tommorow?,general,scheduling,medium
Appointment for dr,appointment,scheduling,high
What was the cutoff in 2023,admissions,information_seeking,medium
Exam koi to idea hogaa,exams,information_seeking,medium
Can i ask information through RTI,general,information_seeking,high
does it has residential treament,general,information_seeking,high
App nahi hai iska jisse mai mere ko notification aa jaye addmission hone laga hai mere ko addmission Karna hai BMLT pls help mai choot na jau na Koi tarika batao 2026 me karna hai addmission,general,information_seeking,medium
Eye OPD kab khuli rahli hai,opd,scheduling,high
होंठ की प्लास्टिक सर्जरी करवाना है,general,information_seeking,medium
MAI AJAY KUMAR MERA SISTER KA MAIND KAM NAHI KAR RAHA HAI,general,information_seeking,high
In this link it does not show bsc mlt course,courses,information_seeking,medium
Flat nose ki surgery karwani hai,departments,information_seeking,high
where can i find the documents regarding diploma paramedical admissions,admissions,navigation,high
Entrance exam,admissions,information_seeking,medium
Nephrology mondy को open हैं,general,information_seeking,high
knee replacment robotic surgery is done in hospital,departments,information_seeking,high
MHA full details and exam 2026,exams,information_seeking,high
Mujhe dant main taar lagvana he,general,information_seeking,high
I want to know that is there any internship program,courses,information_seeking,medium
i want to book appointment,appointment,scheduling,medium
ANM Passed student are eligible,admissions,information_seeking,medium
Bsc ott admission chal raha hai ya nahi,admissions,information_seeking,medium
There is BMLT course for me,courses,information_seeking,medium
Is laptop a flap surgery,departments,information_seeking,high
Appointment neurology,appointment,scheduling,high
On which days does Dr Ml Patel Sir's OPD take place? please tell me,opd,information_seeking,high
How to get admission in KGMU?,admissions,information_seeking,medium
I need ointment dr Urmila dhakad,general,information_seeking,high
21 march opd open?,opd,scheduling,high
Opd last time,opd,scheduling,high
Tutor k lye kya process h,general,information_seeking,medium
WANT TO KNOW BSC RADIOLOGY INTRANCE EXAM,exams,information_seeking,high
What courses are available there?,courses,information_seeking,medium
Post basic bsc nursing course now available,courses,information_seeking,high
Before year kitna fees tha,fees,information_seeking,medium
Junior medical lab technician ka exam kb tk hoga,exams,information_seeking,high
Cardio technician me admition lena hai form kab tak aayega,general,information_seeking,medium
from where to do registration for addmission,appointment,navigation,medium
Paramedical ke liye bhi entrance exam dena hoga,admissions,information_seeking,high
kyaa kgmu m bpt ka course krne k liye direct addmission ho ra hai,courses,information_seeking,medium
I want to know about my pateint condition,general,information_seeking,high
ओपीडी का अपॉइंटमेंट चाहिए,general,scheduling,high
How can I get a appointment for cardiology department,appointment,scheduling,high
Appointment send us message kis number per Karen,appointment,scheduling,medium
Monday dr team detail of psychiatry,departments,information_seeking,high
Maine respiratory vibhag main dots ki dawa ke liye gaya tha unhone dawa suru karne se pahle kuch jaanch karwane ko bola tha jiska blood sample maine Saturday ko 9 apri ko de diya tha uski report mujhe kab tak milegi,departments,information_seeking,high
Appointment कैसे le,appointment,scheduling,high
Admission is open for bsc nursing,admissions,information_seeking,medium
I want to get admission en bsc radiology in kgmu,admissions,information_seeking,medium
sir hame appointment lena hai,appointment,scheduling,medium
Kab aur kis din baithte Hain doctors,general,scheduling,high
Admission kaise hoga is college me mbbs me,admissions,information_seeking,medium
"Wth 65% up board, general category up domicile, through abvmu will I get admission in bpt course?",admissions,information_seeking,medium
Please tell me dr. S Saxena day for eye opd,opd,scheduling,high
Baal rog me vivag me 12 saal ke bacche ko piliya hone par dikha sakte hai,general,information_seeking,high
Opd location,opd,navigation,high
क्या यहां पर पेशेंट को बुलाकर उनके साथ मजाक किया जाता है क्या 20-20 घंटा भूखा रखकर उनके जांच कराई जाती है 12 घंटा बोलते हैं और बैठ के रखे हैं यहां पर 7 घंटे से,general,complaint,high
How I addmission in diploma in rediography,courses,information_seeking,medium
Please tell me paramedical courses in the merit bas selection kaise hoga,courses,information_seeking,medium
Assistant professor ki salary kitni hoti hai,faculty,information_seeking,medium
I want to take appointment fir orthopaedics doctor pls help,appointment,scheduling,high
हाल में ही संपन्न हुई DMLT की पर8के,general,information_seeking,medium
26june ko avkash h kya,general,information_seeking,medium
Dental oppon,general,information_seeking,medium
I want OPD contact,opd,information_seeking,medium
Hmko MBBS me admission chahiye,admissions,information_seeking,high
Result for non teaching post requirements 2024,exams,information_seeking,medium
Opd registration form,opd,information_seeking,medium
How to I book appointment,appointment,scheduling,medium
..hii..can you tell me if your ..BPT course is done here ?,courses,information_seeking,medium
Kis din opd close rhegi 28 ke bad,opd,information_seeking,high
"Only for you, just tell me the name of the topic, it's okay",general,information_seeking,medium
To kya aap mdad karte hai,general,information_seeking,medium
Aapke college m baslp course h,courses,information_seeking,high
Kya 24 ghante k baad sab kuchh chargeable hota hai?,general,information_seeking,high
How can I take admission in diploma in physiotherapy,admissions,information_seeking,high
Kgmu me Cardiac Teqnician ke liye form kis month aayenge,general,information_seeking,high
16 cm Tb ganth ke liye kis doctor ko dikhaye,general,information_seeking,high
I want dr Bindu appointment,appointment,information_seeking,high
Old nursing officer exam peper chahiye,exams,information_seeking,medium
Kya hysterectomy ho jayega,general,information_seeking,high
Cardiology department opd tokan kaise le,opd,information_seeking,high
"Sir,,mujhe KJMU psychatrist department appointment chahiye",appointment,scheduling,high
Gynae me parcha kaise vanvaye,general,information_seeking,high
BPT form kb release hoga for admission in KGMU please share me information,admissions,information_seeking,medium
Details of bachelor of physiotherapy course,courses,information_seeking,high
Main yahan per kgmu mein patient Ko dikha raha hun jiska pathology report mujhe nahin mila hai main ise online Kahan Se download kar sakta hun dekh sakta hun kya Tarika Hai website per Koi detail nahin dikh raha hai,departments,information_seeking,high
हार्ट का ऑपरेशन भी होता ह कया आपके हॉस्पिटल मैं,general,information_seeking,high
B.sc nursing ke liye admission ke liye kya karna hoag,admissions,information_seeking,medium
Unable to log in,general,information_seeking,medium
Kgmu me asthma ka treatment hota hai,general,information_seeking,high
Kya post khali hai,general,information_seeking,medium
kya yaha par bsc in perfusion hota hain,courses,information_seeking,high
B.sc nursing form fill last date,courses,information_seeking,medium
Mujhe cardiologist m kl ka appointment book krna h,appointment,scheduling,high
When Admission form is released?,admissions,scheduling,medium
How to take addmission in dental hygiene,general,information_seeking,high
Admission process in msc in biochemistry,admissions,information_seeking,medium
LAB TECHNICIAN KA JO EXAM HOLD PE KAB TAK HOGA,exams,scheduling,high
Muje pharmacy me job chahiye,departments,information_seeking,medium
Oral Medicine & Radiology,departments,information_seeking,high
How will know where is examination centre and admit card,exams,navigation,medium
Who is md of this hospital,faculty,information_seeking,medium
Toh Web Me appointment Kaise ho Raha hai,appointment,information_seeking,high
I have a stone in my ureter ...which department I should prefer,departments,information_seeking,high
I want to take appointment for the patient,appointment,scheduling,medium
Professor om prakash singh joining date kya hai,faculty,scheduling,high
How can i book online appointment,appointment,information_seeking,high
pitt ki thaily me cancer hetu dr. name chahiye dikhane ke liye,general,information_seeking,high
Patient discharge ke sambandh mein,general,information_seeking,high
aur bachelor of physiotherapy me kitni seats h aur admission ka kya orocess h for session 2026 27,admissions,information_seeking,high
Today gasto opd mai kis doctor ka din hai,opd,information_seeking,high
Medician free milti h ya nhi,general,information_seeking,high
पैथोलॉजी डिपार्मेंट में ऑनलाइन लब रिपोर्ट्स कहीं पर नहीं दिख रहा है,general,information_seeking,high
Mujhe admission lena h,admissions,information_seeking,medium
दौड़ लगाने के समय मुझे पिंडली मे दर्द शुरु हुआ और दर्द को एक महीना हो गया दर्द घुटने और पंजे मे फैल गया है,general,complaint,high
Piliya ka ilaj baal rog vivag me hota hai,general,information_seeking,high
Mai ragistration karbana chahata hu,general,scheduling,high
Doctor owais ahmad,general,information_seeking,high
Kgmu nursing officer exam kab tak ho skta h,exams,information_seeking,medium
Dipartment of psychetric ke under mai Krna hai,general,information_seeking,high
Discharge documents lost,general,information_seeking,medium
SIR Mai massage likhar bheja tha but koi reply nhi aaya,general,information_seeking,medium
"I want to join dental mecanic course, so what is the criteria",courses,information_seeking,medium
Is tab sensimune available at pharmacy,departments,information_seeking,medium
Mujhe OPD mein dikhana hai,opd,information_seeking,high
"Mere pass uhid hai , purana appointment expire ho gaya hai , to kya mai follow up appointment le sakta hu",appointment,information_seeking,high
Technician course,courses,information_seeking,medium
Online appointment,appointment,scheduling,medium
Kgmu nursing exam 2025 scdulled chehey,exams,information_seeking,medium
I need appointment for my wife I 'm looking for permology department,appointment,scheduling,high
Aaj opd hogi kgmu me,opd,scheduling,high
Level 5,general,information_seeking,medium
Bsc radiotherapy k liye paramedical exam hota hai,exams,information_seeking,high
Date of practical of pcpndt cbt exam held on 6sep,exams,scheduling,medium
When will exam of nursing officers be conducted.,exams,scheduling,high
Dr Suneet kumar jureil availability,general,information_seeking,high
Kgmu ovuloplastic prosthetic eye,general,information_seeking,high
addmision date,general,information_seeking,medium
KGMU me dental technician form kb niklte hai,general,information_seeking,medium
Cms is not picking my phone,contact,complaint,medium
Kgmu afflicted private nursing college,courses,information_seeking,medium
I want to know the exam date for nursing officer recruitment 2025,exams,scheduling,medium
Respiratory medicine,departments,information_seeking,high
I am looking to apply for observership programme for 2nd year mbbs pursuant,courses,information_seeking,medium
Which days open demartology department,departments,scheduling,high
kitne percentage 12th me chahiye BSc nursing course ke liye KGMU se,courses,information_seeking,medium
On line appointment,appointment,information_seeking,high
can u plz provide me detail of respiratory medicine department,departments,information_seeking,high
Mere pita ji ke sar mein chot lag jane ke karan unke Dimag mein blood jam gya hai,general,information_seeking,high
"Date 24,25,26,27,28",general,scheduling,high
Mujhe apne eye test karana h to uske liye online appointment kaise le,appointment,information_seeking,high
क्या may gnm ker सकता hu,general,information_seeking,medium
Post basic Bsc nursing,courses,information_seeking,medium
Lari mai dikhana hai,general,information_seeking,high
Badi pathology kitte bhaje khulti h,departments,information_seeking,high
Vacancy of staff nurse.,faculty,information_seeking,high
Prospectus for bpt,general,information_seeking,medium
Admit card kab download honge mso k liye,general,information_seeking,medium
Bachelor of hospitala adminstration,general,information_seeking,medium
ot assistant exam result,exams,information_seeking,medium
Cardiology diploma course,departments,information_seeking,high
Kanpur exam centre,exams,information_seeking,medium
Registration form for MBBS degree,appointment,information_seeking,medium
Shah waliullah sir konse din dekhte hai,general,information_seeking,medium
Please tell me the room no and floor ?,general,navigation,high
Doctor details and Roo number,contact,information_seeking,high
BPT ADMISSION 2026,admissions,information_seeking,medium
Today is 5 june 2026 Friday,general,information_seeking,medium
Is there any other way apart from this ?,general,information_seeking,medium
admission form,admissions,information_seeking,medium
Dental ke liye appointment and location gate number,appointment,information_seeking,high
Kgmu pharmacist grade 2 ka result kab aayenga,exams,scheduling,high
Please share contact number,contact,information_seeking,high
Mri technician diploma,courses,information_seeking,medium
Appointment for dental,appointment,scheduling,medium
This year,general,information_seeking,medium
Dmlt k addmission kb honge,general,information_seeking,medium
न्यूरोसेर्जरी के डॉक्टर का नंबर चाहिए,general,information_seeking,high
I asked Multiple posts requirement exam result held on 14 November 2025,exams,information_seeking,high
CARDIOLOGY APPOINTMENT,appointment,scheduling,high
Dr प्रोफेसर,general,information_seeking,medium
Neet me kitne number ho to admission ho jaye ga,admissions,information_seeking,medium
Result of non-teaching staff,exams,information_seeking,medium
My right hand Palm and finger are not developed,general,complaint,high
Fecal calprotein test is available?,general,information_seeking,medium
mujhe btao ki MBBS ki seats kitni hai admission k time,admissions,scheduling,medium
Contact number or link,contact,information_seeking,high
hellp sangh priy gautam,general,information_seeking,high
Opd में दिखाने के लिये कौन कागज आवश्यक हैं,opd,information_seeking,high
Darect addmision kasa hoga,general,information_seeking,high
Kya hospital mey emergency mey neurologist or spine ke doctor hamesha rahte hai,departments,information_seeking,high
My 13th grade is 64,exams,information_seeking,high
How to diploma in optometry in kgmu,courses,information_seeking,medium
How can i get my acknowledgement slip,general,information_seeking,high
Nursing officer exam date 2025,exams,scheduling,high
Bhai kuchh karo yarr number dedo mujhe,contact,scheduling,high
When will the admissions process start for M phil Clinical Psychology for session2025-26,admissions,scheduling,high
How to take appointment?,appointment,scheduling,medium
Website open kiye hai to kaha form fill karne wala aayega in hindi,contact,information_seeking,medium
How to apply addmission,career,information_seeking,medium
How to consult opd docter for cardiology,opd,information_seeking,high
Mbbs me admission kaise hoga,admissions,information_seeking,medium
shiuli rathore ka photo,general,information_seeking,high
Abmu dwarf Jo exam conduct Kariya Jatan h use jariye admission ho sakta h,admissions,information_seeking,high
Kgmu opd opthalmology department me Tuesday ko kon doctor baithe hai,opd,information_seeking,high
I want to know about when will be KGMU computer programmer DV date announce,courses,scheduling,high
how can I apply?,career,information_seeking,medium
Mujhe aaj ood mei patient dikhana h,general,information_seeking,medium
KYA PROCESS HAI?,general,information_seeking,high
WHO ARE HOD OF BLOOD BANK,faculty,information_seeking,high
I want the appointment,appointment,scheduling,medium
Liari ka appointment Lena h,appointment,scheduling,medium
BPT COURSE MA ADMISSION CHAYIYA 2026,admissions,information_seeking,medium
Skin specialist se OPD mai कैसे दिखाएं,opd,navigation,high
Skin dr. Toady,general,information_seeking,high
I want know about dr Rajkumar Maurya,general,information_seeking,high
Nephrologist,general,information_seeking,high
Give me mbbs curriculum year wise,courses,information_seeking,medium
I want to book a appointment,appointment,scheduling,medium
Emergency trauma care technician diploma hai mere paas,courses,information_seeking,high
Contact of Medical Superintendent office KGMU,contact,information_seeking,high
What is the fee of foreign students studying MBBS,fees,information_seeking,medium
Kya counselling session ke liye Paise Dene hote h,admissions,information_seeking,high
Agar mujhe KGMU aakar Mri technician ke course ke liye admission karana hai to kaha aana padega waha?,admissions,navigation,high
"There is a lot of difficulty in getting leave in Queen Maria Medical College and the steps are being taken here, there is a request for our help and they are making the excuse of step saver for walking and there is a huge crowd of people for help and they are not getting the permission card for leave help me",general,complaint,high
NMC registration for post graduates,appointment,information_seeking,medium
Paramedical form kab nikalega,courses,scheduling,medium
Non teaching recruitment result kab aayega,exams,scheduling,high
Eligibility to form,admissions,information_seeking,medium
i need to book an appointment in plastic surgery department on Monday please help me to do so,appointment,scheduling,high
B.pharma mai admissions kaisai le,admissions,information_seeking,medium
Pyq question,general,information_seeking,medium
Can you give me your bsc courses,courses,information_seeking,medium
Blood report kis website se download hoga,contact,information_seeking,high
"I m a student of gmc basti which is attached to kgmu ,I need Provisional degree, how can I apply for it",courses,information_seeking,medium
About admission,admissions,information_seeking,medium
Upcoming nursing officer exam date,exams,scheduling,medium
Pbbsc kgmu mein hai y nhi,general,information_seeking,medium
Can other state students also get admission in kgmu,admissions,information_seeking,medium
Bsc nursing application form last date kiya hai,courses,information_seeking,medium
Isme admission kese le sakte hai,admissions,information_seeking,medium
6 june 2026 saturday ko new OPD open hogi,opd,scheduling,high
Kya yah room number 224 Hai jise metrology department ke color ki baat karne hai yah kya room number 224 hai kya jaisa vah Bata rahe hain ki roll number 224 mein pata karo aur sath hi aap yah bataiye main dusre state ka hun main Bihar state ke Siwan jile ka hun aur mera ilaaj Lucknow jile ke kgmu mein chal raha hai is hospital mein to fir mujhe chief minister relief fund ka fayda milega,departments,information_seeking,medium
Pg result of MD Pharma,exams,information_seeking,medium
fee for mbbs in detail,fees,information_seeking,medium
Patli letrine ho rahi hai kise dikhaye,general,information_seeking,high
For admission purpose,admissions,information_seeking,medium
I want to get my MRI of right knee done,general,information_seeking,high
bpt admission process,admissions,information_seeking,medium
I was contact to blood report test office. Im confirm my blood group that sit,contact,information_seeking,high
On Which date admission start,admissions,information_seeking,medium
Forigen person ho to,general,information_seeking,high
Mai naukari karna chahta hu KGMU Lucknow me,general,information_seeking,medium
When will the admission form released,admissions,information_seeking,medium
How I prepare for dental hygienist exam,exams,information_seeking,medium
librarian notification,general,information_seeking,medium
Namaste sir mai yuraj pal kgmu me msc in public health course ka detail lena chata hu,courses,information_seeking,medium
Rajesh Verma kab baithte hai,general,information_seeking,high
Hi ops timing for tomorrow,general,information_seeking,high
When admission started for mpil clinical psychology,admissions,scheduling,medium
Is there any pharmacist vacancy is available in kgmu,departments,information_seeking,medium
Mujhe appointment chahiye,appointment,scheduling,medium
Provide email id for kgmu recruitment cell,career,information_seeking,high
Aaj OPD khulega,opd,information_seeking,high
When nursing officer exam will,exams,scheduling,high
Mujhe yellow fever vaccination lena hai aap jankari me kya help kr sakti,general,information_seeking,high
When I can visit orthodontic opd,opd,scheduling,medium
Hlo sir mujhe pgdmlt course me admission lena hai to kya process hai,admissions,information_seeking,medium
Addmission brocher for session 2025-26 in MHA program,courses,information_seeking,medium
Location Unnao but death lucknow kgmu,campus,navigation,high
Kya aaj opd hogi,opd,scheduling,medium
Apoiment opd cardiologist,opd,information_seeking,medium
M.sc. nursing 2nd year supply 2026 result,exams,information_seeking,medium
Pcm se technician radiology nahi hoga kya,departments,information_seeking,high
Dmlt admission open 2026,admissions,information_seeking,medium
Knee replacement charges,fees,information_seeking,high
Mujhe 2022mey jo cho ka 6 mouth traning key bad exam hua tha uski marksheet download layesey karey,exams,information_seeking,medium
Skin department me abhi kaun se dr hai and kab milte hai opd me,opd,information_seeking,high
Mujhe panch aur teen mm ka pathri hai kya ilaaj ho jaega mere donon kidney mein pathri Hai 5 minut ka kya ilaaj ho jaega kya pathari ka ilaj ho jayega,general,information_seeking,high
B.sc nursing,courses,information_seeking,medium
Ek nursing exam panding hai uska exam kab hoga,exams,information_seeking,medium
Apke yaha admission date hai kya,admissions,information_seeking,medium
Ent appointment,appointment,scheduling,high
Opd tomorrow,opd,information_seeking,medium
Bsc nursing karna hai,courses,information_seeking,medium
6 april 2026 ki appointment plz sir,appointment,scheduling,high
kya bsc in cardiology techinician hota hain,departments,information_seeking,high
Lever related doctor,general,information_seeking,high
Best cardiologist doctor in kgmu,general,information_seeking,high
Ye number nhi uth rahe h,contact,complaint,medium
Dental hygienist mai addmission kab start honge ?,general,information_seeking,medium
Diploma course ki fees kitne hai,fees,information_seeking,medium
regarding deemand draft required for nursing tutor,courses,information_seeking,medium
Which nursing courses are available in this college,courses,information_seeking,high
Gale me laar ghutne me diikt ho rhi h kis dr. Ko dikhaye,general,information_seeking,high
How to book opd appointment,opd,information_seeking,high
assistant professor job in department of Psychiatry,faculty,information_seeking,high
MERA ADMITCARDNAHI NIKAL EHA,general,information_seeking,medium
Recruitment regarding,career,information_seeking,high
Medical course,courses,information_seeking,high
Dmlt ya bmlt ka admission kab start hoga,admissions,scheduling,medium
When is kgmu nursing officer exam in july,exams,scheduling,medium
Oppointment kaise book kare,appointment,scheduling,high
FACULTY RECRUITMENT,faculty,information_seeking,medium
Namste gynecologist me kaise dikha sakte hai petient ko,general,information_seeking,medium
Gesto vibhag me Wednesday ko kon kon se doctor baithenge,departments,information_seeking,high
Immunology Clinic,general,information_seeking,high
OPD बवासीर,opd,information_seeking,medium
Dialysis job,career,information_seeking,high
Nursing tutor interview 25th july is postponed or not please suggest.,courses,information_seeking,medium
APPOINTMENT NAHIN BOOK HO RAHA HAI,appointment,scheduling,medium
Requirment for Lab Technician,general,information_seeking,medium
I want to take admission on your university,admissions,information_seeking,medium
I am colour blind can I do mbbs,courses,information_seeking,high
"Ohk sir , plz tell me how I connect KGMU",general,information_seeking,medium
Where is the notice regarding admission in bpt course for 2026,admissions,information_seeking,high
Admit card for nursing officer,courses,information_seeking,medium
How to i book appointment for OPD orthopedic,opd,scheduling,high
admission for bds,admissions,information_seeking,high
Holiday list 2026,general,information_seeking,medium
बिना NEET के कौन से मेडिकल कोर्स KGMU कराता है,admissions,information_seeking,medium
result,exams,information_seeking,high
What is the registration charge,appointment,information_seeking,medium
Bihar se hu admission le liya kya kya chahiye,admissions,information_seeking,medium
Online altrasound ka report kase nikale,general,information_seeking,high
kya Aaj kjmu khula hai,general,information_seeking,high
I have to consult doctor for my brain issues which one is good? And which day or timing,general,scheduling,high
Online booking ke baad ka process btao,general,information_seeking,medium
Sar is College mein kitni seaten Hain nar general ke liye,admissions,information_seeking,medium
Kya aap hair transplant kar sakte hai,general,information_seeking,high
Aaj laari opd open hogi ya nahi,opd,scheduling,high
How can I book an appointment for E N T specialist,appointment,scheduling,high
I want to book nepro appointmeng,appointment,information_seeking,high
I need to get admitted in neurosurgery department for treatment,departments,information_seeking,high
रिस्पेक्टेड सर मुझे लारी में एक अपॉइंटमेंट चाहिए क्या मिल सकता है,general,information_seeking,medium
Which is best doctor for osmf stage 4 surgery,departments,information_seeking,high
In bsc nursing course,courses,information_seeking,medium
How poor people will handle dialysis even though we don't have ayushman card and not eligible for ayushman can they do free dialysis?,admissions,information_seeking,high
What will be the syllabus of the exam?,exams,information_seeking,high
Dr sarad Chandra ko dikhana,general,information_seeking,high
Today medicinal gastroentrology department is open or not?,departments,scheduling,high
How to know about enroll in bsc nursing in kgmu,courses,information_seeking,high
Courses?,courses,information_seeking,medium
My mother had osteoporosis but now it has become osteopenia which department should i go in opd,opd,information_seeking,high
How to apply for paramedical course,courses,information_seeking,medium
Admission process??,admissions,information_seeking,medium
Nursing officer exam date kb aayegi,exams,scheduling,medium
Nursing examination date of form 2025 recruitment,exams,information_seeking,medium
Kgmu lucknow ent me dekhana hai,departments,navigation,high
Kgmu nursing officer ka exam kb hoga,exams,information_seeking,medium
